[{"name":"最近更新","url":"https://www.2shu8.cc/last1.htm"},{"name":"奇幻","url":"https://www.2shu8.cc/qihuan/1/"},{"name":"玄幻","url":"https://www.2shu8.cc/xuanhuan/1/"},{"name":"言情","url":"https://www.2shu8.cc/yanqing/1/"},{"name":"都市","url":"https://www.2shu8.cc/dushi/1/"},{"name":"遊戲","url":"https://www.2shu8.cc/youxi/1/"},{"name":"競技","url":"https://www.2shu8.cc/jingji/1/"},{"name":"武俠","url":"https://www.2shu8.cc/wuxia/1/"},{"name":"修真","url":"https://www.2shu8.cc/xiuzhen/1/"},{"name":"歷史","url":"https://www.2shu8.cc/lishi/1/"},{"name":"軍事","url":"https://www.2shu8.cc/junshi/1/"},{"name":"科幻","url":"https://www.2shu8.cc/kehuan/1/"},{"name":"靈異","url":"https://www.2shu8.cc/lingyi/1/"},{"name":"同人","url":"https://www.2shu8.cc/tongren/1/"},{"name":"校園","url":"https://www.2shu8.cc/xiaoyuan/1/"},{"name":"官場","url":"https://www.2shu8.cc/guanchang/1/"},{"name":"商戰","url":"https://www.2shu8.cc/shangzhan/1/"},{"name":"職場","url":"https://www.2shu8.cc/zhichang/1/"},{"name":"二次元","url":"https://www.2shu8.cc/erciyuan/1/","nonovels":true},{"name":"其他","url":"https://www.2shu8.cc/qita/1/"}]
