[{"name":"原創專區","url":"http://post.91baby.com/forum.php?mod=forumdisplay&fid=201","catId":"201","more":true,"subs":[{"name":"全部","url":""},{"name":"現代言情","url":"&typeid=651"},{"name":"古代言情","url":"&typeid=653"},{"name":"穿越重生","url":"&typeid=659"},{"name":"懸疑科幻","url":"&typeid=655"},{"name":"散文詩集","url":"&typeid=665"}]},{"name":"美文共賞","url":"http://post.91baby.com/forum.php?mod=forumdisplay&fid=200","catId":"200","more":true,"subs":[{"name":"全部","url":""},{"name":"小說傳記","url":"&typeid=389"},{"name":"詩歌散文","url":"&typeid=638"},{"name":"兒童文學","url":"&typeid=640"},{"name":"哲學宗教","url":"&typeid=642"},{"name":"古文鑑賞","url":"&typeid=644"},{"name":"歷史典籍","url":"&typeid=646"},{"name":"古典神話","url":"&typeid=648"},{"name":"雜文精選","url":"&typeid=650"}]},{"name":"天天讀好書","url":"http://post.91baby.com/forum.php?mod=forumdisplay&","more":true,"subs":[{"name":"言情","url":"fid=171","catId":"171"},{"name":"穿越","url":"fid=209","catId":"209"},{"name":"懸疑","url":"fid=210","catId":"210"},{"name":"仙俠","url":"fid=212","catId":"212"}]}]
