[{"name":"完本","url":"https://www.06ak.com/quanben/list/"},{"name":"全部","url":"https://www.06ak.com/list/"},{"name":"玄幻","url":"https://www.06ak.com/list/xuanhuan/1/"},{"name":"武俠","url":"https://www.06ak.com/list/wuxia/1/"},{"name":"都市","url":"https://www.06ak.com/list/dushi/1/"},{"name":"歷史","url":"https://www.06ak.com/list/lishi/1/"},{"name":"游戲","url":"https://www.06ak.com/list/youxi/1/"},{"name":"科幻","url":"https://www.06ak.com/list/kehuan/1/"},{"name":"其他","url":"https://www.06ak.com/list/qita/1/"}]
