[{"name":"完本","url":"https://101kanshu.com/novels/","more":true,"subs":[{"name":"全部分類","url":"full/0_1.html"},{"name":"玄幻奇幻","url":"full/1_1.html"},{"name":"武俠仙俠","url":"full/2_1.html"},{"name":"現代都市","url":"full/3_1.html"},{"name":"歷史軍事","url":"full/4_1.html"},{"name":"科幻小說","url":"full/5_1.html"},{"name":"遊戲競技","url":"full/6_1.html"},{"name":"恐怖靈異","url":"full/7_1.html"},{"name":"言情小說","url":"full/8_1.html"},{"name":"動漫同人","url":"full/9_1.html"},{"name":"其他類型","url":"full/10_1.html"}]},{"name":"全部分類","url":"https://101kanshu.com/novels/class/0_1.html"},{"name":"玄幻奇幻","url":"https://101kanshu.com/novels/class/1_1.html"},{"name":"武俠仙俠","url":"https://101kanshu.com/novels/class/2_1.html"},{"name":"現代都市","url":"https://101kanshu.com/novels/class/3_1.html"},{"name":"歷史軍事","url":"https://101kanshu.com/novels/class/4_1.html"},{"name":"科幻小說","url":"https://101kanshu.com/novels/class/5_1.html"},{"name":"遊戲競技","url":"https://101kanshu.com/novels/class/6_1.html"},{"name":"恐怖靈異","url":"https://101kanshu.com/novels/class/7_1.html"},{"name":"言情小說","url":"https://101kanshu.com/novels/class/8_1.html"},{"name":"動漫同人","url":"https://101kanshu.com/novels/class/9_1.html"},{"name":"其他類型","url":"https://101kanshu.com/novels/class/10_1.html"}]
