[{"name":"耽美作者","url":"https://www.256wx.net/writer/","more":true,"subs":[{"name":"耽美作者","url":""},{"name":"言情作者","url":"yanqing/"}]},{"name":"現代耽美","url":"https://www.256wx.net/xiandai/"},{"name":"古代架空","url":"https://www.256wx.net/jiakong/"},{"name":"穿越重生","url":"https://www.256wx.net/chuanyue/"},{"name":"BL同人","url":"https://www.256wx.net/bltongren/"},{"name":"GL百合","url":"https://www.256wx.net/glbaihe/"},{"name":"玄幻科幻","url":"https://www.256wx.net/xuanhuan/"},{"name":"都市言情","url":"https://www.256wx.net/yanqing/"},{"name":"古代言情","url":"https://www.256wx.net/gudaiyanqing/"}]
