[{"name":"現代耽美","url":"https://www.256wx.org/xiandai/"},{"name":"古代架空","url":"https://www.256wx.org/jiakong/"},{"name":"穿越重生","url":"https://www.256wx.org/chuanyue/"},{"name":"BL同人","url":"https://www.256wx.org/bltongren/"},{"name":"GL百合","url":"https://www.256wx.org/glbaihe/"},{"name":"玄幻科幻","url":"https://www.256wx.org/xuanhuan/"},{"name":"都市言情","url":"https://www.256wx.org/yanqing/"},{"name":"古代言情","url":"https://www.256wx.org/gudaiyanqing/"}]
