[{"name":"全本小說","url":"https://www.2mcnxs.com/quanben/"},{"name":"玄幻奇幻","url":"https://www.2mcnxs.com/xuanhuan/"},{"name":"武俠修真","url":"https://www.2mcnxs.com/wuxia/"},{"name":"都市言情","url":"https://www.2mcnxs.com/yanqing/"},{"name":"歷史軍事","url":"https://www.2mcnxs.com/lishi/"},{"name":"偵探推理","url":"https://www.2mcnxs.com/zhentan/"},{"name":"網遊競技","url":"https://www.2mcnxs.com/wangyou/"},{"name":"科幻小說","url":"https://www.2mcnxs.com/kehuan/"},{"name":"恐怖靈異","url":"https://www.2mcnxs.com/kongbu/"},{"name":"其他小說","url":"https://www.2mcnxs.com/othersbooks/"}]
