[{"name":"書庫","url":"https://www.32995.com/all/index.html"},{"name":"完本","url":"https://www.32995.com/finish/"},{"name":"仙俠武俠","url":"https://www.32995.com/san451/"},{"name":"都市重生","url":"https://www.32995.com/san452/"},{"name":"科幻未來","url":"https://www.32995.com/san453/"},{"name":"女生言情","url":"https://www.32995.com/san454/"},{"name":"遊戲競技","url":"https://www.32995.com/san455/"},{"name":"歷史軍事","url":"https://www.32995.com/san456/"},{"name":"靈異懸疑","url":"https://www.32995.com/san457/"},{"name":"玄幻奇幻","url":"https://www.32995.com/san458/"},{"name":"二次元","url":"https://www.32995.com/san459/"}]
