[{"name":"完本","url":"","more":true,"subs":[{"name":"男生","url":"https://www.38xs.com/shuku/","more":true,"subs":[{"name":"玄幻","url":"0_1_2_1.html"},{"name":"奇幻","url":"0_2_2_1.html"},{"name":"武俠","url":"0_3_2_1.html"},{"name":"都市","url":"0_4_2_1.html"},{"name":"歷史","url":"0_5_2_1.html"},{"name":"軍事","url":"0_6_2_1.html"},{"name":"懸疑","url":"0_7_2_1.html"},{"name":"遊戲","url":"0_8_2_1.html"},{"name":"科幻","url":"0_9_2_1.html"}]},{"name":"女生","url":"https://www.38xs.com/shuku/","more":true,"subs":[{"name":"體育","url":"0_10_2_1.html"},{"name":"古言","url":"0_11_2_1.html"},{"name":"現言","url":"0_12_2_1.html"},{"name":"幻言","url":"0_13_2_1.html"},{"name":"仙俠","url":"0_14_2_1.html"},{"name":"青春","url":"0_15_2_1.html"},{"name":"穿越","url":"0_16_2_1.html"},{"name":"女生","url":"0_17_2_1.html"},{"name":"其他","url":"0_18_2_1.html"}]}]},{"name":"男生","url":"https://www.38xs.com/shuku/","more":true,"subs":[{"name":"玄幻","url":"0_1_0_1.html"},{"name":"奇幻","url":"0_2_0_1.html"},{"name":"武俠","url":"0_3_0_1.html"},{"name":"都市","url":"0_4_0_1.html"},{"name":"歷史","url":"0_5_0_1.html"},{"name":"軍事","url":"0_6_0_1.html"},{"name":"懸疑","url":"0_7_0_1.html"},{"name":"遊戲","url":"0_8_0_1.html"},{"name":"科幻","url":"0_9_0_1.html"}]},{"name":"女生","url":"https://www.38xs.com/shuku/","more":true,"subs":[{"name":"體育","url":"0_10_0_1.html"},{"name":"古言","url":"0_11_0_1.html"},{"name":"現言","url":"0_12_0_1.html"},{"name":"幻言","url":"0_13_0_1.html"},{"name":"仙俠","url":"0_14_0_1.html"},{"name":"青春","url":"0_15_0_1.html"},{"name":"穿越","url":"0_16_0_1.html"},{"name":"女生","url":"0_17_0_1.html"},{"name":"其他","url":"0_18_0_1.html"}]}]
