[{"name":"完本","url":"https://sto555.com/fulltop/","more":true,"subs":[{"name":"全部分類","url":"0.html"},{"name":"玄幻魔法","url":"1.html"},{"name":"修真武俠","url":"2.html"},{"name":"現代都市","url":"3.html"},{"name":"歷史軍事","url":"4.html"},{"name":"遊戲競技","url":"5.html"},{"name":"科幻小說","url":"6.html"},{"name":"恐怖靈異","url":"7.html"},{"name":"言情小說","url":"8.html"},{"name":"其他小說","url":"9.html"}]},{"name":"全部分類","url":"https://sto555.com/top/0.html"},{"name":"玄幻魔法","url":"https://sto555.com/top/1.html"},{"name":"修真武俠","url":"https://sto555.com/top/2.html"},{"name":"現代都市","url":"https://sto555.com/top/3.html"},{"name":"歷史軍事","url":"https://sto555.com/top/4.html"},{"name":"遊戲競技","url":"https://sto555.com/top/5.html"},{"name":"科幻小說","url":"https://sto555.com/top/6.html"},{"name":"恐怖靈異","url":"https://sto555.com/top/7.html"},{"name":"言情小說","url":"https://sto555.com/top/8.html"},{"name":"其他小說","url":"https://sto555.com/top/9.html"}]
