[{"name":"作者","url":"https://www.52shuku.net/","more":true,"subs":[{"name":"耽美","url":"zuozhe/"},{"name":"言情","url":"zuozhe/yanqing.html"},{"name":"恐怖","url":"zuozhe/kongbu.html"},{"name":"推理","url":"zuozhe/tuili.html"},{"name":"文體細分","url":"tuijian/wenti.html"},{"name":"內外文學","url":"zuozhe/wenxue.html"}]},{"name":"現代都市","url":"https://www.52shuku.net/xiandaidushi/"},{"name":"穿越重生","url":"https://www.52shuku.net/chongsheng/"},{"name":"古代架空","url":"https://www.52shuku.net/jiakong/"},{"name":"綜漫同人","url":"https://www.52shuku.net/bl/"},{"name":"GL百合","url":"https://www.52shuku.net/gl/"},{"name":"言情精選","url":"https://www.52shuku.net/yanqing/"},{"name":"甜寵文","url":"https://www.52shuku.net/tuijian/chongwentianwen/"},{"name":"懸疑推理","url":"https://www.52shuku.net/tuili/"},{"name":"文學著作","url":"https://www.52shuku.net/wenxue/"},{"name":"恐怖靈異","url":"https://www.52shuku.net/kongbulingyi/"}]
