[{"name":"完本","url":"https://69shuba.cx/blist/full/","more":true,"subs":[{"name":"全部分類","url":"0.htm"},{"name":"言情小說","url":"3.htm"},{"name":"玄幻魔法","url":"1.htm"},{"name":"修真武俠","url":"2.htm"},{"name":"穿越時空","url":"11.htm"},{"name":"都市小說","url":"9.htm"},{"name":"曆史軍事","url":"4.htm"},{"name":"遊戲競技","url":"5.htm"},{"name":"科幻空間","url":"6.htm"},{"name":"懸疑驚悚","url":"7.htm"},{"name":"同人小說","url":"8.htm"},{"name":"官場職場","url":"10.htm"},{"name":"青春校園","url":"12.htm"}]},{"name":"全部分類","url":"https://69shuba.cx/blist/class/0.htm"},{"name":"言情小說","url":"https://69shuba.cx/blist/class/3.htm"},{"name":"玄幻魔法","url":"https://69shuba.cx/blist/class/1.htm"},{"name":"修真武俠","url":"https://69shuba.cx/blist/class/2.htm"},{"name":"穿越時空","url":"https://69shuba.cx/blist/class/11.htm"},{"name":"都市小說","url":"https://69shuba.cx/blist/class/9.htm"},{"name":"曆史軍事","url":"https://69shuba.cx/blist/class/4.htm"},{"name":"遊戲競技","url":"https://69shuba.cx/blist/class/5.htm"},{"name":"科幻空間","url":"https://69shuba.cx/blist/class/6.htm"},{"name":"懸疑驚悚","url":"https://69shuba.cx/blist/class/7.htm"},{"name":"同人小說","url":"https://69shuba.cx/blist/class/8.htm"},{"name":"官場職場","url":"https://69shuba.cx/blist/class/10.htm"},{"name":"青春校園","url":"https://69shuba.cx/blist/class/12.htm"}]
