[{"name":"完本","url":"https://www.69shuba.pro/novels/full/","more":true,"subs":[{"name":"全部分類","url":"0.htm"},{"name":"言情小說","url":"3.htm"},{"name":"玄幻魔法","url":"1.htm"},{"name":"修真武俠","url":"2.htm"},{"name":"穿越時空","url":"11.htm"},{"name":"都市小說","url":"9.htm"},{"name":"歷史軍事","url":"4.htm"},{"name":"遊戲競技","url":"5.htm"},{"name":"科幻空間","url":"6.htm"},{"name":"懸疑驚悚","url":"7.htm"},{"name":"同人小說","url":"8.htm"},{"name":"官場職場","url":"10.htm"},{"name":"青春校園","url":"12.htm"}]},{"name":"最近更新","url":"https://www.69shuba.pro/last"},{"name":"全部分類","url":"https://www.69shuba.pro/novels/class/0.htm"},{"name":"言情小說","url":"https://www.69shuba.pro/novels/class/3.htm"},{"name":"玄幻魔法","url":"https://www.69shuba.pro/novels/class/1.htm"},{"name":"修真武俠","url":"https://www.69shuba.pro/novels/class/2.htm"},{"name":"穿越時空","url":"https://www.69shuba.pro/novels/class/11.htm"},{"name":"都市小說","url":"https://www.69shuba.pro/novels/class/9.htm"},{"name":"歷史軍事","url":"https://www.69shuba.pro/novels/class/4.htm"},{"name":"遊戲競技","url":"https://www.69shuba.pro/novels/class/5.htm"},{"name":"科幻空間","url":"https://www.69shuba.pro/novels/class/6.htm"},{"name":"懸疑驚悚","url":"https://www.69shuba.pro/novels/class/7.htm"},{"name":"同人小說","url":"https://www.69shuba.pro/novels/class/8.htm"},{"name":"官場職場","url":"https://www.69shuba.pro/novels/class/10.htm"},{"name":"青春校園","url":"https://www.69shuba.pro/novels/class/12.htm"}]
