[{"name":"完結","url":"https://69shuba.tw/quanben/fenlei/"},{"name":"玄幻","url":"https://69shuba.tw/fenlei/xuanhuan/1/"},{"name":"仙俠","url":"https://69shuba.tw/fenlei/wuxia/1/"},{"name":"都市","url":"https://69shuba.tw/fenlei/dushi/1/"},{"name":"歷史","url":"https://69shuba.tw/fenlei/lishi/1/"},{"name":"遊戲","url":"https://69shuba.tw/fenlei/youxi/1/"},{"name":"科幻","url":"https://69shuba.tw/fenlei/kehu/1/"},{"name":"言情","url":"https://69shuba.tw/fenlei/yanqing/1/"},{"name":"同人","url":"https://69shuba.tw/fenlei/tongren/1/"}]
