[{"name":"排行榜","url":"https://www.69shu.us/top/","more":true,"subs":[{"name":"總排行榜","url":"allvisit/"},{"name":"月排行榜","url":"monthvisit/"},{"name":"周排行榜","url":"weekvisit/"},{"name":"總推薦榜","url":"allvote/"},{"name":"月推薦榜","url":"monthvote/"},{"name":"周推薦榜","url":"weekvote/"},{"name":"最新入庫","url":"postdate/"},{"name":"總收藏榜","url":"goodnum/"},{"name":"字數排行","url":"size/"},{"name":"本站推薦","url":"toptime/"}]},{"name":"完本小說","url":"https://www.69shu.us/quanben/"},{"name":"最近更新","url":"https://www.69shu.us/top/lastupdate/"},{"name":"玄幻小說","url":"https://www.69shu.us/fenlei/1_1/"},{"name":"修真小說","url":"https://www.69shu.us/fenlei/2_1/"},{"name":"都市小說","url":"https://www.69shu.us/fenlei/3_1/"},{"name":"歷史小說","url":"https://www.69shu.us/fenlei/4_1/"},{"name":"網遊小說","url":"https://www.69shu.us/fenlei/5_1/"},{"name":"科幻小說","url":"https://www.69shu.us/fenlei/6_1/"}]
