[{"name":"完本","url":"https://69shu.biz/booklist/full/","more":true,"subs":[{"name":"全部分類","url":"0.html"},{"name":"言情小說","url":"3.html"},{"name":"玄幻魔法","url":"1.html"},{"name":"修真武俠","url":"2.html"},{"name":"穿越時空","url":"11.html"},{"name":"都市小說","url":"9.html"},{"name":"曆史軍事","url":"4.html"},{"name":"遊戲競技","url":"5.html"},{"name":"科幻空間","url":"6.html"},{"name":"懸疑驚悚","url":"7.html"},{"name":"同人小說","url":"8.html"},{"name":"官場職場","url":"10.html"},{"name":"青春校園","url":"12.html"}]},{"name":"全部分類","url":"https://69shu.biz/booklist/class/0.html"},{"name":"言情小說","url":"https://69shu.biz/booklist/class/3.html"},{"name":"玄幻魔法","url":"https://69shu.biz/booklist/class/1.html"},{"name":"修真武俠","url":"https://69shu.biz/booklist/class/2.html"},{"name":"穿越時空","url":"https://69shu.biz/booklist/class/11.html"},{"name":"都市小說","url":"https://69shu.biz/booklist/class/9.html"},{"name":"曆史軍事","url":"https://69shu.biz/booklist/class/4.html"},{"name":"遊戲競技","url":"https://69shu.biz/booklist/class/5.html"},{"name":"科幻空間","url":"https://69shu.biz/booklist/class/6.html"},{"name":"懸疑驚悚","url":"https://69shu.biz/booklist/class/7.html"},{"name":"同人小說","url":"https://69shu.biz/booklist/class/8.html"},{"name":"官場職場","url":"https://69shu.biz/booklist/class/10.html"},{"name":"青春校園","url":"https://69shu.biz/booklist/class/12.html"}]
