[{"name":"完本","url":"https://www.69yd.top/completed.html","more":true,"subs":[{"name":"全部","url":"?category=0"},{"name":"玄幻魔法","url":"?category=1"},{"name":"修真武俠","url":"?category=2"},{"name":"言情小說","url":"?category=3"},{"name":"歷史軍事","url":"?category=4"},{"name":"遊戲競技","url":"?category=5"},{"name":"科幻空間","url":"?category=6"},{"name":"懸疑驚悚","url":"?category=7"},{"name":"同人小說","url":"?category=8"},{"name":"都市小說","url":"?category=9"},{"name":"官場職場","url":"?category=10"},{"name":"穿越時空","url":"?category=11"},{"name":"青春校園","url":"?category=12"},{"name":"其他","url":"?category=13"}]},{"name":"全部","url":"https://www.69yd.top/categories.html?category=0"},{"name":"玄幻魔法","url":"https://www.69yd.top/categories.html?category=1"},{"name":"修真武俠","url":"https://www.69yd.top/categories.html?category=2"},{"name":"言情小說","url":"https://www.69yd.top/categories.html?category=3"},{"name":"歷史軍事","url":"https://www.69yd.top/categories.html?category=4"},{"name":"遊戲競技","url":"https://www.69yd.top/categories.html?category=5"},{"name":"科幻空間","url":"https://www.69yd.top/categories.html?category=6"},{"name":"懸疑驚悚","url":"https://www.69yd.top/categories.html?category=7"},{"name":"同人小說","url":"https://www.69yd.top/categories.html?category=8"},{"name":"都市小說","url":"https://www.69yd.top/categories.html?category=9"},{"name":"官場職場","url":"https://www.69yd.top/categories.html?category=10"},{"name":"穿越時空","url":"https://www.69yd.top/categories.html?category=11"},{"name":"青春校園","url":"https://www.69yd.top/categories.html?category=12"},{"name":"其他","url":"https://www.69yd.top/categories.html?category=13"}]
