[{"name":"最後更新","url":"https://www.6gxs.net/"},{"name":"玄幻奇幻","url":"https://www.6gxs.net/sort/1/1/"},{"name":"武俠修真","url":"https://www.6gxs.net/sort/2/1/"},{"name":"都市言情","url":"https://www.6gxs.net/sort/3/1/"},{"name":"歷史軍事","url":"https://www.6gxs.net/sort/4/1/"},{"name":"遊戲競技","url":"https://www.6gxs.net/sort/5/1/"},{"name":"恐怖靈異","url":"https://www.6gxs.net/sort/6/1/"},{"name":"科幻靈異","url":"https://www.6gxs.net/sort/7/1/"},{"name":"其他類型","url":"https://www.6gxs.net/sort/8/1/"}]
