[{"name":"完本小說","url":"https://www.84sk.com/finish/"},{"name":"最新小說","url":"https://www.84sk.com/newbook/"},{"name":"玄幻小說","url":"https://www.84sk.com/sort1/"},{"name":"修真小說","url":"https://www.84sk.com/sort2/"},{"name":"都市小說","url":"https://www.84sk.com/sort3/"},{"name":"歷史小說","url":"https://www.84sk.com/sort4/"},{"name":"網遊小說","url":"https://www.84sk.com/sort5/"},{"name":"科幻小說","url":"https://www.84sk.com/sort6/"},{"name":"女生小說","url":"https://www.84sk.com/sort7/"},{"name":"二次元","url":"https://www.84sk.com/sort8/"},{"name":"其他小說","url":"https://www.84sk.com/sort9/"}]
