[{"name":"完結","url":"","more":true,"subs":[{"name":"全部","url":"https://8book.com/booklists/list/all_complete_new/1.html"},{"name":"仙俠武俠","url":"https://8book.com/booklists/list/2_complete_new/1.html"},{"name":"玄幻奇幻","url":"https://8book.com/booklists/list/8_complete_new/1.html"},{"name":"都市言情","url":"https://8book.com/booklists/list/3_complete_new/1.html"},{"name":"穿越重生","url":"https://8book.com/booklists/list/4_complete_new/1.html"},{"name":"魔法異界","url":"https://8book.com/booklists/list/1_complete_new/1.html"},{"name":"網遊競技","url":"https://8book.com/booklists/list/6_complete_new/1.html"},{"name":"恐怖靈異","url":"https://8book.com/booklists/list/5_complete_new/1.html"},{"name":"日輕小說","url":"https://8book.com/booklists/list/9_complete_new/1.html"},{"name":"動漫同人","url":"https://8book.com/booklists/list/14_complete_new/1.html"},{"name":"軍事紀實","url":"https://8book.com/booklists/list/10_complete_new/1.html"},{"name":"歷史名著","url":"https://8book.com/booklists/list/11_complete_new/1.html"}]},{"name":"全部","url":"https://8book.com/booklists/list/all_all_new/1.html"},{"name":"仙俠武俠","url":"https://8book.com/booklists/list/2_all_new/1.html"},{"name":"玄幻奇幻","url":"https://8book.com/booklists/list/8_all_new/1.html"},{"name":"都市言情","url":"https://8book.com/booklists/list/3_all_new/1.html"},{"name":"穿越重生","url":"https://8book.com/booklists/list/4_all_new/1.html"},{"name":"魔法異界","url":"https://8book.com/booklists/list/1_all_new/1.html"},{"name":"網遊競技","url":"https://8book.com/booklists/list/6_all_new/1.html"},{"name":"恐怖靈異","url":"https://8book.com/booklists/list/5_all_new/1.html"},{"name":"日輕小說","url":"https://8book.com/booklists/list/9_all_new/1.html"},{"name":"動漫同人","url":"https://8book.com/booklists/list/14_all_new/1.html"},{"name":"軍事紀實","url":"https://8book.com/booklists/list/10_all_new/1.html"},{"name":"歷史名著","url":"https://8book.com/booklists/list/11_all_new/1.html"}]
