[{"name":"排行榜","url":"https://www.919yq.net/top/","more":true,"subs":[{"name":"總排行榜","url":"allvisit_1.html"},{"name":"總推薦榜","url":"allvote_1.html"},{"name":"月排行榜","url":"monthvisit_1.html"},{"name":"月推薦榜","url":"monthvote_1.html"},{"name":"周排行榜","url":"weekvisit_1.html"},{"name":"周推薦榜","url":"weekvote_1.html"},{"name":"最新入庫","url":"postdate_1.html"},{"name":"最近更新","url":"lastupdate_1.html"},{"name":"總收藏榜","url":"goodnum_1.html"}]},{"name":"完本小說","url":"https://www.919yq.net/quanben/"},{"name":"現代言情","url":"https://www.919yq.net/class_1_1.html"},{"name":"總裁豪門","url":"https://www.919yq.net/class_2_1.html"},{"name":"古代言情","url":"https://www.919yq.net/class_3_1.html"},{"name":"宮斗小說","url":"https://www.919yq.net/class_4_1.html"},{"name":"穿越重生","url":"https://www.919yq.net/class_5_1.html"},{"name":"校園青春","url":"https://www.919yq.net/class_6_1.html"},{"name":"玄幻仙俠","url":"https://www.919yq.net/class_7_1.html"},{"name":"懸疑靈異","url":"https://www.919yq.net/class_8_1.html"},{"name":"其他類型","url":"https://www.919yq.net/class_9_1.html"}]
