[{"name":"圖書","url":"http://www.99lib.net/book/index.php?type=","more":true,"subs":[{"name":"傳記回憶","url":"%E4%BC%A0%E8%AE%B0%E5%9B%9E%E5%BF%86"},{"name":"英文讀本","url":"%E8%8B%B1%E6%96%87%E8%AF%BB%E6%9C%AC"},{"name":"雜文隨筆","url":"%E6%9D%82%E6%96%87%E9%9A%8F%E7%AC%94"},{"name":"現代小說","url":"%E7%8E%B0%E4%BB%A3%E5%B0%8F%E8%AF%B4"},{"name":"言情小說","url":"%E8%A8%80%E6%83%85%E5%B0%8F%E8%AF%B4"},{"name":"歷史小說","url":"%E5%8E%86%E5%8F%B2%E5%B0%8F%E8%AF%B4"},{"name":"偵探推理","url":"%E4%BE%A6%E6%8E%A2%E6%8E%A8%E7%90%86"},{"name":"驚悚懸疑","url":"%E6%83%8A%E6%82%9A%E6%82%AC%E7%96%91"},{"name":"網絡玄幻","url":"%E7%BD%91%E7%BB%9C%E7%8E%84%E5%B9%BB"},{"name":"寓言童話","url":"%E5%AF%93%E8%A8%80%E7%AB%A5%E8%AF%9D"},{"name":"青春都市","url":"%E9%9D%92%E6%98%A5%E9%83%BD%E5%B8%82"},{"name":"社會心理","url":"%E7%A4%BE%E4%BC%9A%E5%BF%83%E7%90%86"},{"name":"外國小說","url":"%E5%A4%96%E5%9B%BD%E5%B0%8F%E8%AF%B4"},{"name":"科幻小說","url":"%E7%A7%91%E5%B9%BB%E5%B0%8F%E8%AF%B4"},{"name":"當代小說","url":"%E5%BD%93%E4%BB%A3%E5%B0%8F%E8%AF%B4"},{"name":"武俠小說","url":"%E6%AD%A6%E4%BE%A0%E5%B0%8F%E8%AF%B4"},{"name":"紀實報告","url":"%E7%BA%AA%E5%AE%9E%E6%8A%A5%E5%91%8A"},{"name":"世界歷史","url":"%E4%B8%96%E7%95%8C%E5%8E%86%E5%8F%B2"},{"name":"中國歷史","url":"%E4%B8%AD%E5%9B%BD%E5%8E%86%E5%8F%B2"},{"name":"科普學習","url":"%E7%A7%91%E6%99%AE%E5%AD%A6%E4%B9%A0"},{"name":"詩歌戲曲","url":"%E8%AF%97%E6%AD%8C%E6%88%8F%E6%9B%B2"},{"name":"宗教哲學","url":"%E5%AE%97%E6%95%99%E5%93%B2%E5%AD%A6"},{"name":"文學理論","url":"%E6%96%87%E5%AD%A6%E7%90%86%E8%AE%BA"},{"name":"日語讀物","url":"%E6%97%A5%E8%AF%AD%E8%AF%BB%E7%89%A9"},{"name":"作品集","url":"%E4%BD%9C%E5%93%81%E9%9B%86"},{"name":"國學/古籍","url":"%E5%9B%BD%E5%AD%A6%2F%E5%8F%A4%E7%B1%8D"},{"name":"戰爭軍事","url":"%E6%88%98%E4%BA%89%E5%86%9B%E4%BA%8B"},{"name":"政治經濟","url":"%E6%94%BF%E6%B2%BB%E7%BB%8F%E6%B5%8E"},{"name":"古典文學","url":"%E5%8F%A4%E5%85%B8%E6%96%87%E5%AD%A6"},{"name":"官場小說","url":"%E5%AE%98%E5%9C%BA%E5%B0%8F%E8%AF%B4"},{"name":"輕小說","url":"%E8%BD%BB%E5%B0%8F%E8%AF%B4"}]},{"name":"文庫","url":"http://www.99lib.net/article/index.php"}]
