[{"name":"排行榜","url":"https://www.9itan.cc/paihang/","more":true,"subs":[{"name":"總點選榜","url":"allvisit_1.html"},{"name":"月點選榜","url":"monthvisit_1.html"},{"name":"周點選榜","url":"weekvisit_1.html"},{"name":"總推薦榜","url":"allvote_1.html"},{"name":"月推薦榜","url":"monthvote_1.html"},{"name":"周推薦榜","url":"weekvote_1.html"},{"name":"總收藏榜","url":"goodnum_1.html"},{"name":"總字數榜","url":"size_1.html"},{"name":"最新入庫","url":"postdate_1.html"}]},{"name":"最近更新","url":"https://www.9itan.cc/paihang/lastupdate_1.html"},{"name":"完結小說","url":"https://www.9itan.cc/full/1"},{"name":"玄幻小說","url":"https://www.9itan.cc/xuanhuan/1.html"},{"name":"仙俠小說","url":"https://www.9itan.cc/xianxia/1.html"},{"name":"都市小說","url":"https://www.9itan.cc/dushi/1.html"},{"name":"軍史小說","url":"https://www.9itan.cc/junshi/1.html"},{"name":"網遊小說","url":"https://www.9itan.cc/wangyou/1.html"},{"name":"科幻小說","url":"https://www.9itan.cc/kehuan/1.html"},{"name":"恐怖小說","url":"https://www.9itan.cc/kongbu/1.html"},{"name":"其他小說","url":"https://www.9itan.cc/qita/1.html"}]
