[{"name":"已完結","url":"https://ixdzs8.com/sort/","more":true,"subs":[{"name":"玄幻奇幻","url":"1/index-0-2-0-1.html"},{"name":"武俠小說","url":"10/index-0-2-0-1.html"},{"name":"修真仙俠","url":"2/index-0-2-0-1.html"},{"name":"都市青春","url":"3/index-0-2-0-1.html"},{"name":"軍事歷史","url":"4/index-0-2-0-1.html"},{"name":"網遊競技","url":"5/index-0-2-0-1.html"},{"name":"科幻靈異","url":"6/index-0-2-0-1.html"},{"name":"言情穿越","url":"7/index-0-2-0-1.html"},{"name":"耽美同人","url":"8/index-0-2-0-1.html"},{"name":"台言古言","url":"9/index-0-2-0-1.html"},{"name":"其他小說","url":"1/index-0-2-0-1.html"}]},{"name":"排行","url":"https://ixdzs8.com/hot/","more":true,"subs":[{"name":"日榜","url":"day/"},{"name":"月榜","url":"month/"},{"name":"總榜","url":""}]},{"name":"玄幻奇幻","url":"https://ixdzs8.com/sort/1/"},{"name":"武俠小說","url":"https://ixdzs8.com/sort/10/"},{"name":"修真仙俠","url":"https://ixdzs8.com/sort/2/"},{"name":"都市青春","url":"https://ixdzs8.com/sort/3/"},{"name":"軍事歷史","url":"https://ixdzs8.com/sort/4/"},{"name":"網遊競技","url":"https://ixdzs8.com/sort/5/"},{"name":"科幻靈異","url":"https://ixdzs8.com/sort/6/"},{"name":"言情穿越","url":"https://ixdzs8.com/sort/7/"},{"name":"耽美同人","url":"https://ixdzs8.com/sort/8/"},{"name":"台言古言","url":"https://ixdzs8.com/sort/9/"},{"name":"其他小說","url":"https://ixdzs8.com/sort/1/"}]
