[{"name":"原創文窟","url":"https://allcp.net/forum.php?mod=forumdisplay&fid=4","catId":"4","more":true,"subs":[{"name":"全部","url":""},{"name":"現代","url":"&typeid=1"},{"name":"古風","url":"&typeid=2"},{"name":"民國","url":"&typeid=3"},{"name":"西方","url":"&typeid=4"},{"name":"科幻","url":"&typeid=5"},{"name":"奇幻","url":"&typeid=6"},{"name":"玄幻","url":"&typeid=7"},{"name":"網遊","url":"&typeid=8"},{"name":"穿越","url":"&typeid=9"},{"name":"百合","url":"&typeid=35"},{"name":"徵文","url":"&typeid=71"},{"name":"靈異","url":"&typeid=76"},{"name":"往期","url":"&typeid=77"},{"name":"其他","url":"&typeid=10"}]},{"name":"同人文窟","url":"https://allcp.net/forum.php?mod=forumdisplay&fid=5","catId":"5","more":true,"subs":[{"name":"全部","url":""},{"name":"劍三","url":"&typeid=38"},{"name":"古劍","url":"&typeid=39"},{"name":"仙劍","url":"&typeid=45"},{"name":"黑籃","url":"&typeid=44"},{"name":"K","url":"&typeid=40"},{"name":"HP","url":"&typeid=47"},{"name":"三國","url":"&typeid=42"},{"name":"全職高手","url":"&typeid=53"},{"name":"盜墓筆記","url":"&typeid=41"},{"name":"type-moon","url":"&typeid=46"},{"name":"ACG","url":"&typeid=50"},{"name":"歐美影視","url":"&typeid=49"},{"name":"國產影視","url":"&typeid=54"},{"name":"文學","url":"&typeid=48"},{"name":"歷史","url":"&typeid=43"},{"name":"RPS","url":"&typeid=51"},{"name":"Crossover","url":"&typeid=52"},{"name":"連載","url":"&typeid=12"},{"name":"完結","url":"&typeid=13"},{"name":"海外譯文","url":"&typeid=37"}]},{"name":"完結文窟","url":"https://allcp.net/forum.php?mod=forumdisplay&fid=6","catId":"6","more":true,"subs":[{"name":"全部","url":""},{"name":"現代","url":"&typeid=15"},{"name":"古風","url":"&typeid=16"},{"name":"民國","url":"&typeid=17"},{"name":"西方","url":"&typeid=18"},{"name":"科幻","url":"&typeid=19"},{"name":"奇幻","url":"&typeid=20"},{"name":"玄幻","url":"&typeid=21"},{"name":"網遊","url":"&typeid=22"},{"name":"穿越","url":"&typeid=23"},{"name":"百合","url":"&typeid=36"},{"name":"其他","url":"&typeid=24"}]}]
