[{"name":"最近更新","url":"http://www.b111.net/toplist/lastupdate.htm"},{"name":"全部文章","url":"http://www.b111.net/toplist/class_all.htm"},{"name":"玄幻小說","url":"http://www.b111.net/toplist/class_1.htm"},{"name":"都市小說","url":"http://www.b111.net/toplist/class_3.htm"},{"name":"言情小說","url":"http://www.b111.net/toplist/class_4.htm"},{"name":"歷史小說","url":"http://www.b111.net/toplist/class_5.htm"},{"name":"軍事小說","url":"http://www.b111.net/toplist/class_6.htm"},{"name":"網遊小說","url":"http://www.b111.net/toplist/class_7.htm"},{"name":"競技小說","url":"http://www.b111.net/toplist/class_8.htm"},{"name":"科幻小說","url":"http://www.b111.net/toplist/class_9.htm"},{"name":"靈異小說","url":"http://www.b111.net/toplist/class_10.htm"},{"name":"同人小說","url":"http://www.b111.net/toplist/class_11.htm"},{"name":"港台小言","url":"http://www.b111.net/toplist/class_12.htm"},{"name":"穿越小說","url":"http://www.b111.net/toplist/class_13.htm"},{"name":"青春校園","url":"http://www.b111.net/toplist/class_14.htm"},{"name":"其他類型","url":"http://www.b111.net/toplist/class_99.htm"}]
