[{"name":"排行榜","url":"https://www.baiwenzai.com/","more":true,"subs":[{"name":"總點擊榜","url":"allvisit-1.html"},{"name":"月點擊榜","url":"monthvisit-1.html"},{"name":"周點擊榜","url":"weekvisit-1.html"},{"name":"日點擊榜","url":"dayvisit-1.html"},{"name":"總推薦榜","url":"allvote-1.html"},{"name":"月推薦榜","url":"monthvote-1.html"},{"name":"周推薦榜","url":"weekvote-1.html"},{"name":"日推薦榜","url":"dayvote-1.html"},{"name":"最新入庫","url":"postdate-1.html"},{"name":"收藏榜","url":"goodnum-1.html"}]},{"name":"完結小說","url":"https://www.baiwenzai.com/quanben/"},{"name":"最近更新","url":"https://www.baiwenzai.com/lastupdate-1.html"},{"name":"玄幻魔法","url":"https://www.baiwenzai.com/channel/1/"},{"name":"武俠修真","url":"https://www.baiwenzai.com/channel/2/"},{"name":"都市言情","url":"https://www.baiwenzai.com/channel/3/"},{"name":"歷史軍事","url":"https://www.baiwenzai.com/channel/4/"},{"name":"科幻靈異","url":"https://www.baiwenzai.com/channel/5/"},{"name":"遊戲競技","url":"https://www.baiwenzai.com/channel/6/"},{"name":"其他類型","url":"https://www.baiwenzai.com/channel/7/"},{"name":"女生小說","url":"https://www.baiwenzai.com/channel/8/"}]
