[{"name":"完本小說","url":"https://www.ibiqiudu.com/quanben/"},{"name":"玄幻小說","url":"https://www.ibiqiudu.com/sort/1/"},{"name":"修真小說","url":"https://www.ibiqiudu.com/sort/2/"},{"name":"都市小說","url":"https://www.ibiqiudu.com/sort/3/"},{"name":"歷史小說","url":"https://www.ibiqiudu.com/sort/4/"},{"name":"網遊小說","url":"https://www.ibiqiudu.com/sort/5/"},{"name":"科幻小說","url":"https://www.ibiqiudu.com/sort/6/"},{"name":"其他小說","url":"https://www.ibiqiudu.com/sort/7/"}]
