[{"name":"排行榜","url":"https://m.biquxu.cc/top/","more":true,"subs":[{"name":"日點擊榜","url":"dayvisit_1/"},{"name":"周點擊榜","url":"weekvisit_1/"},{"name":"月點擊榜","url":"monthvisit_1/"},{"name":"總點擊榜","url":"allvisit_1/"},{"name":"總收藏榜","url":"goodnum_1/"},{"name":"字數排行","url":"size_1/"},{"name":"日推薦榜","url":"dayvote_1/"},{"name":"周推薦榜","url":"weekvote_1/"},{"name":"月推薦榜","url":"monthvote_1/"},{"name":"總推薦榜","url":"allvote_1/"},{"name":"最新入庫","url":"postdate_1/"},{"name":"最近更新","url":"lastupdate_1/"}]},{"name":"全本","url":"https://m.biquxu.cc/full/1/"},{"name":"玄幻小說","url":"https://m.biquxu.cc/sort/1_1/"},{"name":"仙俠小說","url":"https://m.biquxu.cc/sort/2_1/"},{"name":"都市小說","url":"https://m.biquxu.cc/sort/3_1/"},{"name":"歷史小說","url":"https://m.biquxu.cc/sort/4_1/"},{"name":"遊戲小說","url":"https://m.biquxu.cc/sort/5_1/"},{"name":"科幻小說","url":"https://m.biquxu.cc/sort/6_1/"},{"name":"恐怖小說","url":"https://m.biquxu.cc/sort/7_1/"},{"name":"女生小說","url":"https://m.biquxu.cc/sort/8_1/"},{"name":"其他小說","url":"https://m.biquxu.cc/sort/9_1/"}]
