[{"name":"全部小說","url":"https://m.biquge.tw/sort/"},{"name":"玄幻魔法","url":"https://m.biquge.tw/sort/xuanhuan/"},{"name":"武俠修真","url":"https://m.biquge.tw/sort/wuxia/"},{"name":"都市言情","url":"https://m.biquge.tw/sort/dushi/"},{"name":"曆史軍事","url":"https://m.biquge.tw/sort/lishi/"},{"name":"科幻靈異","url":"https://m.biquge.tw/sort/kehuan/"},{"name":"遊戲競技","url":"https://m.biquge.tw/sort/youxi/"},{"name":"女生耽美","url":"https://m.biquge.tw/sort/nvsheng/"},{"name":"其他類型","url":"https://m.biquge.tw/sort/qita/"}]
