[{"name":"都市言情","url":"https://www.bixiange.top/dsyq/"},{"name":"武俠修真","url":"https://www.bixiange.top/wxxz/"},{"name":"玄幻奇幻","url":"https://www.bixiange.top/xhqh/"},{"name":"穿越架空","url":"https://www.bixiange.top/cyjk/"},{"name":"科幻競技","url":"https://www.bixiange.top/khjj/"},{"name":"鬼話懸疑","url":"https://www.bixiange.top/ghxy/"},{"name":"軍事歷史","url":"https://www.bixiange.top/jsls/"},{"name":"官場商戰","url":"https://www.bixiange.top/guanchang/"},{"name":"鄉土風情","url":"https://www.bixiange.top/xtfq/"},{"name":"耽美小說","url":"https://www.bixiange.me/dmtr/"},{"name":"同人小說","url":"https://www.bixiange.me/trxs/"},{"name":"精品小說","url":"https://www.bixiange.me/jqxs/"}]
