[{"name":"已完結","url":"https://www.booktxts.com/fost/","more":true,"subs":[{"name":"不限","url":"lastupdate_0_0_2_1.html"},{"name":"玄幻修真","url":"lastupdate_1_0_2_1.html"},{"name":"重生穿越","url":"lastupdate_2_0_2_1.html"},{"name":"都市小說","url":"lastupdate_3_0_2_1.html"},{"name":"軍史小說","url":"lastupdate_4_0_2_1.html"},{"name":"網遊小說","url":"lastupdate_5_0_2_1.html"},{"name":"科幻小說","url":"lastupdate_6_0_2_1.html"},{"name":"靈異小說","url":"lastupdate_7_0_2_1.html"},{"name":"言情小說","url":"lastupdate_8_0_2_1.html"},{"name":"其他小說","url":"lastupdate_9_0_2_1.html"}]},{"name":"不限","url":"https://www.booktxts.com/fost/lastupdate_0_0_0_1.html"},{"name":"玄幻修真","url":"https://www.booktxts.com/fost/lastupdate_1_0_0_1.html"},{"name":"重生穿越","url":"https://www.booktxts.com/fost/lastupdate_2_0_0_1.html"},{"name":"都市小說","url":"https://www.booktxts.com/fost/lastupdate_3_0_0_1.html"},{"name":"軍史小說","url":"https://www.booktxts.com/fost/lastupdate_4_0_0_1.html"},{"name":"網遊小說","url":"https://www.booktxts.com/fost/lastupdate_5_0_0_1.html"},{"name":"科幻小說","url":"https://www.booktxts.com/fost/lastupdate_6_0_0_1.html"},{"name":"靈異小說","url":"https://www.booktxts.com/fost/lastupdate_7_0_0_1.html"},{"name":"言情小說","url":"https://www.booktxts.com/fost/lastupdate_8_0_0_1.html"},{"name":"其他小說","url":"https://www.booktxts.com/fost/lastupdate_9_0_0_1.html"}]
