[{"name":"全部小說","url":"https://m.xuanhuan6.com/class/"},{"name":"玄幻小說","url":"https://m.xuanhuan6.com/class/1/1/"},{"name":"仙俠小說","url":"https://m.xuanhuan6.com/class/2/1/"},{"name":"都市小說","url":"https://m.xuanhuan6.com/class/3/1/"},{"name":"歷史小說","url":"https://m.xuanhuan6.com/class/4/1/"},{"name":"女生小說","url":"https://m.xuanhuan6.com/class/5/1/"},{"name":"遊戲小說","url":"https://m.xuanhuan6.com/class/6/1/"},{"name":"科幻小說","url":"https://m.xuanhuan6.com/class/7/1/"},{"name":"其他小說","url":"https://m.xuanhuan6.com/class/8/1/"}]
