[{"name":"玄幻魔法","url":"https://www.bookbl.com/sort/xuanhuanmofa"},{"name":"武俠修真","url":"https://www.bookbl.com/sort/wuxiaxiuzhen"},{"name":"都市言情","url":"https://www.bookbl.com/sort/dushiyanqing"},{"name":"歷史軍事","url":"https://www.bookbl.com/sort/lishijunshi"},{"name":"網遊動漫","url":"https://www.bookbl.com/sort/wangyoudongman"},{"name":"科幻小說","url":"https://www.bookbl.com/sort/kehuanxiaoshuo"},{"name":"恐怖靈異","url":"https://www.bookbl.com/sort/kongbulingyi"},{"name":"其他類型","url":"https://www.bookbl.com/sort/qita"}]
