[{"name":"最近更新","url":"http://www.boquku.com/top/lastupdate_1.html"},{"name":"玄幻","url":"http://www.boquku.com/xuanhuanxiaoshuo/"},{"name":"奇幻","url":"http://www.boquku.com/qihuanxiaoshuo/"},{"name":"修真","url":"http://www.boquku.com/xiuzhenxiaoshuo/"},{"name":"都市","url":"http://www.boquku.com/dushixiaoshuo/"},{"name":"言情","url":"http://www.boquku.com/yanqingxiaoshuo/"},{"name":"歷史","url":"http://www.boquku.com/lishixiaoshuo/"},{"name":"同人","url":"http://www.boquku.com/tongrenxiaoshuo/"},{"name":"武俠","url":"http://www.boquku.com/wuxiaxiaoshuo/"},{"name":"科幻","url":"http://www.boquku.com/kehuanxiaoshuo/"},{"name":"遊戲","url":"http://www.boquku.com/youxixiaoshuo/"},{"name":"軍事","url":"http://www.boquku.com/junshixiaoshuo/"},{"name":"競技","url":"http://www.boquku.com/jingjixiaoshuo/"},{"name":"靈異","url":"http://www.boquku.com/lingyixiaoshuo/"},{"name":"商戰","url":"http://www.boquku.com/shangzhanxiaoshuo/"},{"name":"校園","url":"http://www.boquku.com/xiaoyuanxiaoshuo/"},{"name":"官場","url":"http://www.boquku.com/guanchangxiaoshuo/"},{"name":"職場","url":"http://www.boquku.com/zhichangxiaoshuo/"},{"name":"其他","url":"http://www.boquku.com/qitaxiaoshuo/"}]
