[{"name":"全部","url":"https://m.boshishuwu.com/boshi/xclass/0/1.html"},{"name":"玄幻小說","url":"https://m.boshishuwu.com/boshi/xclass/1/1.html"},{"name":"修真小說","url":"https://m.boshishuwu.com/boshi/xclass/2/1.html"},{"name":"都市小說","url":"https://m.boshishuwu.com/boshi/xclass/3/1.html"},{"name":"穿越小說","url":"https://m.boshishuwu.com/boshi/xclass/4/1.html"},{"name":"網遊小說","url":"https://m.boshishuwu.com/boshi/xclass/5/1.html"},{"name":"科幻小說","url":"https://m.boshishuwu.com/boshi/xclass/6/1.html"},{"name":"其它小說","url":"https://m.boshishuwu.com/boshi/xclass/7/1.html"}]
