[{"name":"全部小說","url":"https://www.chuandaipc.com/sort/"},{"name":"玄幻小說","url":"https://www.chuandaipc.com/sort/1/1/"},{"name":"仙俠小說","url":"https://www.chuandaipc.com/sort/2/1/"},{"name":"都市小說","url":"https://www.chuandaipc.com/sort/3/1/"},{"name":"歷史軍事","url":"https://www.chuandaipc.com/sort/4/1/"},{"name":"遊戲競技","url":"https://www.chuandaipc.com/sort/5/1/"},{"name":"科幻小說","url":"https://www.chuandaipc.com/sort/6/1/"},{"name":"恐怖小說","url":"https://www.chuandaipc.com/sort/7/1/"},{"name":"其他類型","url":"https://www.chuandaipc.com/sort/8/1/"}]
