[{"name":"ESJZone","host":"www.esjzone.cc","url":"https://www.esjzone.cc/","testing":true,"only_click":true},{"name":"FC2","host":".blog.fc2.com","url":"https://blog.fc2.com/","testing":true,"only_click":true},{"name":"KadoKado","host":"www.kadokado.com.tw","url":"https://www.kadokado.com.tw/","testing":true,"only_click":true},{"name":"Penana","host":"www.penana.com","url":"https://www.penana.com/","testing":true,"only_click":true},{"name":"POPO 原創市集","host":"www.popo.tw","url":"https://www.popo.tw/index","testing":true,"only_click":true},{"name":"POPO 原創市集","host":"www.po18.tw","url":"https://www.popo.tw/index","adult":true,"testing":true,"only_click":true},{"name":"QQ 閱讀","host":"book.qq.com","url":"https://book.qq.com/","testing":true,"only_click":true},{"name":"雲起書院","host":"book.qq.com","url":"https://yunqi.qq.com/","testing":false,"only_click":true},{"name":"小說狂人","host":"czbooks.net","url":"https://czbooks.net/","testing":true,"only_click":true},{"name":"次元姬小說網","host":"www.ciyuanji.com","url":"https://m.ciyuanji.com/","testing":true,"only_click":true},{"name":"吾讀論壇","host":"woodo.club","url":"https://www.woodo.club/","testing":true,"only_click":true},{"name":"和圖書","host":"hetubook.com","url":"https://hetubook.com/","testing":true,"only_click":true},{"name":"香香腐宅BoyLove","host":"boylove.cc","url":"https://boylove.cc/home/book/novelcate.html","testing":true,"only_click":true},{"name":"神湊輕小說文庫","host":"www.shencou.com","url":"http://www.shencou.com/","testing":true,"only_click":true},{"name":"起點中文網 [台灣分站]","host":"www.qidian.com.tw","url":"https://www.qidian.com.tw/","testing":true,"only_click":true},{"name":"無限輕小說","host":"www.8novel.com_x","url":"https://www.8novel.com/","testing":true,"only_click":true},{"name":"痞客邦","host":".pixnet.net","url":"https://www.pixnet.net/","testing":true,"only_click":true},{"name":"碎片故事館","host":".supertime01.com","url":"https://br.supertime01.com/","testing":true,"only_click":true},{"name":"經典中文小說線上閱讀","host":"www.bookscool.com","url":"http://zh.enjoyreadinghour.com/","testing":true,"only_click":true},{"name":"腐腐之光","host":"www.petfama.com","url":"https://www.petfama.com/","testing":true,"only_click":true},{"name":"輕小說文庫 [linovelib]","host":"www.linovelib.com","url":"https://tw.linovelib.com","testing":true,"only_click":true},{"name":"廢文網","host":"www.feiwen123.com","url":"https://www.mysadfun.com/","testing":true,"only_click":true},{"name":"蕃茄小說網","host":"fanqienovel.com","url":"https://fanqienovel.com/","testing":true,"only_click":true},{"name":"輕之國度 [LK]","host":"www.lightnovel.us","url":"https://www.lightnovel.us/","testing":true,"only_click":true},{"name":"樂乎","host":".lofter.com","url":"http://www.lofter.com/","testing":true,"only_click":true},{"name":"龍王傳說網","host":"www.longwangchuanshuo.com","url":"https://www.longwangchuanshuo.net/","testing":true,"only_click":true},{"name":"鎮魂小說網","host":"www.zhenhunxiaoshuo.com","url":"https://www.zhenhunxiaoshuo.com/","testing":true,"only_click":true}]
