[{"name":"ESJZone","host":"www.esjzone.cc","url":"https://www.esjzone.cc/","testing":true,"only_click":true},{"name":"FC2","host":".blog.fc2.com","url":"https://blog.fc2.com/","testing":true,"only_click":true},{"name":"KadoKado","host":"www.kadokado.com.tw","url":"https://www.kadokado.com.tw/","testing":true,"only_click":true},{"name":"Penana","host":"www.penana.com","url":"https://www.penana.com/","testing":true,"only_click":true},{"name":"POPO 原創市集","host":"www.popo.tw","url":"https://www.popo.tw/index","testing":true,"only_click":true},{"name":"POPO 原創市集","host":"www.po18.tw","url":"https://www.popo.tw/index","adult":true,"testing":true,"only_click":true},{"name":"QQ 閱讀","host":"book.qq.com","url":"https://book.qq.com/","testing":true,"only_click":true},{"name":"次元姬小說網","host":"www.ciyuanji.com","url":"https://m.ciyuanji.com/","testing":true,"only_click":true},{"name":"红袖招","host":"hongxiuzhao.org","url":"https://hongxiuzhao.org/","testing":true,"only_click":true},{"name":"免費小說網","host":"www.s3wx.com","url":"https://m.s3wx.com/","testing":true,"only_click":true},{"name":"吾讀論壇","host":"woodo.club","url":"https://www.woodo.club/","testing":true,"only_click":true},{"name":"和圖書","host":"hetubook.com","url":"https://hetubook.com/","testing":true,"only_click":true},{"name":"神湊輕小說文庫","host":"www.shencou.com","url":"https://www.shencou.com/","testing":true,"only_click":true},{"name":"哩嗶輕小說","host":"www.linovelib.com","url":"https://tw.linovelib.com","testing":true,"only_click":true},{"name":"起點中文網 [台灣分站]","host":"www.qidian.com.tw","url":"https://read.popo.tw/","testing":true,"only_click":true},{"name":"無限輕小說","host":"www.8novel.com_x","url":"https://www.8novel.com/","testing":true,"only_click":true},{"name":"痞客邦","host":".pixnet.net","url":"https://www.pixnet.net/","testing":true,"only_click":true},{"name":"雲起書院","host":"book.qq.com","url":"https://yunqi.qq.com/","testing":false,"only_click":true},{"name":"碎片小說","host":".supertime01.com","url":"https://ohiotires.com/","testing":true,"only_click":true},{"name":"腐看天地","host":"www.petfama.com","url":"https://chomered.com/","testing":true,"only_click":true},{"name":"廢文網","host":"www.feiwen123.com","url":"https://www.yousadfun.com/","testing":true,"only_click":true},{"name":"愛麗絲書屋","host":"alicesw.tw","url":"https://alicesw.tw/","testing":true,"only_click":true},{"name":"蕃茄小說網","host":"fanqienovel.com","url":"https://fanqienovel.com/","testing":true,"only_click":true},{"name":"龍王傳說網","host":"www.longwangchuanshuo.com","url":"https://www.longwangchuanshuo.net/","testing":true,"only_click":true},{"name":"鎮魂小說網","host":"www.zhenhunxiaoshuo.com","url":"https://www.zhenhunxiaoshuo.com/","testing":true,"only_click":true}]
