[{"name":"玄幻奇幻","url":"https://czbooks.net/c/xuanhuan"},{"name":"言情","url":"https://czbooks.net/c/yanqing"},{"name":"武俠仙俠","url":"https://czbooks.net/c/xianxia"},{"name":"軍事歷史","url":"https://czbooks.net/c/lishi"},{"name":"科幻未來","url":"https://czbooks.net/c/wangyou"},{"name":"靈異玄幻","url":"https://czbooks.net/c/lingyi"},{"name":"女生同人","url":"https://czbooks.net/c/tongren"},{"name":"原創同人","url":"https://czbooks.net/c/erciyuan"},{"name":"耽美","url":"https://czbooks.net/c/danmei"},{"name":"百合","url":"https://czbooks.net/c/baihe"},{"name":"日系","url":"https://czbooks.net/c/japan"},{"name":"奇幻冒險","url":"https://czbooks.net/c/fanatsy"},{"name":"電視劇","url":"https://czbooks.net/c/drama"},{"name":"情色工口","url":"https://czbooks.net/c/herotic"},{"name":"耽美工口","url":"https://czbooks.net/c/blerotic"},{"name":"經典文學","url":"https://czbooks.net/c/classicbook"},{"name":"推理","url":"https://czbooks.net/c/suspense"},{"name":"女性向","url":"https://czbooks.net/c/girl"},{"name":"短篇","url":"https://czbooks.net/c/short"},{"name":"精選排行","url":"https://czbooks.net/c/normal"},{"name":"人氣榜","url":"https://czbooks.net/c/all"},{"name":"收藏榜","url":"https://czbooks.net/c/favorite"},{"name":"完本榜","url":"https://czbooks.net/c/finish"},{"name":"工口榜","url":"https://czbooks.net/c/hot"},{"name":"作者專欄","url":"https://czbooks.net/creators"},{"name":"狂人原創","url":"https://czbooks.net/c/creator"},{"name":"情趣用品","url":"https://redino.shop/9P8oj"}]
