[{"name":"玄幻魔法","url":"https://www.dajiadu8.com/xuanhuan/1.html"},{"name":"仙俠修真","url":"https://www.dajiadu8.com/xianxia/1.html"},{"name":"都市言情","url":"https://www.dajiadu8.com/dushi/1.html"},{"name":"歷史軍事","url":"https://www.dajiadu8.com/lishi/1.html"},{"name":"網遊競技","url":"https://www.dajiadu8.com/wangyou/1.html"},{"name":"科幻小說","url":"https://www.dajiadu8.com/kehuan/1.html"},{"name":"恐怖靈異","url":"https://www.dajiadu8.com/kongbu/1.html"},{"name":"其他小說","url":"https://www.dajiadu8.com/qita/1.html"}]
