[{"name":"最新文章","url":"https://www.dmxs.org/news_last/"},{"name":"近代現代","url":"https://www.dmxs.org/book/"},{"name":"古代架空","url":"https://www.dmxs.org/gdjk/"},{"name":"穿越重生","url":"https://www.dmxs.org/cycs/"},{"name":"玄幻靈異","url":"https://www.dmxs.org/xhly/"},{"name":"網遊競技","url":"https://www.dmxs.org/wyjj/"},{"name":"推理懸疑","url":"https://www.dmxs.org/tlxy/"},{"name":"BL同人","url":"https://www.dmxs.org/BLTR/"},{"name":"GL百合","url":"https://www.dmxs.org/GLBH/"}]
