[{"name":"耽美小說區","url":"http://ds-hk.net/forumdisplay.php","catId":"59,55,61,133","more":true,"subs":[{"name":"BL/GL書庫","url":"http://ds-hk.net/forumdisplay.php?fid=59","catId":"59","more":true,"subs":[{"name":"全部","url":""},{"name":"BL小說","url":"&filter=type&typeid=58","nonovels":true},{"name":"其他耽美","url":"&filter=type&typeid=372"},{"name":"GL百合","url":"&filter=type&typeid=371"},{"name":"靈異推理","url":"&filter=type&typeid=373"},{"name":"現代都市","url":"&filter=type&typeid=369"},{"name":"獸人世界","url":"&filter=type&typeid=368"},{"name":"網游競技","url":"&filter=type&typeid=367"},{"name":"玄幻奇幻","url":"&filter=type&typeid=366"},{"name":"末世未來","url":"&filter=type&typeid=365"},{"name":"穿越重生","url":"&filter=type&typeid=364"},{"name":"古代架空","url":"&filter=type&typeid=363"}]},{"name":"BL&GL同人小說區","url":"http://ds-hk.net/forumdisplay.php?fid=55","catId":"55","more":true,"subs":[{"name":"全部","url":""},{"name":"GL動漫小說","url":"&filter=type&typeid=88"},{"name":"BL動漫小說","url":"&filter=type&typeid=89"}]},{"name":"BL/GL原創小說區","url":"?fid=61"},{"name":"全部","url":"?fid=133"},{"name":"其他耽美","url":"?fid=133&filter=type&typeid=372"},{"name":"GL百合","url":"?fid=133&filter=type&typeid=371"},{"name":"靈異推理","url":"?fid=133&filter=type&typeid=373"},{"name":"現代都市","url":"?fid=133&filter=type&typeid=369"},{"name":"獸人世界","url":"?fid=133&filter=type&typeid=368"},{"name":"網游競技","url":"?fid=133&filter=type&typeid=367"},{"name":"玄幻奇幻","url":"?fid=133&filter=type&typeid=366"},{"name":"末世未來","url":"?fid=133&filter=type&typeid=365"},{"name":"穿越重生","url":"?fid=133&filter=type&typeid=364"},{"name":"古代架空","url":"?fid=133&filter=type&typeid=363"}]},{"name":"品味小說館","url":"http://ds-hk.net/forumdisplay.php?fid=110","catId":"110,63,128,177","more":true,"subs":[{"name":"輕小說館","url":"http://ds-hk.net/forumdisplay.php?fid=63","catId":"63","more":true,"subs":[{"name":"全部","url":""},{"name":"奇幻/魔法/冒險","url":"&filter=type&typeid=253"},{"name":"校園/青春/戀愛","url":"&filter=type&typeid=254"},{"name":"科幻/偵探/懸疑","url":"&filter=type&typeid=255"},{"name":"黑暗/驚悚/靈異","url":"&filter=type&typeid=256"},{"name":"其他類","url":"&filter=type&typeid=257"}]},{"name":"外國小說館","url":"http://ds-hk.net/forumdisplay.php?fid=128","catId":"128","more":true,"subs":[{"name":"全部","url":""},{"name":"外國小說","url":"&filter=type&typeid=294"},{"name":"翻譯小說","url":"&filter=type&typeid=295"}]},{"name":"品味小說書庫","url":"http://ds-hk.net/forumdisplay.php?fid=177","catId":"177","more":true,"subs":[{"name":"全部","url":""},{"name":"古典文學","url":"&filter=type&typeid=167"},{"name":"浪漫言情","url":"&filter=type&typeid=325"},{"name":"都市科幻","url":"&filter=type&typeid=326"},{"name":"武俠故事","url":"&filter=type&typeid=327"},{"name":"玄幻魔法","url":"&filter=type&typeid=328"},{"name":"靈異恐怖","url":"&filter=type&typeid=329"},{"name":"推理懸疑","url":"&filter=type&typeid=330"},{"name":"穿越架空","url":"&filter=type&typeid=331"},{"name":"網遊小說","url":"&filter=type&typeid=332"},{"name":"其他書藉","url":"&filter=type&typeid=333"}]},{"name":"全部","url":""},{"name":"古典文學","url":"&filter=type&typeid=167"},{"name":"浪漫言情","url":"&filter=type&typeid=325"},{"name":"都市科幻","url":"&filter=type&typeid=326"},{"name":"武俠故事","url":"&filter=type&typeid=327"},{"name":"玄幻魔法","url":"&filter=type&typeid=328"},{"name":"靈異恐怖","url":"&filter=type&typeid=329"},{"name":"推理懸疑","url":"&filter=type&typeid=330"},{"name":"穿越架空","url":"&filter=type&typeid=331"},{"name":"網遊小說","url":"&filter=type&typeid=332"},{"name":"其他書藉","url":"&filter=type&typeid=333"}]},{"name":"同人小說區","url":"http://ds-hk.net/forumdisplay.php?fid=176"}]
