[{"name":"全本小說","url":"http://dvchian.net/quanben/sort/"},{"name":"玄幻","url":"http://dvchian.net/sort/1/1/"},{"name":"武俠","url":"http://dvchian.net/sort/2/1/"},{"name":"都市","url":"http://dvchian.net/sort/3/1/"},{"name":"曆史","url":"http://dvchian.net/sort/4/1/"},{"name":"科幻","url":"http://dvchian.net/sort/5/1/"},{"name":"遊戲","url":"http://dvchian.net/sort/6/1/"},{"name":"女生","url":"http://dvchian.net/sort/7/1/"},{"name":"其他","url":"http://dvchian.net/sort/8/1/"}]
