[{"name":"排行榜","url":"http://www.dwxs.net/modules/article/toplist.php","more":true,"subs":[{"name":"總排行榜","url":"?sort=allvisit"},{"name":"月排行榜","url":"?sort=monthvisit"},{"name":"周排行榜","url":"?sort=weekvisit"},{"name":"總推薦榜","url":"?sort=allvote"},{"name":"月推薦榜","url":"?sort=monthvote"},{"name":"周推薦榜","url":"?sort=weekvote"},{"name":"最新入庫","url":"?sort=postdate"},{"name":"最近更新","url":"?sort=lastupdate"},{"name":"原創更新","url":"?sort=authorupdate"},{"name":"轉載更新","url":"?sort=masterupdate"},{"name":"總收藏榜","url":"?sort=goodnum"},{"name":"字數排行","url":"?sort=size"}]},{"name":"全本小說","url":"http://www.dwxs.net/modules/article/index.php?fullflag=1"},{"name":"玄幻魔法","url":"http://www.dwxs.net/modules/article/articlelist.php?class=1"},{"name":"武俠修真","url":"http://www.dwxs.net/modules/article/articlelist.php?class=2"},{"name":"都市言情","url":"http://www.dwxs.net/modules/article/articlelist.php?class=3"},{"name":"穿越架空","url":"http://www.dwxs.net/modules/article/articlelist.php?class=9"},{"name":"歷史軍事","url":"http://www.dwxs.net/modules/article/articlelist.php?class=4"},{"name":"遊戲競技","url":"http://www.dwxs.net/modules/article/articlelist.php?class=6"},{"name":"科幻小說","url":"http://www.dwxs.net/modules/article/articlelist.php?class=7"},{"name":"恐怖靈異","url":"http://www.dwxs.net/modules/article/articlelist.php?class=8"},{"name":"同人小說","url":"http://www.dwxs.net/modules/article/articlelist.php?class=10"}]
