[{"name":"玄幻奇幻","url":"https://www.dxs.tw/lb-1/"},{"name":"武俠仙俠","url":"https://www.dxs.tw/lb-2/"},{"name":"都市言情","url":"https://www.dxs.tw/lb-3/"},{"name":"曆史軍事","url":"https://www.dxs.tw/lb-4/"},{"name":"科幻靈異","url":"https://www.dxs.tw/lb-5/"},{"name":"網遊競技","url":"https://www.dxs.tw/lb-6/"},{"name":"女頻頻道","url":"https://www.dxs.tw/lb-7/"},{"name":"其他類別","url":"https://www.dxs.tw/lb-8/"},{"name":"完本小說","url":"https://www.dxs.tw/finish/"},{"name":"新書推薦","url":"https://www.dxs.tw/newbook/"}]
