[{"name":"完本","url":"https://www.x360xs.com/library/","more":true,"subs":[{"name":"全部","url":"quanbu_default_0_0_0_0_2_0_1.html"},{"name":"玄幻","url":"xuanhuan_default_0_0_0_0_2_0_1.html"},{"name":"奇幻","url":"qihuan_default_0_0_0_0_2_0_1.html"},{"name":"武俠","url":"wuxia_default_0_0_0_0_2_0_1.html"},{"name":"仙俠","url":"xianxia_default_0_0_0_0_2_0_1.html"},{"name":"言情","url":"yanqing_default_0_0_0_0_2_0_1.html"},{"name":"都市","url":"dushi_default_0_0_0_0_2_0_1.html"},{"name":"歷史","url":"lishi_default_0_0_0_0_2_0_1.html"},{"name":"軍事","url":"junshi_default_0_0_0_0_2_0_1.html"},{"name":"科幻","url":"kehuan_default_0_0_0_0_2_0_1.html"},{"name":"靈異","url":"lingyi_default_0_0_0_0_2_0_1.html"},{"name":"遊戲","url":"youxi_default_0_0_0_0_2_0_1.html"},{"name":"競技","url":"jingji_default_0_0_0_0_2_0_1.html"},{"name":"美文","url":"meiwen_default_0_0_0_0_2_0_1.html"},{"name":"同人","url":"tongren_default_0_0_0_0_2_0_1.html"},{"name":"其他","url":"qita_default_0_0_0_0_2_0_1.html"}]},{"name":"全部","url":"https://www.x360xs.com/library/quanbu_default_0_0_0_0_0_0_1.html"},{"name":"玄幻","url":"https://www.x360xs.com/library/xuanhuan_default_0_0_0_0_0_0_1.html"},{"name":"奇幻","url":"https://www.x360xs.com/library/qihuan_default_0_0_0_0_0_0_1.html"},{"name":"武俠","url":"https://www.x360xs.com/library/wuxia_default_0_0_0_0_0_0_1.html"},{"name":"仙俠","url":"https://www.x360xs.com/library/xianxia_default_0_0_0_0_0_0_1.html"},{"name":"言情","url":"https://www.x360xs.com/library/yanqing_default_0_0_0_0_0_0_1.html"},{"name":"都市","url":"https://www.x360xs.com/library/dushi_default_0_0_0_0_0_0_1.html"},{"name":"歷史","url":"https://www.x360xs.com/library/lishi_default_0_0_0_0_0_0_1.html"},{"name":"軍事","url":"https://www.x360xs.com/library/junshi_default_0_0_0_0_0_0_1.html"},{"name":"科幻","url":"https://www.x360xs.com/library/kehuan_default_0_0_0_0_0_0_1.html"},{"name":"靈異","url":"https://www.x360xs.com/library/lingyi_default_0_0_0_0_0_0_1.html"},{"name":"遊戲","url":"https://www.x360xs.com/library/youxi_default_0_0_0_0_0_0_1.html"},{"name":"競技","url":"https://www.x360xs.com/library/jingji_default_0_0_0_0_0_0_1.html"},{"name":"美文","url":"https://www.x360xs.com/library/meiwen_default_0_0_0_0_0_0_1.html"},{"name":"同人","url":"https://www.x360xs.com/library/tongren_default_0_0_0_0_0_0_1.html"},{"name":"其他","url":"https://www.x360xs.com/library/qita_default_0_0_0_0_0_0_1.html"}]
