[{"name":"出版類言情","url":"http://www.eyny.com/forum.php?mod=forumdisplay&fid=1677&forumdefstyle=no","catId":"1677","more":true,"subs":[{"name":"全部","url":"&page=1"},{"name":"現代","url":"&typeid=3331&page=1"},{"name":"古代","url":"&typeid=3332&page=1"},{"name":"架空","url":"&typeid=3333&page=1"},{"name":"穿越","url":"&typeid=3334&page=1"},{"name":"翻譯","url":"&typeid=3335&page=1"},{"name":"轉世","url":"&typeid=3336&page=1"}]},{"name":"玄幻魔法","url":"http://www.eyny.com/forum.php?mod=forumdisplay&fid=1775","catId":"1775","more":true,"subs":[{"name":"全部","url":"&page=1"},{"name":"東方玄幻","url":"&typeid=1060&page=1"},{"name":"西方玄幻","url":"&typeid=1061&page=1"},{"name":"異世大陸","url":"&typeid=1062&page=1"},{"name":"異術超能","url":"&typeid=1063&page=1"},{"name":"遠古神話","url":"&typeid=1064&page=1"},{"name":"魔法校園","url":"&typeid=1065&page=1"},{"name":"異世重生","url":"&typeid=1066&page=1"},{"name":"王朝爭霸","url":"&typeid=1067&page=1"}]},{"name":"武俠修真","url":"http://www.eyny.com/forum.php?mod=forumdisplay&fid=1776","catId":"1776","more":true,"subs":[{"name":"全部","url":"&page=1"},{"name":"傳統武俠","url":"&typeid=1079&page=1"},{"name":"浪子異俠","url":"&typeid=1080&page=1"},{"name":"國術武技","url":"&typeid=1081&page=1"},{"name":"新派武俠","url":"&typeid=1082&page=1"},{"name":"古典仙俠","url":"&typeid=1083&page=1"},{"name":"現代修真","url":"&typeid=1084&page=1"},{"name":"奇幻修真","url":"&typeid=1085&page=1"},{"name":"洪荒封神","url":"&typeid=1086&page=1"}]},{"name":"科幻偵探","url":"http://www.eyny.com/forum.php?mod=forumdisplay&fid=1774","catId":"1774","more":true,"subs":[{"name":"全部","url":"&page=1"},{"name":"未來世界","url":"&typeid=1023&page=1"},{"name":"星際戰爭","url":"&typeid=1024&page=1"},{"name":"時空穿越","url":"&typeid=1025&page=1"},{"name":"推理懸疑","url":"&typeid=1026&page=1"},{"name":"古武機甲","url":"&typeid=1027&page=1"},{"name":"進化變異","url":"&typeid=1028&page=1"},{"name":"科技異端","url":"&typeid=1029&page=1"},{"name":"末日幻想","url":"&typeid=1030&page=1"},{"name":"數字生命","url":"&typeid=6225&page=1"}]},{"name":"原創言情","url":"http://www.eyny.com/forum.php?mod=forumdisplay&fid=1773","catId":"1773","more":true,"subs":[{"name":"全部","url":"&page=1"},{"name":"現代言情","url":"&typeid=3386&page=1"},{"name":"古代言情","url":"&typeid=3387&page=1"},{"name":"穿越重生","url":"&typeid=3389&page=1"},{"name":"架空歷史","url":"&typeid=3390&page=1"},{"name":"奇幻異界","url":"&typeid=5686&page=1"},{"name":"玄幻仙俠","url":"&typeid=5687&page=1"},{"name":"科幻網遊","url":"&typeid=5688&page=1"}]},{"name":"都市小說","url":"http://www.eyny.com/forum.php?mod=forumdisplay&fid=1983","catId":"1983","more":true,"subs":[{"name":"全部","url":"&page=1"},{"name":"都市異能","url":"&typeid=1070&page=1"},{"name":"都市生活","url":"&typeid=1071&page=1"},{"name":"都市重生","url":"&typeid=1072&page=1"},{"name":"官場沉浮","url":"&typeid=1073&page=1"},{"name":"青春校園","url":"&typeid=1074&page=1"},{"name":"商戰風雲","url":"&typeid=1075&page=1"},{"name":"恩怨情仇","url":"&typeid=1076&page=1"},{"name":"娛樂明星","url":"&typeid=6224&page=1"},{"name":"鄉土小說","url":"&typeid=6226&page=1"}]},{"name":"輕小說","url":"http://www.eyny.com/forum.php?mod=forumdisplay&fid=1777","catId":"1777","more":true,"subs":[{"name":"全部","url":"&page=1"},{"name":"奇幻/魔法/冒險","url":"&typeid=1090&page=1"},{"name":"校園/青春/戀愛","url":"&typeid=1091&page=1"},{"name":"科幻/偵探/懸疑","url":"&typeid=1092&page=1"},{"name":"黑暗/驚悚/靈異","url":"&typeid=1093&page=1"},{"name":"特典/雜誌/短篇","url":"&typeid=6052&page=1"},{"name":"其他","url":"&typeid=1089&page=1"}]},{"name":"其他小說","url":"http://www.eyny.com/forum.php?mod=forumdisplay&fid=430","catId":"430","more":true,"subs":[{"name":"全部","url":"&page=1"},{"name":"驚悚靈異","url":"&typeid=2386&page=1"},{"name":"軍事戰爭","url":"&typeid=2387&page=1"},{"name":"歷史傳記","url":"&typeid=2388&page=1"},{"name":"網路名家","url":"&typeid=2389&page=1"},{"name":"世界名著","url":"&typeid=2390&page=1"},{"name":"網遊遊戲","url":"&typeid=2391&page=1"},{"name":"運動競技","url":"&typeid=5495&page=1"},{"name":"同人小說","url":"&typeid=5496&page=1"},{"name":"分類未定","url":"&typeid=2385&page=1"}]},{"name":"BL-GL小說","url":"http://www.eyny.com/forum.php?mod=forumdisplay&fid=1676","catId":"1676","more":true,"subs":[{"name":"全部","url":"&page=1"},{"name":"現代","url":"&typeid=303&page=1"},{"name":"古代","url":"&typeid=304&page=1"},{"name":"穿越","url":"&typeid=305&page=1"},{"name":"翻譯","url":"&typeid=306&page=1"},{"name":"GL","url":"&typeid=307&page=1"},{"name":"網遊","url":"&typeid=308&page=1"},{"name":"BL+GL","url":"&typeid=5689&page=1"},{"name":"重生","url":"&typeid=5679&page=1"},{"name":"魔幻","url":"&typeid=5680&page=1"},{"name":"未來","url":"&typeid=5681&page=1"},{"name":"其他","url":"&typeid=302&page=1"}]}]
