[{"name":"完本","url":"http://mm.faloo.com/girl/","more":true,"subs":[{"name":"全部","url":"0/2/0/1.html"},{"name":"古色添香","url":"82/2/0/1.html"},{"name":"都市豪門","url":"83/2/0/1.html"},{"name":"幻想精靈","url":"85/2/0/1.html"},{"name":"青春校園","url":"86/2/0/1.html"},{"name":"穿越架空","url":"87/2/0/1.html"}]},{"name":"全部","url":"https://mm.faloo.com/girl/0/0/0/1.html"},{"name":"古色添香","url":"https://mm.faloo.com/girl/82/0/0/1.html"},{"name":"都市豪門","url":"https://mm.faloo.com/girl/83/0/0/1.html"},{"name":"幻想精靈","url":"https://mm.faloo.com/girl/85/0/0/1.html"},{"name":"青春校園","url":"https://mm.faloo.com/girl/86/0/0/1.html"},{"name":"穿越架空","url":"https://mm.faloo.com/girl/87/0/0/1.html"}]
