[{"name":"完本","url":"https://b.faloo.com/l/","more":true,"subs":[{"name":"全部","url":"0/0/0/0/2/0/1.html"},{"name":"玄幻奇幻","url":"1/0/0/0/2/0/1.html"},{"name":"武俠仙俠","url":"6/0/0/0/2/0/1.html"},{"name":"同人小說","url":"44/0/0/0/2/0/1.html"},{"name":"都市言情","url":"4/0/0/0/2/0/1.html"},{"name":"青春校園","url":"7/0/0/0/2/0/1.html"},{"name":"軍事歷史","url":"3/0/0/0/2/0/1.html"},{"name":"科幻網遊","url":"2/0/0/0/2/0/1.html"},{"name":"恐怖靈異","url":"5/0/0/0/2/0/1.html"},{"name":"短篇其他","url":"9/0/0/0/2/0/1.html"}]},{"name":"免費 (不包含VIP文章)","url":"https://b.faloo.com/l/","more":true,"subs":[{"name":"全部","url":"0/0/0/0/6/0/1.html"},{"name":"玄幻奇幻","url":"1/0/0/0/6/0/1.html"},{"name":"武俠仙俠","url":"6/0/0/0/6/0/1.html"},{"name":"同人小說","url":"44/0/0/0/6/0/1.html"},{"name":"都市言情","url":"4/0/0/0/6/0/1.html"},{"name":"青春校園","url":"7/0/0/0/6/0/1.html"},{"name":"軍事歷史","url":"3/0/0/0/6/0/1.html"},{"name":"科幻網遊","url":"2/0/0/0/6/0/1.html"},{"name":"恐怖靈異","url":"5/0/0/0/6/0/1.html"},{"name":"短篇其他","url":"9/0/0/0/6/0/1.html"}]},{"name":"全部","url":"https://b.faloo.com/l/0/0/0/0/0/0/1.html"},{"name":"玄幻奇幻","url":"https://b.faloo.com/l/1/0/0/0/0/0/1.html"},{"name":"武俠仙俠","url":"https://b.faloo.com/l/6/0/0/0/0/0/1.html"},{"name":"同人小說","url":"https://b.faloo.com/l/44/0/0/0/0/0/1.html"},{"name":"都市言情","url":"https://b.faloo.com/l/4/0/0/0/0/0/1.html"},{"name":"青春校園","url":"https://b.faloo.com/l/7/0/0/0/0/0/1.html"},{"name":"軍事歷史","url":"https://b.faloo.com/l/3/0/0/0/0/0/1.html"},{"name":"科幻網遊","url":"https://b.faloo.com/l/2/0/0/0/0/0/1.html"},{"name":"恐怖靈異","url":"https://b.faloo.com/l/5/0/0/0/0/0/1.html"},{"name":"短篇其他","url":"https://b.faloo.com/l/9/0/0/0/0/0/1.html"}]
