[{"name":"人氣榜單","url":"https://www.fantitxt.com/rank/","more":true,"subs":[{"name":"百度熱搜榜","url":"baidu.html"},{"name":"追書熱度榜","url":"zhuishu.html"},{"name":"書旗熱搜榜","url":"shuqi.html"},{"name":"掌閱熱銷榜","url":"zhangyue.html"},{"name":"起點月票榜","url":"qidian.html"},{"name":"17K鮮花榜","url":"17k.html"}]},{"name":"站內榜單","url":"https://www.fantitxt.com/rank/","more":true,"subs":[{"name":"總點擊","url":"allvisit.html"},{"name":"月點擊","url":"monthvisit.html"},{"name":"周點擊","url":"weekvisit.html"},{"name":"日點擊","url":"dayvisit.html"},{"name":"推薦數","url":"vote.html"},{"name":"收藏數","url":"mark.html"},{"name":"下載數","url":"down.html"},{"name":"評論數","url":"comment.html"},{"name":"評分","url":"star_score.html"},{"name":"入庫時間","url":"postdate.html"}]},{"name":"玄幻","url":"https://www.fantitxt.com/category/xuanhuan.html"},{"name":"奇幻","url":"https://www.fantitxt.com/category/qihuan.html"},{"name":"武俠","url":"https://www.fantitxt.com/category/wuxia.html"},{"name":"仙俠","url":"https://www.fantitxt.com/category/xianxia.html"},{"name":"都市","url":"https://www.fantitxt.com/category/dushi.html"},{"name":"歷史","url":"https://www.fantitxt.com/category/lishi.html"},{"name":"軍事","url":"https://www.fantitxt.com/category/junshi.html"},{"name":"遊戲","url":"https://www.fantitxt.com/category/youxi.html"},{"name":"競技","url":"https://www.fantitxt.com/category/jingji.html"},{"name":"科幻","url":"https://www.fantitxt.com/category/kehuan.html"},{"name":"靈異","url":"https://www.fantitxt.com/category/lingyi.html"},{"name":"其他","url":"https://www.fantitxt.com/category/qita.html"}]
