[{"name":"排行榜","url":"https://www.fd80.com/rank/","more":true,"subs":[{"name":"總排行榜","url":"allvisit/1.html"},{"name":"月排行榜","url":"monthvisit/1.html"},{"name":"周排行榜","url":"weekvisit/1.html"},{"name":"日排行榜","url":"dayvisit/1.html"},{"name":"收藏榜","url":"goodnum/1.html"},{"name":"字數榜","url":"words/1.html"},{"name":"推薦榜","url":"allvote/1.html"},{"name":"新書榜","url":"postdate/1.html"},{"name":"更新榜","url":"lastupdate/1.html"}]},{"name":"完本","url":"https://www.fd80.com/full/","more":true,"subs":[{"name":"全部","url":"all/1.html"},{"name":"玄幻魔幻","url":"xhtxt/1.html"},{"name":"武俠仙俠","url":"wxtxt/1.htmll"},{"name":"都市言情","url":"dstxt/1.html"},{"name":"歷史軍事","url":"lstxt/1.html"},{"name":"網遊競技","url":"wytxt/1.html"},{"name":"科幻靈異","url":"khtxt/1.html"},{"name":"其它類型","url":"qttxt/1.html"},{"name":"女生頻道","url":"nstxt/1.html"}]},{"name":"全部","url":"https://www.fd80.com/list/all/1.html"},{"name":"玄幻魔幻","url":"https://www.fd80.com/list/xhtxt/1.html"},{"name":"武俠仙俠","url":"https://www.fd80.com/list/wxtxt/1.htmll"},{"name":"都市言情","url":"https://www.fd80.com/list/dstxt/1.html"},{"name":"歷史軍事","url":"https://www.fd80.com/list/lstxt/1.html"},{"name":"網遊競技","url":"https://www.fd80.com/list/wytxt/1.html"},{"name":"科幻靈異","url":"https://www.fd80.com/list/khtxt/1.html"},{"name":"其它類型","url":"https://www.fd80.com/list/qttxt/1.html"},{"name":"女生頻道","url":"https://www.fd80.com/list/nstxt/1.html"}]
