[{"name":"全本","url":"https://www.fd80s.com/full/all/1.html"},{"name":"玄幻","url":"https://www.fd80s.com/list/xhtxt/1.html"},{"name":"武俠","url":"https://www.fd80s.com/list/wxtxt/1.html"},{"name":"都市","url":"https://www.fd80s.com/list/dstxt/1.html"},{"name":"歷史","url":"https://www.fd80s.com/list/lstxt/1.html"},{"name":"網游","url":"https://www.fd80s.com/list/wytxt/1.html"},{"name":"科幻","url":"https://www.fd80s.com/list/khtxt/1.html"},{"name":"其它","url":"https://www.fd80s.com/list/qttxt/1.html"},{"name":"女生","url":"https://www.fd80s.com/list/nstxt/1.html"}]
