[{"name":"全本小說","url":"https://www.feibzw.com/book/showbookover.aspx"},{"name":"全部","url":"https://www.feibzw.com/book/showbooklist.aspx"},{"name":"奇幻玄幻","url":"https://www.feibzw.com/book/lc/1.aspx"},{"name":"武俠仙俠","url":"https://www.feibzw.com/book/lc/2.aspx"},{"name":"都市小說","url":"https://www.feibzw.com/book/lc/3.aspx"},{"name":"歷史軍事","url":"https://www.feibzw.com/book/lc/4.aspx"},{"name":"遊戲競技","url":"https://www.feibzw.com/book/lc/5.aspx"},{"name":"科幻靈異","url":"https://www.feibzw.com/book/lc/6.aspx"},{"name":"同人小說","url":"https://www.feibzw.com/book/lc/7.aspx"},{"name":"女頻言情","url":"https://www.feibzw.com/book/lc/8.aspx"},{"name":"其他小說","url":"https://www.feibzw.com/book/lc/9.aspx"}]
