[{"name":"全本小說","url":"https://www.feibzw.com/full-1/"},{"name":"全部小说","url":"https://www.feibzw.com/sort.html"},{"name":"奇幻玄幻","url":"https://www.feibzw.com/sort-1-1/"},{"name":"武俠仙俠","url":"https://www.feibzw.com/sort-2-1/"},{"name":"都市小說","url":"https://www.feibzw.com/sort-3-1/"},{"name":"歷史軍事","url":"https://www.feibzw.com/sort-4-1/"},{"name":"遊戲競技","url":"https://www.feibzw.com/sort-5-1/"},{"name":"科幻靈異","url":"https://www.feibzw.com/sort-6-1/"},{"name":"同人小說","url":"https://www.feibzw.com/sort-7-1/"},{"name":"女頻言情","url":"https://www.feibzw.com/sort-8-1/"},{"name":"其他小說","url":"https://www.feibzw.com/sort-9-1/"}]
