[{"name":"總排行榜","url":"https://www.ffxs8.top/sort/"},{"name":"都市言情","url":"https://www.ffxs8.top/dsyq/"},{"name":"玄幻魔法","url":"https://www.ffxs8.top/xhmf/"},{"name":"武俠修真","url":"https://www.ffxs8.top/wxxz/"},{"name":"穿越架空","url":"https://www.ffxs8.top/cyjk/"},{"name":"科幻競技","url":"https://www.ffxs8.top/khjj/"},{"name":"軍事歷史","url":"https://www.ffxs8.top/jsls/"},{"name":"鬼話懸疑","url":"https://www.ffxs8.top/ghxy/"},{"name":"耽美小說","url":"https://www.ffxs8.top/smtr/"},{"name":"同人小說","url":"https://www.ffxs8.top/trxs/"},{"name":"官場商戰","url":"https://www.ffxs8.top/gcsz/"},{"name":"鄉土風情","url":"https://www.ffxs8.top/xtfq/"}]
