[{"name":"總排行榜","url":"http://www.ffxs8.com/sort/"},{"name":"都市言情","url":"http://www.ffxs8.com/dsyq/"},{"name":"玄幻魔法","url":"http://www.ffxs8.com/xhmf/"},{"name":"武俠修真","url":"http://www.ffxs8.com/wxxz/"},{"name":"穿越架空","url":"http://www.ffxs8.com/cyjk/"},{"name":"科幻競技","url":"http://www.ffxs8.com/khjj/"},{"name":"軍事歷史","url":"http://www.ffxs8.com/jsls/"},{"name":"鬼話懸疑","url":"http://www.ffxs8.com/ghxy/"},{"name":"耽美小說","url":"http://www.ffxs8.com/smtr/"},{"name":"同人小說","url":"http://www.ffxs8.com/trxs/"},{"name":"官場商戰","url":"http://www.ffxs8.com/gcsz/"},{"name":"鄉土風情","url":"http://www.ffxs8.com/xtfq/"}]
