[{"name":"作家列表","url":"https://www.fnxsw.com/chs/writer/","more":true,"subs":[{"name":"A","url":"writerA.html"},{"name":"B","url":"writerB.html"},{"name":"C","url":"writerC.html"},{"name":"D","url":"writerD.html"},{"name":"E","url":"writerE.html","nonovels":true},{"name":"F","url":"writerF.html"},{"name":"G","url":"writerG.html"},{"name":"H","url":"writerH.html"},{"name":"I","url":"writerI.html","nonovels":true},{"name":"J","url":"writerJ.html"},{"name":"K","url":"writerK.html"},{"name":"L","url":"writerL.html"},{"name":"M","url":"writerM.html"},{"name":"N","url":"writerN.html"},{"name":"O","url":"writerO.html"},{"name":"P","url":"writerP.html"},{"name":"Q","url":"writerQ.html"},{"name":"R","url":"writerR.html"},{"name":"S","url":"writerS.html"},{"name":"T","url":"writerT.html"},{"name":"U","url":"writerU.html","nonovels":true},{"name":"V","url":"writerV.html","nonovels":true},{"name":"W","url":"writerW.html"},{"name":"X","url":"writerX.html"},{"name":"Y","url":"writerY.html"},{"name":"Z","url":"writerZ.html"}]},{"name":"言情小說","url":"https://www.fnxsw.com/chs/sort/1/1.html"},{"name":"武俠小說","url":"https://www.fnxsw.com/chs/sort/2/1.html"},{"name":"科幻小說","url":"https://www.fnxsw.com/chs/sort/3/1.html"}]
