[{"name":"現代都市","url":"https://www.fushuwang.org/xiandaidushi/"},{"name":"古代架空","url":"https://www.fushuwang.org/gudaijiakong/"},{"name":"穿越重生","url":"https://www.fushuwang.org/chuanyuechongsheng/"},{"name":"玄幻靈異","url":"https://www.fushuwang.org/xuanhuanlingyi/"},{"name":"推理懸疑","url":"https://www.fushuwang.org/tuilixuanyi/"},{"name":"網遊競技","url":"https://www.fushuwang.org/wangyoujingji/"},{"name":"BL同人","url":"https://www.fushuwang.org/BLtongren/"},{"name":"GL百合","url":"https://www.fushuwang.org/GLbaihe/"}]
