[{"name":"完本","url":"https://www.fxnzw.com/fxnlist/topend_.html"},{"name":"女生","url":"https://www.fxnzw.com/fxnlist/topmm_.html"},{"name":"玄幻","url":"https://www.fxnzw.com/fxnlist/%E7%8E%84%E5%B9%BB.html"},{"name":"奇幻","url":"https://www.fxnzw.com/fxnlist/%E5%A5%87%E5%B9%BB.html"},{"name":"武俠","url":"https://www.fxnzw.com/fxnlist/%E6%AD%A6%E4%BE%A0.html"},{"name":"仙俠","url":"https://www.fxnzw.com/fxnlist/%E4%BB%99%E4%BE%A0.html"},{"name":"都市","url":"https://www.fxnzw.com/fxnlist/%E9%83%BD%E5%B8%82.html"},{"name":"言情","url":"https://www.fxnzw.com/fxnlist/%E8%A8%80%E6%83%85.html"},{"name":"軍事","url":"https://www.fxnzw.com/fxnlist/%E5%86%9B%E4%BA%8B.html"},{"name":"歷史","url":"https://www.fxnzw.com/fxnlist/%E5%8E%86%E5%8F%B2.html"},{"name":"科幻","url":"https://www.fxnzw.com/fxnlist/%E7%A7%91%E5%B9%BB.html"},{"name":"懸疑","url":"https://www.fxnzw.com/fxnlist/%E6%82%AC%E7%96%91.html"}]
