[{"name":"玄幻修真","url":"https://www.ggdowns.cc/1_1.html"},{"name":"都市商戰","url":"https://www.ggdowns.cc/2_1.html"},{"name":"歷史軍事","url":"https://www.ggdowns.cc/3_1.html"},{"name":"網遊科幻","url":"https://www.ggdowns.cc/4_1.html"},{"name":"恐怖推理","url":"https://www.ggdowns.cc/5_1.html"},{"name":"穿越架空","url":"https://www.ggdowns.cc/6_1.html"},{"name":"古典言情","url":"https://www.ggdowns.cc/7_1.html"},{"name":"現代言情","url":"https://www.ggdowns.cc/8_1.html"},{"name":"耽美同人","url":"https://www.ggdowns.cc/9_1.html"},{"name":"綜合其他","url":"https://www.ggdowns.cc/10_1.html"}]
