[{"name":"純愛","url":"https://www.gongzicp.com/home/indexType?a=75&","more":true,"subs":[{"name":"全部","url":"f=3&o=0&page=1"},{"name":"古代","url":"r=3&f=3&o=0&page=1"},{"name":"現代","url":"r=1&f=3&o=0&page=1"},{"name":"幻想","url":"r=4&f=3&o=0&page=1"},{"name":"懸疑","url":"r=6&f=3&o=0&page=1"},{"name":"短佩","url":"r=66&f=3&o=0&page=1"},{"name":"架空","url":"r=9&f=3&o=0&page=1"}]},{"name":"言情","url":"https://www.gongzicp.com/home/indexType?a=74&","more":true,"subs":[{"name":"全部","url":"f=3&o=0&page=1"},{"name":"古代","url":"r=96&f=3&o=0&page=1"},{"name":"現代","url":"r=97&f=3&o=0&page=1"},{"name":"懸疑","url":"r=99&f=3&o=0&page=1"},{"name":"幻想","url":"r=100&f=3&o=0&page=1"}]},{"name":"原創","url":"https://www.gongzicp.com/home/indexType?a=73&","more":true,"subs":[{"name":"全部","url":"f=3&o=0&page=1"},{"name":"古代","url":"r=140&f=3&o=0&page=1"},{"name":"現代","url":"r=141&f=3&o=0&page=1"},{"name":"幻想","url":"r=142&f=3&o=0&page=1"},{"name":"懸疑","url":"r=143&f=3&o=0&page=1"},{"name":"短佩","url":"r=144&f=3&o=0&page=1"},{"name":"架空","url":"r=145&f=3&o=0&page=1"}]},{"name":"百合","url":"https://www.gongzicp.com/home/indexType?a=17&","more":true,"subs":[{"name":"全部","url":"f=3&o=0&page=1"},{"name":"現代","url":"r=123&f=3&o=0&page=1"},{"name":"古代","url":"r=124&f=3&o=0&page=1"},{"name":"架空","url":"r=125&f=3&o=0&page=1"},{"name":"幻想","url":"r=126&f=3&o=0&page=1"},{"name":"懸疑","url":"r=127&f=3&o=0&page=1"},{"name":"短佩","url":"r=150&f=3&o=0&page=1"}]}]
