[{"name":"影視原著","url":"https://www.dugujin.com/ys/"},{"name":"武俠小說","url":"https://www.dugujin.com/wuxia/"},{"name":"言情小說","url":"https://www.dugujin.com/yanqing/"},{"name":"都市小說","url":"https://www.dugujin.com/dushi/"},{"name":"恐怖小說","url":"https://www.dugujin.com/kongbu/"},{"name":"科幻小說","url":"https://www.dugujin.com/kehuan/"},{"name":"網絡小說","url":"https://www.dugujin.com/wangluo/"},{"name":"靈異懸疑","url":"https://www.dugujin.com/lingyi/"},{"name":"古典小說","url":"https://www.dugujin.com/gudian/"},{"name":"國學經典","url":"https://www.dugujin.com/guoxue/"},{"name":"外國文學","url":"https://www.dugujin.com/waiguo/"},{"name":"現代文學","url":"https://www.dugujin.com/xiandai/"},{"name":"散文隨筆","url":"https://www.dugujin.com/sanwen/"}]
