[{"name":"原著小說","url":"https://www.dugujin.com/yz/"},{"name":"影視小說","url":"https://www.dugujin.com/ys/"},{"name":"武俠小說","url":"https://www.dugujin.com/wuxia/"},{"name":"言情小說","url":"https://www.dugujin.com/yanqing/"},{"name":"都市文學","url":"https://www.dugujin.com/dushi/"},{"name":"科幻小說","url":"https://www.dugujin.com/kehuan/"},{"name":"網絡小說","url":"https://www.dugujin.com/wangluo/"},{"name":"外國文學","url":"https://www.dugujin.com/waiguo/"},{"name":"現代文學","url":"https://www.dugujin.com/xiandai/"}]
