[{"name":"排行榜","url":"https://www.hengfaienterprises.com/other/rank_hits/","more":true,"subs":[{"name":"總排行榜","url":"order/hits.html"},{"name":"當月排行榜","url":"order/hits_month.html"},{"name":"本週排行榜","url":"order/hits_week.html"},{"name":"當日排行榜","url":"order/hits_day.html"},{"name":"總收藏榜","url":"order/favorites.html"},{"name":"新書榜","url":"newbook/1.html"}]},{"name":"今日更新","url":"https://www.hengfaienterprises.com/"},{"name":"奇幻","url":"https://www.hengfaienterprises.com/he/18.html"},{"name":"武俠","url":"https://www.hengfaienterprises.com/he/19.html"},{"name":"歷史","url":"https://www.hengfaienterprises.com/he/20.html"},{"name":"都市","url":"https://www.hengfaienterprises.com/he/21.html"},{"name":"科幻","url":"https://www.hengfaienterprises.com/he/22.html"},{"name":"懸疑","url":"https://www.hengfaienterprises.com/he/23.html"},{"name":"遊戲","url":"https://www.hengfaienterprises.com/he/34.html"},{"name":"其他","url":"https://www.hengfaienterprises.com/he/35.html"}]
