[{"name":"全本","url":"https://m.007zw.com/full-1/"},{"name":"玄幻小說","url":"https://m.007zw.com/sort-1-1/"},{"name":"仙俠小說","url":"https://m.007zw.com/sort-2-1/"},{"name":"都市小說","url":"https://m.007zw.com/sort-3-1/"},{"name":"歷史小說","url":"https://m.007zw.com/sort-4-1/"},{"name":"遊戲小說","url":"https://m.007zw.com/sort-5-1/"},{"name":"科幻小說","url":"https://m.007zw.com/sort-6-1/"},{"name":"恐怖小說","url":"https://m.007zw.com/sort-7-1/"},{"name":"女生小說","url":"https://m.007zw.com/sort-8-1/"},{"name":"其他小說","url":"https://m.007zw.com/sort-9-1/"}]
