[{"name":"男生","url":"https://www.hongxiu.com/all?gender=1","more":true,"subs":[{"name":"完本 (免費)","url":"https://www.hongxiu.com/all?gender=1","more":true,"subs":[{"name":"全部","url":"&pageNum=1&pageSize=30&catId=-1&isFinish=1&isVip=1&size=-1&updT=-1&orderBy=3"},{"name":"玄幻","url":"&pageNum=1&pageSize=30&catId=20001&isFinish=1&isVip=1&size=-1&updT=-1&orderBy=3"},{"name":"奇幻","url":"&pageNum=1&pageSize=30&catId=20005&isFinish=1&isVip=1&size=-1&updT=-1&orderBy=3"},{"name":"武俠","url":"&pageNum=1&pageSize=30&catId=20010&isFinish=1&isVip=1&size=-1&updT=-1&orderBy=3"},{"name":"仙俠","url":"&pageNum=1&pageSize=30&catId=20014&isFinish=1&isVip=1&size=-1&updT=-1&orderBy=3"},{"name":"都市","url":"&pageNum=1&pageSize=30&catId=20019&isFinish=1&isVip=1&size=-1&updT=-1&orderBy=3"},{"name":"現實","url":"&pageNum=1&pageSize=30&catId=20065&isFinish=1&isVip=1&size=-1&updT=-1&orderBy=3"},{"name":"軍事","url":"&pageNum=1&pageSize=30&catId=20032&isFinish=1&isVip=1&size=-1&updT=-1&orderBy=3"},{"name":"歷史","url":"&pageNum=1&pageSize=30&catId=20028&isFinish=1&isVip=1&size=-1&updT=-1&orderBy=3"},{"name":"遊戲","url":"&pageNum=1&pageSize=30&catId=20050&isFinish=1&isVip=1&size=-1&updT=-1&orderBy=3"},{"name":"體育","url":"&pageNum=1&pageSize=30&catId=20054&isFinish=1&isVip=1&size=-1&updT=-1&orderBy=3"},{"name":"科幻","url":"&pageNum=1&pageSize=30&catId=20042&isFinish=1&isVip=1&size=-1&updT=-1&orderBy=3"},{"name":"靈異","url":"&pageNum=1&pageSize=30&catId=20037&isFinish=1&isVip=1&size=-1&updT=-1&orderBy=3"},{"name":"二次元","url":"&pageNum=1&pageSize=30&catId=20059&isFinish=1&isVip=1&size=-1&updT=-1&orderBy=3"},{"name":"短篇","url":"&pageNum=1&pageSize=30&catId=20076&isFinish=1&isVip=1&size=-1&updT=-1&orderBy=3"}]},{"name":"完本","url":"https://www.hongxiu.com/all?gender=1","more":true,"subs":[{"name":"全部","url":"&pageNum=1&pageSize=30&catId=-1&isFinish=1&isVip=-1&size=-1&updT=-1&orderBy=3"},{"name":"玄幻","url":"&pageNum=1&pageSize=30&catId=20001&isFinish=1&isVip=-1&size=-1&updT=-1&orderBy=3"},{"name":"奇幻","url":"&pageNum=1&pageSize=30&catId=20005&isFinish=1&isVip=-1&size=-1&updT=-1&orderBy=3"},{"name":"武俠","url":"&pageNum=1&pageSize=30&catId=20010&isFinish=1&isVip=-1&size=-1&updT=-1&orderBy=3"},{"name":"仙俠","url":"&pageNum=1&pageSize=30&catId=20014&isFinish=1&isVip=-1&size=-1&updT=-1&orderBy=3"},{"name":"都市","url":"&pageNum=1&pageSize=30&catId=20019&isFinish=1&isVip=-1&size=-1&updT=-1&orderBy=3"},{"name":"現實","url":"&pageNum=1&pageSize=30&catId=20065&isFinish=1&isVip=-1&size=-1&updT=-1&orderBy=3"},{"name":"軍事","url":"&pageNum=1&pageSize=30&catId=20032&isFinish=1&isVip=-1&size=-1&updT=-1&orderBy=3"},{"name":"歷史","url":"&pageNum=1&pageSize=30&catId=20028&isFinish=1&isVip=-1&size=-1&updT=-1&orderBy=3"},{"name":"遊戲","url":"&pageNum=1&pageSize=30&catId=20050&isFinish=1&isVip=-1&size=-1&updT=-1&orderBy=3"},{"name":"體育","url":"&pageNum=1&pageSize=30&catId=20054&isFinish=1&isVip=-1&size=-1&updT=-1&orderBy=3"},{"name":"科幻","url":"&pageNum=1&pageSize=30&catId=20042&isFinish=1&isVip=-1&size=-1&updT=-1&orderBy=3"},{"name":"靈異","url":"&pageNum=1&pageSize=30&catId=20037&isFinish=1&isVip=-1&size=-1&updT=-1&orderBy=3"},{"name":"二次元","url":"&pageNum=1&pageSize=30&catId=20059&isFinish=1&isVip=-1&size=-1&updT=-1&orderBy=3"},{"name":"短篇","url":"&pageNum=1&pageSize=30&catId=20076&isFinish=1&isVip=-1&size=-1&updT=-1&orderBy=3"}]},{"name":"免費","url":"https://www.hongxiu.com/all?gender=1","more":true,"subs":[{"name":"全部","url":"&pageNum=1&pageSize=30&catId=-1&isFinish=-1&isVip=1&size=-1&updT=-1&orderBy=3"},{"name":"玄幻","url":"&pageNum=1&pageSize=30&catId=20001&isFinish=-1&isVip=1&size=-1&updT=-1&orderBy=3"},{"name":"奇幻","url":"&pageNum=1&pageSize=30&catId=20005&isFinish=-1&isVip=1&size=-1&updT=-1&orderBy=3"},{"name":"武俠","url":"&pageNum=1&pageSize=30&catId=20010&isFinish=-1&isVip=1&size=-1&updT=-1&orderBy=3"},{"name":"仙俠","url":"&pageNum=1&pageSize=30&catId=20014&isFinish=-1&isVip=1&size=-1&updT=-1&orderBy=3"},{"name":"都市","url":"&pageNum=1&pageSize=30&catId=20019&isFinish=-1&isVip=1&size=-1&updT=-1&orderBy=3"},{"name":"現實","url":"&pageNum=1&pageSize=30&catId=20065&isFinish=-1&isVip=1&size=-1&updT=-1&orderBy=3"},{"name":"軍事","url":"&pageNum=1&pageSize=30&catId=20032&isFinish=-1&isVip=1&size=-1&updT=-1&orderBy=3"},{"name":"歷史","url":"&pageNum=1&pageSize=30&catId=20028&isFinish=-1&isVip=1&size=-1&updT=-1&orderBy=3"},{"name":"遊戲","url":"&pageNum=1&pageSize=30&catId=20050&isFinish=-1&isVip=1&size=-1&updT=-1&orderBy=3"},{"name":"體育","url":"&pageNum=1&pageSize=30&catId=20054&isFinish=-1&isVip=1&size=-1&updT=-1&orderBy=3"},{"name":"科幻","url":"&pageNum=1&pageSize=30&catId=20042&isFinish=-1&isVip=1&size=-1&updT=-1&orderBy=3"},{"name":"靈異","url":"&pageNum=1&pageSize=30&catId=20037&isFinish=-1&isVip=1&size=-1&updT=-1&orderBy=3"},{"name":"二次元","url":"&pageNum=1&pageSize=30&catId=20059&isFinish=-1&isVip=1&size=-1&updT=-1&orderBy=3"},{"name":"短篇","url":"&pageNum=1&pageSize=30&catId=20076&isFinish=-1&isVip=1&size=-1&updT=-1&orderBy=3"}]},{"name":"全部","url":"&pageNum=1&pageSize=30&catId=-1&isFinish=-1&isVip=-1&size=-1&updT=-1&orderBy=3"},{"name":"玄幻","url":"&pageNum=1&pageSize=30&catId=20001&isFinish=-1&isVip=-1&size=-1&updT=-1&orderBy=3"},{"name":"奇幻","url":"&pageNum=1&pageSize=30&catId=20005&isFinish=-1&isVip=-1&size=-1&updT=-1&orderBy=3"},{"name":"武俠","url":"&pageNum=1&pageSize=30&catId=20010&isFinish=-1&isVip=-1&size=-1&updT=-1&orderBy=3"},{"name":"仙俠","url":"&pageNum=1&pageSize=30&catId=20014&isFinish=-1&isVip=-1&size=-1&updT=-1&orderBy=3"},{"name":"都市","url":"&pageNum=1&pageSize=30&catId=20019&isFinish=-1&isVip=-1&size=-1&updT=-1&orderBy=3"},{"name":"現實","url":"&pageNum=1&pageSize=30&catId=20065&isFinish=-1&isVip=-1&size=-1&updT=-1&orderBy=3"},{"name":"軍事","url":"&pageNum=1&pageSize=30&catId=20032&isFinish=-1&isVip=-1&size=-1&updT=-1&orderBy=3"},{"name":"歷史","url":"&pageNum=1&pageSize=30&catId=20028&isFinish=-1&isVip=-1&size=-1&updT=-1&orderBy=3"},{"name":"遊戲","url":"&pageNum=1&pageSize=30&catId=20050&isFinish=-1&isVip=-1&size=-1&updT=-1&orderBy=3"},{"name":"體育","url":"&pageNum=1&pageSize=30&catId=20054&isFinish=-1&isVip=-1&size=-1&updT=-1&orderBy=3"},{"name":"科幻","url":"&pageNum=1&pageSize=30&catId=20042&isFinish=-1&isVip=-1&size=-1&updT=-1&orderBy=3"},{"name":"靈異","url":"&pageNum=1&pageSize=30&catId=20037&isFinish=-1&isVip=-1&size=-1&updT=-1&orderBy=3"},{"name":"二次元","url":"&pageNum=1&pageSize=30&catId=20059&isFinish=-1&isVip=-1&size=-1&updT=-1&orderBy=3"},{"name":"短篇","url":"&pageNum=1&pageSize=30&catId=20076&isFinish=-1&isVip=-1&size=-1&updT=-1&orderBy=3"}]},{"name":"女生","url":"https://www.hongxiu.com/all?gender=2","more":true,"subs":[{"name":"完本 (免費)","url":"https://www.hongxiu.com/all?gender=2","more":true,"subs":[{"name":"全部","url":"&pageNum=1&pageSize=30&catId=-1&isFinish=1&isVip=1&size=-1&updT=-1&orderBy=3"},{"name":"現代言情","url":"&pageNum=1&pageSize=30&catId=30020&isFinish=1&isVip=1&size=-1&updT=-1&orderBy=3"},{"name":"古代言情","url":"&pageNum=1&pageSize=30&catId=30013&isFinish=1&isVip=1&size=-1&updT=-1&orderBy=3"},{"name":"浪漫青春","url":"&pageNum=1&pageSize=30&catId=30031&isFinish=1&isVip=1&size=-1&updT=-1&orderBy=3"},{"name":"玄幻言情","url":"&pageNum=1&pageSize=30&catId=30001&isFinish=1&isVip=1&size=-1&updT=-1&orderBy=3"},{"name":"仙俠奇緣","url":"&pageNum=1&pageSize=30&catId=30008&isFinish=1&isVip=1&size=-1&updT=-1&orderBy=3"},{"name":"懸疑靈異","url":"&pageNum=1&pageSize=30&catId=30036&isFinish=1&isVip=1&size=-1&updT=-1&orderBy=3"},{"name":"科幻空間","url":"&pageNum=1&pageSize=30&catId=30042&isFinish=1&isVip=1&size=-1&updT=-1&orderBy=3"},{"name":"遊戲競技","url":"&pageNum=1&pageSize=30&catId=30050&isFinish=1&isVip=1&size=-1&updT=-1&orderBy=3"},{"name":"短篇小說","url":"&pageNum=1&pageSize=30&catId=30083&isFinish=1&isVip=1&size=-1&updT=-1&orderBy=3"},{"name":"N次元","url":"&pageNum=1&pageSize=30&catId=30055&isFinish=1&isVip=1&size=-1&updT=-1&orderBy=3"}]},{"name":"完本","url":"https://www.hongxiu.com/all?gender=2","more":true,"subs":[{"name":"全部","url":"&pageNum=1&pageSize=30&catId=-1&isFinish=1&isVip=-1&size=-1&updT=-1&orderBy=3"},{"name":"現代言情","url":"&pageNum=1&pageSize=30&catId=30020&isFinish=1&isVip=-1&size=-1&updT=-1&orderBy=3"},{"name":"古代言情","url":"&pageNum=1&pageSize=30&catId=30013&isFinish=1&isVip=-1&size=-1&updT=-1&orderBy=3"},{"name":"浪漫青春","url":"&pageNum=1&pageSize=30&catId=30031&isFinish=1&isVip=-1&size=-1&updT=-1&orderBy=3"},{"name":"玄幻言情","url":"&pageNum=1&pageSize=30&catId=30001&isFinish=1&isVip=-1&size=-1&updT=-1&orderBy=3"},{"name":"仙俠奇緣","url":"&pageNum=1&pageSize=30&catId=30008&isFinish=1&isVip=-1&size=-1&updT=-1&orderBy=3"},{"name":"懸疑靈異","url":"&pageNum=1&pageSize=30&catId=30036&isFinish=1&isVip=-1&size=-1&updT=-1&orderBy=3"},{"name":"科幻空間","url":"&pageNum=1&pageSize=30&catId=30042&isFinish=1&isVip=-1&size=-1&updT=-1&orderBy=3"},{"name":"遊戲競技","url":"&pageNum=1&pageSize=30&catId=30050&isFinish=1&isVip=-1&size=-1&updT=-1&orderBy=3"},{"name":"短篇小說","url":"&pageNum=1&pageSize=30&catId=30083&isFinish=1&isVip=-1&size=-1&updT=-1&orderBy=3"},{"name":"N次元","url":"&pageNum=1&pageSize=30&catId=30055&isFinish=1&isVip=-1&size=-1&updT=-1&orderBy=3"}]},{"name":"免費","url":"https://www.hongxiu.com/all?gender=2","more":true,"subs":[{"name":"全部","url":"&pageNum=1&pageSize=30&catId=-1&isFinish=1&isVip=1&size=-1&updT=-1&orderBy=3"},{"name":"現代言情","url":"&pageNum=1&pageSize=30&catId=30020&isFinish=1&isVip=1&size=-1&updT=-1&orderBy=3"},{"name":"古代言情","url":"&pageNum=1&pageSize=30&catId=30013&isFinish=1&isVip=1&size=-1&updT=-1&orderBy=3"},{"name":"浪漫青春","url":"&pageNum=1&pageSize=30&catId=30031&isFinish=1&isVip=1&size=-1&updT=-1&orderBy=3"},{"name":"玄幻言情","url":"&pageNum=1&pageSize=30&catId=30001&isFinish=1&isVip=1&size=-1&updT=-1&orderBy=3"},{"name":"仙俠奇緣","url":"&pageNum=1&pageSize=30&catId=30008&isFinish=1&isVip=1&size=-1&updT=-1&orderBy=3"},{"name":"懸疑靈異","url":"&pageNum=1&pageSize=30&catId=30036&isFinish=1&isVip=1&size=-1&updT=-1&orderBy=3"},{"name":"科幻空間","url":"&pageNum=1&pageSize=30&catId=30042&isFinish=1&isVip=1&size=-1&updT=-1&orderBy=3"},{"name":"遊戲競技","url":"&pageNum=1&pageSize=30&catId=30050&isFinish=1&isVip=1&size=-1&updT=-1&orderBy=3"},{"name":"短篇小說","url":"&pageNum=1&pageSize=30&catId=30083&isFinish=1&isVip=1&size=-1&updT=-1&orderBy=3"},{"name":"N次元","url":"&pageNum=1&pageSize=30&catId=30055&isFinish=1&isVip=1&size=-1&updT=-1&orderBy=3"}]},{"name":"全部","url":"&pageNum=1&pageSize=30&catId=-1&isFinish=-1&isVip=-1&size=-1&updT=-1&orderBy=3"},{"name":"現代言情","url":"&pageNum=1&pageSize=30&catId=30020&isFinish=-1&isVip=-1&size=-1&updT=-1&orderBy=3"},{"name":"古代言情","url":"&pageNum=1&pageSize=30&catId=30013&isFinish=-1&isVip=-1&size=-1&updT=-1&orderBy=3"},{"name":"浪漫青春","url":"&pageNum=1&pageSize=30&catId=30031&isFinish=-1&isVip=-1&size=-1&updT=-1&orderBy=3"},{"name":"玄幻言情","url":"&pageNum=1&pageSize=30&catId=30001&isFinish=-1&isVip=-1&size=-1&updT=-1&orderBy=3"},{"name":"仙俠奇緣","url":"&pageNum=1&pageSize=30&catId=30008&isFinish=-1&isVip=-1&size=-1&updT=-1&orderBy=3"},{"name":"懸疑靈異","url":"&pageNum=1&pageSize=30&catId=30036&isFinish=-1&isVip=-1&size=-1&updT=-1&orderBy=3"},{"name":"科幻空間","url":"&pageNum=1&pageSize=30&catId=30042&isFinish=-1&isVip=-1&size=-1&updT=-1&orderBy=3"},{"name":"遊戲競技","url":"&pageNum=1&pageSize=30&catId=30050&isFinish=-1&isVip=-1&size=-1&updT=-1&orderBy=3"},{"name":"短篇小說","url":"&pageNum=1&pageSize=30&catId=30083&isFinish=-1&isVip=-1&size=-1&updT=-1&orderBy=3"},{"name":"N次元","url":"&pageNum=1&pageSize=30&catId=30055&isFinish=-1&isVip=-1&size=-1&updT=-1&orderBy=3"}]}]
