[{"name":"已完結","url":"https://book.zongheng.com/store/","more":true,"subs":[{"name":"全部作品","url":"c0/c0/b1/u0/p1/v9/s1/t0/ALL.html"},{"name":"古代言情","url":"c32/c0/b1/u0/p1/v9/s1/t0/ALL.html"},{"name":"都市言情","url":"c31/c0/b1/u0/p1/v9/s1/t0/ALL.html"},{"name":"幻想時空","url":"c33/c0/b1/u0/p1/v9/s1/t0/ALL.html"},{"name":"耽美同人","url":"c34/c0/b1/u0/p1/v9/s1/t0/ALL.html"},{"name":"短篇美文","url":"c35/c0/b1/u0/p1/v9/s1/t0/ALL.html"}]},{"name":"已完結 (不包含 VIP 作品)","url":"https://book.zongheng.com/store/","more":true,"subs":[{"name":"全部作品","url":"c0/c0/b1/u0/p1/v0/s1/t0/ALL.html"},{"name":"古代言情","url":"c32/c0/b1/u0/p1/v0/s1/t0/ALL.html"},{"name":"都市言情","url":"c31/c0/b1/u0/p1/v0/s1/t0/ALL.html"},{"name":"幻想時空","url":"c33/c0/b1/u0/p1/v0/s1/t0/ALL.html"},{"name":"耽美同人","url":"c34/c0/b1/u0/p1/v0/s1/t0/ALL.html"},{"name":"短篇美文","url":"c35/c0/b1/u0/p1/v0/s1/t0/ALL.html"}]},{"name":"免費 (不包含 VIP 作品)","url":"https://book.zongheng.com/store/","more":true,"subs":[{"name":"全部作品","url":"c0/c0/b1/u0/p1/v0/s9/t0/ALL.html"},{"name":"古代言情","url":"c32/c0/b1/u0/p1/v0/s9/t0/ALL.html"},{"name":"都市言情","url":"c31/c0/b1/u0/p1/v0/s9/t0/ALL.html"},{"name":"幻想時空","url":"c33/c0/b1/u0/p1/v0/s9/t0/ALL.html"},{"name":"耽美同人","url":"c34/c0/b1/u0/p1/v0/s9/t0/ALL.html"},{"name":"短篇美文","url":"c35/c0/b1/u0/p1/v0/s9/t0/ALL.html"}]},{"name":"全部作品","url":"https://book.zongheng.com/store/c0/c0/b1/u0/p1/v9/s9/t0/ALL.html"},{"name":"古代言情","url":"https://book.zongheng.com/store/c32/c0/b1/u0/p1/v9/s9/t0/ALL.html"},{"name":"都市言情","url":"https://book.zongheng.com/store/c31/c0/b1/u0/p1/v9/s9/t0/ALL.html"},{"name":"幻想時空","url":"https://book.zongheng.com/store/c33/c0/b1/u0/p1/v9/s9/t0/ALL.html"},{"name":"耽美同人","url":"https://book.zongheng.com/store/c34/c0/b1/u0/p1/v9/s9/t0/ALL.html"},{"name":"短篇美文","url":"https://book.zongheng.com/store/c35/c0/b1/u0/p1/v9/s9/t0/ALL.html"}]
