[{"name":"全本","url":"https://www.ilovemylife920.com/full/all/1.html"},{"name":"全部","url":"https://www.ilovemylife920.com/sort/all/1.html"},{"name":"玄幻魔幻","url":"https://www.ilovemylife920.com/sort/xhtxt/1.html"},{"name":"武俠仙俠","url":"https://www.ilovemylife920.com/sort/wxtxt/1.html"},{"name":"都市言情","url":"https://www.ilovemylife920.com/sort/dstxt/1.html"},{"name":"歷史軍事","url":"https://www.ilovemylife920.com/sort/lstxt/1.html"},{"name":"網遊競技","url":"https://www.ilovemylife920.com/sort/wytxt/1.html"},{"name":"科幻靈異","url":"https://www.ilovemylife920.com/sort/khtxt/1.html"},{"name":"其他類型","url":"https://www.ilovemylife920.com/sort/qttxt/1.html"},{"name":"女生頻道","url":"https://www.ilovemylife920.com/sort/nstxt/1.html"}]
