[{"name":"穿越小說","url":"https://www.is55.com/class/index1-1.html"},{"name":"重生小說","url":"https://www.is55.com/class/index2-1.html"},{"name":"曆史架空","url":"https://www.is55.com/class/index3-1.html"},{"name":"總裁豪門","url":"https://www.is55.com/class/index4-1.html"},{"name":"言情小說","url":"https://www.is55.com/class/index5-1.html"},{"name":"武俠仙俠","url":"https://www.is55.com/class/index6-1.html"},{"name":"耽美小說","url":"https://www.is55.com/class/index7-1.html"},{"name":"玄幻小說","url":"https://www.is55.com/class/index8-1.html"},{"name":"都市娛樂","url":"https://www.is55.com/class/index9-1.html"},{"name":"曆史軍事","url":"https://www.is55.com/class/index10-1.html"},{"name":"網遊小說","url":"https://www.is55.com/class/index11-1.html"},{"name":"驚悚懸疑","url":"https://www.is55.com/class/index12-1.html"},{"name":"科幻小說","url":"https://www.is55.com/class/index28-1.html"},{"name":"美文同人","url":"https://www.is55.com/class/index29-1.html"}]
