[{"name":"社會","url":"https://ixunshu.net/aggregation/2"},{"name":"豪門","url":"https://ixunshu.net/aggregation/3"},{"name":"現代","url":"https://ixunshu.net/aggregation/4"},{"name":"古代","url":"https://ixunshu.net/aggregation/5"},{"name":"穿越","url":"https://ixunshu.net/aggregation/6"},{"name":"玄幻","url":"https://ixunshu.net/aggregation/7"},{"name":"懸疑","url":"https://ixunshu.net/aggregation/8"},{"name":"武俠","url":"https://ixunshu.net/aggregation/9"},{"name":"女生","url":"https://ixunshu.net/aggregation/17"}]
