[{"name":"排行榜","url":"https://www.jiujiadesign.com/rank/","more":true,"subs":[{"name":"總排行榜","url":"allvisit/"},{"name":"月排行榜","url":"monthvisit/"},{"name":"周排行榜","url":"weekvisit/"},{"name":"收藏榜","url":"goodnum/"}]},{"name":"玄幻小說","url":"https://www.jiujiadesign.com/fl/xuanhuan/1/"},{"name":"仙俠小說","url":"https://www.jiujiadesign.com/fl/xianxia/1/"},{"name":"都市小說","url":"https://www.jiujiadesign.com/fl/dushi/1/"},{"name":"歷史軍事","url":"https://www.jiujiadesign.com/fl/lishi/1/"},{"name":"遊戲競技","url":"https://www.jiujiadesign.com/fl/youxi/1/"},{"name":"科幻小說","url":"https://www.jiujiadesign.com/fl/kehuan/1/"},{"name":"恐怖小說","url":"https://www.jiujiadesign.com/fl/kongbu/1/"},{"name":"其他類型","url":"https://www.jiujiadesign.com/fl/qita/1/"}]
