[{"name":"排行榜 - 原創言情","url":"https://www.jjwxc.net/topten.php","more":true,"subs":[{"name":"新晉作者榜","url":"?orderstr=3"},{"name":"月榜","url":"?orderstr=5"},{"name":"季榜","url":"?orderstr=4"},{"name":"半年榜","url":"?orderstr=6"},{"name":"長生殿","url":"?orderstr=9"},{"name":"總分榜","url":"?orderstr=7"},{"name":"字數榜","url":"?orderstr=8"}]},{"name":"排行榜 - 耽美同人","url":"https://www.jjwxc.net/topten.php?t=1&","more":true,"subs":[{"name":"新晉作者榜","url":"orderstr=3"},{"name":"月榜","url":"orderstr=5"},{"name":"季榜","url":"orderstr=4"},{"name":"半年榜","url":"orderstr=6"},{"name":"長生殿","url":"orderstr=9"},{"name":"總分榜","url":"orderstr=7"},{"name":"字數榜","url":"orderstr=8"}]},{"name":"全部作品","url":"https://www.jjwxc.net/bookbase_slave.php?submit=&booktype=&opt=&page=1&endstr=&orderstr=1"},{"name":"完結作品","url":"https://www.jjwxc.net/bookbase_slave.php?endstr=true&orderstr=1"},{"name":"經典文庫","url":"https://www.jjwxc.net/bookbase_slave.php?submit=&booktype=scriptures&opt=&page=1&endstr=&orderstr=1"},{"name":"免費文庫","url":"https://www.jjwxc.net/bookbase_slave.php?submit=&booktype=free&opt=&page=1&endstr=&orderstr=1"}]
