[{"name":"長篇小說","url":"https://www.jkforum.net/forum.php?mod=forumdisplay&fid=228","catId":"228","more":true,"subs":[{"name":"全部","url":""},{"name":"玄幻奇幻","url":"&typeid=246"},{"name":"武俠仙俠","url":"&typeid=247"},{"name":"都市言情","url":"&typeid=251"},{"name":"科幻靈異","url":"&typeid=252"},{"name":"歷史軍事","url":"&typeid=253"},{"name":"遊戲競技","url":"&typeid=254"},{"name":"其他小說","url":"&typeid=250"}]},{"name":"短篇小說","url":"https://www.jkforum.net/forum.php?mod=forumdisplay&fid=209","catId":"209","more":true,"subs":[{"name":"全部","url":""},{"name":"原創","url":"&typeid=211"},{"name":"玄幻","url":"&typeid=212"},{"name":"武俠","url":"&typeid=213"},{"name":"愛情","url":"&typeid=214"},{"name":"都市","url":"&typeid=217"},{"name":"恐怖","url":"&typeid=218"},{"name":"歷史","url":"&typeid=219"},{"name":"外國","url":"&typeid=220"},{"name":"其他","url":"&typeid=216"}]}]
