[{"name":"精品小說","url":"https://www.jpxs123.com/book/"},{"name":"都市小說","url":"https://www.jpxs123.com/dsxs/"},{"name":"玄幻修真","url":"https://www.jpxs123.com/xuanhuan/"},{"name":"歷史軍事","url":"https://www.jpxs123.com/lishi/"},{"name":"科幻競技","url":"https://www.jpxs123.com/khjj/"},{"name":"穿越架空","url":"https://www.jpxs123.com/cyjk/"},{"name":"鬼話懸疑","url":"https://www.jpxs123.com/guihua/"},{"name":"同人小說","url":"https://www.jpxs123.com/tongren/"}]
