[{"name":"玄幻奇幻","url":"http://www.kanglejialighting.com/ksl/1/1.html"},{"name":"武俠仙俠","url":"http://www.kanglejialighting.com/ksl/2/1.html"},{"name":"都市言情","url":"http://www.kanglejialighting.com/ksl/3/1.html"},{"name":"歷史軍事","url":"http://www.kanglejialighting.com/ksl/4/1.html"},{"name":"網游競技","url":"http://www.kanglejialighting.com/ksl/5/1.html"},{"name":"科幻靈異","url":"http://www.kanglejialighting.com/ksl/6/1.html"},{"name":"女生頻道","url":"http://www.kanglejialighting.com/ksl/7/1.html"}]
