[{"name":"完本","url":"http://www.kanshu8.la/over.html"},{"name":"玄幻","url":"http://www.kanshu8.la/category/1.html"},{"name":"修真","url":"http://www.kanshu8.la/category/2.html"},{"name":"都市","url":"http://www.kanshu8.la/category/3.html"},{"name":"歷史","url":"http://www.kanshu8.la/category/4.html"},{"name":"網遊","url":"http://www.kanshu8.la/category/5.html"},{"name":"科幻","url":"http://www.kanshu8.la/category/6.html"},{"name":"女頻","url":"http://www.kanshu8.la/category/7.html"},{"name":"其他","url":"http://www.kanshu8.la/category/8.html"}]
