[{"name":"全本小說","url":"http://www.xkanshuge.com/modules/article/index.php?fullflag=1"},{"name":"最近更新","url":"http://www.xkanshuge.com/files/article/toplastupdate/0/1.htm"},{"name":"玄幻","url":"http://www.xkanshuge.com/files/article/sort1/0/1.htm"},{"name":"武俠","url":"http://www.xkanshuge.com/files/article/sort2/0/1.htm"},{"name":"都市","url":"http://www.xkanshuge.com/files/article/sort3/0/1.htm"},{"name":"歷史","url":"http://www.xkanshuge.com/files/article/sort4/0/1.htm"},{"name":"遊戲","url":"http://www.xkanshuge.com/files/article/sort6/0/1.htm"},{"name":"科幻","url":"http://www.xkanshuge.com/files/article/sort7/0/1.htm"},{"name":"恐怖","url":"http://www.xkanshuge.com/files/article/sort8/0/1.htm"},{"name":"美散","url":"http://www.xkanshuge.com/files/article/sort9/0/1.htm"},{"name":"劇情","url":"http://www.xkanshuge.com/files/article/sort11/0/1.htm"},{"name":"其它","url":"http://www.xkanshuge.com/files/article/sort12/0/1.htm"},{"name":"女頻","url":"http://www.xkanshuge.com/files/article/sort14/0/1.htm"},{"name":"競技","url":"http://www.xkanshuge.com/files/article/sort15/0/1.htm"},{"name":"奇幻","url":"http://www.xkanshuge.com/files/article/sort16/0/1.htm"},{"name":"言情","url":"http://www.xkanshuge.com/files/article/sort17/0/1.htm"},{"name":"仙俠","url":"http://www.xkanshuge.com/files/article/sort18/0/1.htm"}]
