[{"name":"外國文學","url":"https://www.kanunu8.com/files/world/"},{"name":"青春校園","url":"https://www.kanunu8.com/files/youth/"},{"name":"都市生活","url":"https://www.kanunu8.com/files/dushi/"},{"name":"古代文學","url":"https://www.kanunu8.com/files/old/"},{"name":"短篇","url":"https://www.kanunu8.com/files/little/"},{"name":"網絡原創","url":"https://www.kanunu8.com/files/yuanchuang/"},{"name":"穿越言情","url":"https://www.kanunu8.com/files/yqxs/"},{"name":"玄幻奇幻","url":"https://www.kanunu8.com/files/xunhuan/"},{"name":"科幻","url":"https://www.kanunu8.com/files/sf/"},{"name":"恐怖靈異","url":"https://www.kanunu8.com/files/terrorist/"},{"name":"仙俠修真","url":"https://www.kanunu8.com/files/11.html"},{"name":"武俠","url":"https://www.kanunu8.com/wuxia/"},{"name":"推理","url":"https://www.kanunu8.com/tuili/"},{"name":"官場小說","url":"https://www.kanunu8.com/files/311.html"},{"name":"傳記紀實","url":"https://www.kanunu8.com/files/4.html"},{"name":"鬼故事","url":"https://www.kanunu8.com/files/8.html"},{"name":"盜墓小說","url":"https://www.kanunu8.com/files/5.html"},{"name":"遊戲小說","url":"https://www.kanunu8.com/files/3.html"},{"name":"職場","url":"https://www.kanunu8.com/files/2.html"},{"name":"專題","url":"https://www.kanunu8.com/zt/"}]
