[{"name":"完本","url":"","more":true,"subs":[{"name":"少男","url":"https://m.kujiang.com/book/ajax_stack","more":true,"subs":[{"name":"玄幻","url":"?channel=M&tag=1&time=10&finish=1&sort=12&size=0&page=1"},{"name":"都市","url":"?channel=M&tag=2&time=10&finish=1&sort=12&size=0&page=1"},{"name":"校園","url":"?channel=M&tag=3&time=10&finish=1&sort=12&size=0&page=1"},{"name":"靈異","url":"?channel=M&tag=4&time=10&finish=1&sort=12&size=0&page=1"},{"name":"仙俠","url":"?channel=M&tag=5&time=10&finish=1&sort=12&size=0&page=1"},{"name":"網遊","url":"?channel=M&tag=6&time=10&finish=1&sort=12&size=0&page=1"},{"name":"武俠","url":"?channel=M&tag=7&time=10&finish=1&sort=12&size=0&page=1"},{"name":"奇幻","url":"?channel=M&tag=8&time=10&finish=1&sort=12&size=0&page=1"},{"name":"科幻","url":"?channel=M&tag=9&time=10&finish=1&sort=12&size=0&page=1"},{"name":"軍事","url":"?channel=M&tag=10&time=10&finish=1&sort=12&size=0&page=1"},{"name":"歷史","url":"?channel=M&tag=11&time=10&finish=1&sort=12&size=0&page=1"},{"name":"體育","url":"?channel=M&tag=12&time=10&finish=1&sort=12&size=0&page=1"},{"name":"二次元","url":"?channel=M&tag=13&time=10&finish=1&sort=12&size=0&page=1"},{"name":"出版","url":"?channel=M&tag=25&time=10&finish=1&sort=12&size=0&page=1"},{"name":"短篇","url":"?channel=M&tag=28&time=10&finish=1&sort=12&size=0&page=1"}]},{"name":"少女","url":"https://m.kujiang.com/book/ajax_stack","more":true,"subs":[{"name":"現代言情","url":"?channel=F&tag=14&time=10&finish=1&sort=12&size=0&page=1"},{"name":"古代言情","url":"?channel=F&tag=15&time=10&finish=1&sort=12&size=0&page=1"},{"name":"純愛","url":"?channel=F&tag=16&time=10&finish=1&sort=12&size=0&page=1"},{"name":"玄幻","url":"?channel=F&tag=17&time=10&finish=1&sort=12&size=0&page=1"},{"name":"仙俠","url":"?channel=F&tag=18&time=10&finish=1&sort=12&size=0&page=1"},{"name":"靈異","url":"?channel=F&tag=19&time=10&finish=1&sort=12&size=0&page=1"},{"name":"幻想","url":"?channel=F&tag=20&time=10&finish=1&sort=12&size=0&page=1"},{"name":"懸疑","url":"?channel=F&tag=21&time=10&finish=1&sort=12&size=0&page=1"},{"name":"二次元","url":"?channel=F&tag=22&time=10&finish=1&sort=12&size=0&page=1"},{"name":"出版","url":"?channel=F&tag=26&time=10&finish=1&sort=12&size=0&page=1"},{"name":"短篇","url":"?channel=F&tag=27&time=10&finish=1&sort=12&size=0&page=1"}]}]},{"name":"少男","url":"https://m.kujiang.com/book/ajax_stack","more":true,"subs":[{"name":"玄幻","url":"?channel=M&tag=1&time=10&finish=3&sort=12&size=0&page=1"},{"name":"都市","url":"?channel=M&tag=2&time=10&finish=3&sort=12&size=0&page=1"},{"name":"校園","url":"?channel=M&tag=3&time=10&finish=3&sort=12&size=0&page=1"},{"name":"靈異","url":"?channel=M&tag=4&time=10&finish=3&sort=12&size=0&page=1"},{"name":"仙俠","url":"?channel=M&tag=5&time=10&finish=3&sort=12&size=0&page=1"},{"name":"網遊","url":"?channel=M&tag=6&time=10&finish=3&sort=12&size=0&page=1"},{"name":"武俠","url":"?channel=M&tag=7&time=10&finish=3&sort=12&size=0&page=1"},{"name":"奇幻","url":"?channel=M&tag=8&time=10&finish=3&sort=12&size=0&page=1"},{"name":"科幻","url":"?channel=M&tag=9&time=10&finish=3&sort=12&size=0&page=1"},{"name":"軍事","url":"?channel=M&tag=10&time=10&finish=3&sort=12&size=0&page=1"},{"name":"歷史","url":"?channel=M&tag=11&time=10&finish=3&sort=12&size=0&page=1"},{"name":"體育","url":"?channel=M&tag=12&time=10&finish=3&sort=12&size=0&page=1"},{"name":"二次元","url":"?channel=M&tag=13&time=10&finish=3&sort=12&size=0&page=1"},{"name":"出版","url":"?channel=M&tag=25&time=10&finish=3&sort=12&size=0&page=1"},{"name":"短篇","url":"?channel=M&tag=28&time=10&finish=3&sort=12&size=0&page=1"}]},{"name":"少女","url":"https://m.kujiang.com/book/ajax_stack","more":true,"subs":[{"name":"現代言情","url":"?channel=F&tag=14&time=10&finish=3&sort=12&size=0&page=1"},{"name":"古代言情","url":"?channel=F&tag=15&time=10&finish=3&sort=12&size=0&page=1"},{"name":"純愛","url":"?channel=F&tag=16&time=10&finish=3&sort=12&size=0&page=1"},{"name":"玄幻","url":"?channel=F&tag=17&time=10&finish=3&sort=12&size=0&page=1"},{"name":"仙俠","url":"?channel=F&tag=18&time=10&finish=3&sort=12&size=0&page=1"},{"name":"靈異","url":"?channel=F&tag=19&time=10&finish=3&sort=12&size=0&page=1"},{"name":"幻想","url":"?channel=F&tag=20&time=10&finish=3&sort=12&size=0&page=1"},{"name":"懸疑","url":"?channel=F&tag=21&time=10&finish=3&sort=12&size=0&page=1"},{"name":"二次元","url":"?channel=F&tag=22&time=10&finish=3&sort=12&size=0&page=1"},{"name":"出版","url":"?channel=F&tag=26&time=10&finish=3&sort=12&size=0&page=1"},{"name":"短篇","url":"?channel=F&tag=27&time=10&finish=3&sort=12&size=0&page=1"}]}]
