[{"name":"玄幻小說","url":"https://www.kygnew.com/xuanhuan/"},{"name":"修真小說","url":"https://www.kygnew.com/xiuzhen/"},{"name":"都市小說","url":"https://www.kygnew.com/dushi/"},{"name":"歷史小說","url":"https://www.kygnew.com/lishi/"},{"name":"網遊小說","url":"https://www.kygnew.com/wangyou/"},{"name":"科幻小說","url":"https://www.kygnew.com/kehuan/"},{"name":"言情小說","url":"https://www.kygnew.com/yanqing/"},{"name":"其他小說","url":"https://www.kygnew.com/qita/"},{"name":"全本小說","url":"https://www.kygnew.com/quanben/"}]
