[{"name":"玄幻小說","url":"https://www.lanlanxs.com/fenlei/1/1/"},{"name":"奇幻小說","url":"https://www.lanlanxs.com/fenlei/2/1/"},{"name":"武俠小說","url":"https://www.lanlanxs.com/fenlei/3/1/"},{"name":"仙俠小說","url":"https://www.lanlanxs.com/fenlei/4/1/"},{"name":"都市小說","url":"https://www.lanlanxs.com/fenlei/5/1/"},{"name":"歷史小說","url":"https://www.lanlanxs.com/fenlei/6/1/"},{"name":"軍事小說","url":"https://www.lanlanxs.com/fenlei/7/1/"},{"name":"遊戲小說","url":"https://www.lanlanxs.com/fenlei/8/1/"},{"name":"體育小說","url":"https://www.lanlanxs.com/fenlei/9/1/"},{"name":"科幻小說","url":"https://www.lanlanxs.com/fenlei/10/1/"},{"name":"靈異小說","url":"https://www.lanlanxs.com/fenlei/11/1/"}]
