[{"name":"完本","url":"https://www.lenglengbb.com/category/finish/","more":true,"subs":[{"name":"全部","url":"0/"},{"name":"原創小說","url":"168326864887877/"},{"name":"同人衍生","url":"168326864900166/"},{"name":"PO18","url":"168325583147077/"},{"name":"都市","url":"4497418743879/"},{"name":"玄幻","url":"4497418813510/"},{"name":"現代言情","url":"123687453134919/"},{"name":"古代言情","url":"123687453102149/"},{"name":"科幻","url":"4497418604613/"},{"name":"古言","url":"4497419206726/"},{"name":"現言","url":"4497418784838/"},{"name":"幻想言情","url":"123687453163590/"},{"name":"歷史","url":"4497418846278/"},{"name":"懸疑","url":"4497418977350/"},{"name":"遊戲","url":"4497418752070/"},{"name":"奇幻","url":"4497418838087/"},{"name":"同人","url":"123687453151304/"},{"name":"青春","url":"4497419108424/"},{"name":"武俠","url":"4497418797126/"},{"name":"仙俠","url":"4497418756166/"},{"name":"輕小說","url":"4497418735686/"},{"name":"幻情","url":"4497418879046/"},{"name":"競技","url":"123695583178826/"},{"name":"軍事","url":"4497419591752/"},{"name":"現實","url":"4497419587654/"},{"name":"體育","url":"4497418895432/"},{"name":"純愛","url":"10322166141000/"},{"name":"短篇","url":"4497419214918/"},{"name":"其他","url":"123687454683208/"},{"name":"其它分類","url":"4497426522184/"}]},{"name":"全部","url":"https://www.lenglengbb.com/category/0/"},{"name":"原創小說","url":"https://www.lenglengbb.com/category/168326864887877/"},{"name":"同人衍生","url":"https://www.lenglengbb.com/category/168326864900166/"},{"name":"PO18","url":"https://www.lenglengbb.com/category/168325583147077/"},{"name":"都市","url":"https://www.lenglengbb.com/category/4497418743879/"},{"name":"玄幻","url":"https://www.lenglengbb.com/category/4497418813510/"},{"name":"現代言情","url":"https://www.lenglengbb.com/category/123687453134919/"},{"name":"古代言情","url":"https://www.lenglengbb.com/category/123687453102149/"},{"name":"科幻","url":"https://www.lenglengbb.com/category/4497418604613/"},{"name":"古言","url":"https://www.lenglengbb.com/category/4497419206726/"},{"name":"現言","url":"https://www.lenglengbb.com/category/4497418784838/"},{"name":"幻想言情","url":"https://www.lenglengbb.com/category/123687453163590/"},{"name":"歷史","url":"https://www.lenglengbb.com/category/4497418846278/"},{"name":"懸疑","url":"https://www.lenglengbb.com/category/4497418977350/"},{"name":"遊戲","url":"https://www.lenglengbb.com/category/4497418752070/"},{"name":"奇幻","url":"https://www.lenglengbb.com/category/4497418838087/"},{"name":"同人","url":"https://www.lenglengbb.com/category/123687453151304/"},{"name":"青春","url":"https://www.lenglengbb.com/category/4497419108424/"},{"name":"武俠","url":"https://www.lenglengbb.com/category/4497418797126/"},{"name":"仙俠","url":"https://www.lenglengbb.com/category/4497418756166/"},{"name":"輕小說","url":"https://www.lenglengbb.com/category/4497418735686/"},{"name":"幻情","url":"https://www.lenglengbb.com/category/4497418879046/"},{"name":"競技","url":"https://www.lenglengbb.com/category/123695583178826/"},{"name":"軍事","url":"https://www.lenglengbb.com/category/4497419591752/"},{"name":"現實","url":"https://www.lenglengbb.com/category/4497419587654/"},{"name":"體育","url":"https://www.lenglengbb.com/category/4497418895432/"},{"name":"純愛","url":"https://www.lenglengbb.com/category/10322166141000/"},{"name":"短篇","url":"https://www.lenglengbb.com/category/4497419214918/"},{"name":"其他","url":"https://www.lenglengbb.com/category/123687454683208/"},{"name":"其它分類","url":"https://www.lenglengbb.com/category/4497426522184/"}]
