[{"name":"全部小說","url":"https://www.27k.net/sort/"},{"name":"玄幻小說","url":"https://www.27k.net/sort/1/1.html"},{"name":"都市小說","url":"https://www.27k.net/sort/2/1.html"},{"name":"歷史小說","url":"https://www.27k.net/sort/3/1.html"},{"name":"科幻小說","url":"https://www.27k.net/sort/4/1.html"},{"name":"懸疑小說","url":"https://www.27k.net/sort/5/1.html"},{"name":"網遊小說","url":"https://www.27k.net/sort/6/1.html"},{"name":"穿越小說","url":"https://www.27k.net/sort/7/1.html"},{"name":"現代言情小說","url":"https://www.27k.net/sort/15/1.html"},{"name":"古代言情小說","url":"https://www.27k.net/sort/16/1.html"},{"name":"豪門總裁小說","url":"https://www.27k.net/sort/17/1.html"},{"name":"青春校園小說","url":"https://www.27k.net/sort/18/1.html"},{"name":"其他類别小說","url":"https://www.27k.net/sort/8/1.html"}]
