[{"name":"全部","url":"https://www.peakbooks.cc/category/0/"},{"name":"言情","url":"https://www.peakbooks.cc/category/9/"},{"name":"高辣","url":"https://www.peakbooks.cc/category/31/"},{"name":"耽美","url":"https://www.peakbooks.cc/category/7/"},{"name":"種田","url":"https://www.peakbooks.cc/category/33/"},{"name":"科幻","url":"https://www.peakbooks.cc/category/5/"},{"name":"都市","url":"https://www.peakbooks.cc/category/3/"},{"name":"玄幻","url":"https://www.peakbooks.cc/category/1/"},{"name":"修真","url":"https://www.peakbooks.cc/category/2/"},{"name":"網遊","url":"https://www.peakbooks.cc/category/6/"},{"name":"穿越","url":"https://www.peakbooks.cc/category/4/"},{"name":"歷史","url":"https://www.peakbooks.cc/category/37/"},{"name":"仙俠","url":"https://www.peakbooks.cc/category/35/"},{"name":"軍事","url":"https://www.peakbooks.cc/category/39/"},{"name":"懸疑","url":"https://www.peakbooks.cc/category/36/"},{"name":"靈異","url":"https://www.peakbooks.cc/category/34/"},{"name":"競技","url":"https://www.peakbooks.cc/category/38/"},{"name":"腹黑","url":"https://www.peakbooks.cc/category/13/"},{"name":"百合","url":"https://www.peakbooks.cc/category/32/"},{"name":"文學","url":"https://www.peakbooks.cc/category/19/"},{"name":"外國","url":"https://www.peakbooks.cc/category/21/"},{"name":"武俠","url":"https://www.peakbooks.cc/category/15/"},{"name":"傳記","url":"https://www.peakbooks.cc/category/22/"},{"name":"恐怖","url":"https://www.peakbooks.cc/category/17/"},{"name":"文化","url":"https://www.peakbooks.cc/category/30/"},{"name":"官場","url":"https://www.peakbooks.cc/category/23/"},{"name":"青春","url":"https://www.peakbooks.cc/category/29/"},{"name":"網際網路","url":"https://www.peakbooks.cc/category/27/"},{"name":"女性","url":"https://www.peakbooks.cc/category/14/"},{"name":"國學","url":"https://www.peakbooks.cc/category/25/"},{"name":"邏輯","url":"https://www.peakbooks.cc/category/28/"},{"name":"網路","url":"https://www.peakbooks.cc/category/18/"},{"name":"兒童","url":"https://www.peakbooks.cc/category/20/"},{"name":"古典","url":"https://www.peakbooks.cc/category/24/"},{"name":"創業","url":"https://www.peakbooks.cc/category/26/"},{"name":"偵探","url":"https://www.peakbooks.cc/category/16/"},{"name":"鬼話","url":"https://www.peakbooks.cc/category/43/"},{"name":"情感","url":"https://www.peakbooks.cc/category/41/"},{"name":"雜談","url":"https://www.peakbooks.cc/category/42/"},{"name":"舞文","url":"https://www.peakbooks.cc/category/40/"},{"name":"同行","url":"https://www.peakbooks.cc/category/44/"},{"name":"奇幻","url":"https://www.peakbooks.cc/category/45/"},{"name":"其它","url":"https://www.peakbooks.cc/category/11/"},{"name":"商道","url":"https://www.peakbooks.cc/category/46/"}]
