[{"name":"排行榜","url":"https://www.piaotian.la/top/","more":true,"subs":[{"name":"總點擊榜","url":"allvisit/1.html"},{"name":"月點擊榜","url":"monthvisit/1.html"},{"name":"周點擊榜","url":"weekvisit/1.html"},{"name":"總推薦榜","url":"allvote/1.html"},{"name":"月推薦榜","url":"monthvote/1.html"},{"name":"周推薦榜","url":"weekvote/1.html"},{"name":"總收藏榜","url":"goodnum/1.html"},{"name":"總字數榜","url":"size/1.html"},{"name":"本站推薦","url":"toptime/1.html"},{"name":"最新入庫","url":"postdate/1.html"}]},{"name":"完本小說","url":"https://www.piaotian.la/wanben/"},{"name":"最近更新","url":"https://www.piaotian.la/top/lastupdate/1.html"},{"name":"玄幻小說","url":"https://www.piaotian.la/xuanhuan/"},{"name":"修真小說","url":"https://www.piaotian.la/xiuzhen/"},{"name":"都市小說","url":"https://www.piaotian.la/dushi/"},{"name":"歷史小說","url":"https://www.piaotian.la/lishi/"},{"name":"網遊小說","url":"https://www.piaotian.la/wangyou/"},{"name":"科幻小說","url":"https://www.piaotian.la/kehuan/"}]
