[{"name":"排行榜","url":"https://www.piaotian.com/booktop","more":true,"subs":[{"name":"總排行榜","url":"allvisit/0/1.html"},{"name":"月排行榜","url":"monthvisit/0/1.html"},{"name":"周排行榜","url":"weekvisit/0/1.html"},{"name":"總推薦榜","url":"allvote/0/1.html"},{"name":"月推薦榜","url":"monthvote/0/1.html"},{"name":"周推薦榜","url":"weekvote/0/1.html"},{"name":"最新入庫","url":"postdate/0/1.html"},{"name":"原創更新","url":"authorupdate/0/1.html","nonovels":true},{"name":"總收藏榜","url":"goodnum/0/1.html"},{"name":"轉載更新","url":"masterupdate/0/1.html"},{"name":"字數排行","url":"size/0/1.html"}]},{"name":"全本小說","url":"https://www.piaotian.com/quanben/index.html"},{"name":"最近更新","url":"https://www.piaotian.com/booktoplastupdate/0/1.html"},{"name":"全部文章","url":"https://www.piaotian.com/booksort/0/1.html"},{"name":"玄幻魔法","url":"https://www.piaotian.com/booksort1/0/1.html"},{"name":"武俠修真","url":"https://www.piaotian.com/booksort2/0/1.html"},{"name":"都市言情","url":"https://www.piaotian.com/booksort3/0/1.html"},{"name":"歷史軍事","url":"https://www.piaotian.com/booksort4/0/1.html"},{"name":"網遊競技","url":"https://www.piaotian.com/booksort5/0/1.html"},{"name":"科幻小說","url":"https://www.piaotian.com/booksort6/0/1.html"},{"name":"恐怖靈異","url":"https://www.piaotian.com/booksort7/0/1.html"},{"name":"同人漫畫","url":"https://www.piaotian.com/booksort8/0/1.html"},{"name":"其他類型","url":"https://www.piaotian.com/booksort9/0/1.html"}]
