[{"name":"都市情感","url":"http://www.powanjuan.cc/dsyq/"},{"name":"青春言情","url":"http://www.powanjuan.cc/qcyq/"},{"name":"耽美小說","url":"http://www.powanjuan.cc/dmtr/"},{"name":"同人小說","url":"http://www.powanjuan.cc/tongren/"},{"name":"玄幻奇幻","url":"http://www.powanjuan.cc/wxxz/"},{"name":"武俠修真","url":"http://www.powanjuan.cc/wxxz2/"},{"name":"穿越架空","url":"http://www.powanjuan.cc/cyjk/"},{"name":"科幻魔法","url":"http://www.powanjuan.cc/khjj/"},{"name":"遊戲競技","url":"http://www.powanjuan.cc/yxjj/"},{"name":"軍事歷史","url":"http://www.powanjuan.cc/jsls/"},{"name":"鄉土風情","url":"http://www.powanjuan.cc/xtfq/"}]
