[{"name":"全本","url":"https://www.ptwxz.co/full/all/1.html"},{"name":"全部","url":"https://www.ptwxz.co/sort/all/1.html"},{"name":"玄幻","url":"https://www.ptwxz.co/sort/1/1.html"},{"name":"仙俠","url":"https://www.ptwxz.co/sort/2/1.html"},{"name":"都市","url":"https://www.ptwxz.co/sort/3/1.html"},{"name":"歷史","url":"https://www.ptwxz.co/sort/4/1.html"},{"name":"遊戲","url":"https://www.ptwxz.co/sort/5/1.html"},{"name":"科幻","url":"https://www.ptwxz.co/sort/6/1.html"},{"name":"靈異","url":"https://www.ptwxz.co/sort/7/1.html"},{"name":"言情","url":"https://www.ptwxz.co/sort/8/1.html"},{"name":"其他","url":"https://www.ptwxz.co/sort/9/1.html"}]
