[{"name":"全部小說","url":"https://www.biquqq.com/xiaoshuodaquan/"},{"name":"完本小說","url":"https://www.biquqq.com/wanben/1_1"},{"name":"玄幻小說","url":"https://www.biquqq.com/xuanhuanxiaoshuo/"},{"name":"修真小說","url":"https://www.biquqq.com/xiuzhenxiaoshuo/"},{"name":"都市小說","url":"https://www.biquqq.com/dushixiaoshuo/"},{"name":"穿越小說","url":"https://www.biquqq.com/chuanyuexiaoshuo/"},{"name":"網遊小說","url":"https://www.biquqq.com/wangyouxiaoshuo/"},{"name":"科幻小說","url":"https://www.biquqq.com/kehuanxiaoshuo/"}]
