[{"name":"古代言情","url":"https://m.qdmm.com/all/chanId80/"},{"name":"仙俠奇緣","url":"https://m.qdmm.com/all/chanId81/"},{"name":"現代言情","url":"https://m.qdmm.com/all/chanId82/"},{"name":"浪漫青春","url":"https://m.qdmm.com/all/chanId83/"},{"name":"玄幻言情","url":"https://m.qdmm.com/all/chanId84/"},{"name":"懸疑推理","url":"https://m.qdmm.com/all/chanId85/"},{"name":"短篇","url":"https://m.qdmm.com/all/chanId30083/"},{"name":"科幻空間","url":"https://m.qdmm.com/all/chanId86/"},{"name":"遊戲競技","url":"https://m.qdmm.com/all/chanId88/"},{"name":"輕小說","url":"https://m.qdmm.com/all/chanId87/"},{"name":"現實生活","url":"https://m.qdmm.com/all/chanId30120/"}]
