[{"name":"玄幻","url":"https://m.qidian.com/category/catid21/orderby4-male/"},{"name":"奇幻","url":"https://m.qidian.com/category/catid1/orderby4-male/"},{"name":"武俠","url":"https://m.qidian.com/category/catid2/orderby4-male/"},{"name":"仙俠","url":"https://m.qidian.com/category/catid22/orderby4-male/"},{"name":"都市","url":"https://m.qidian.com/category/catid4/orderby4-male/"},{"name":"現實","url":"https://m.qidian.com/category/catid15/orderby4-male/"},{"name":"軍事","url":"https://m.qidian.com/category/catid6/orderby4-male/"},{"name":"歷史","url":"https://m.qidian.com/category/catid5/orderby4-male/"},{"name":"遊戲","url":"https://m.qidian.com/category/catid7/orderby4-male/"},{"name":"體育","url":"https://m.qidian.com/category/catid8/orderby4-male/"},{"name":"科幻","url":"https://m.qidian.com/category/catid9/orderby4-male/"},{"name":"諸天無限","url":"https://m.qidian.com/category/catid20109/orderby4-male/"},{"name":"靈異","url":"https://m.qidian.com/category/catid10/orderby4-male/"},{"name":"輕小說","url":"https://m.qidian.com/category/catid12/orderby4-male/"},{"name":"短篇","url":"https://m.qidian.com/category/catid20076/orderby4-male/"}]
