[{"name":"排行榜","url":"https://www.qnyqw.com/rank/","more":true,"subs":[{"name":"總閱讀榜","url":"allvisit/1.html"},{"name":"月閱讀榜","url":"monthvisit/1.html"},{"name":"周閱讀榜","url":"weekvisit/1.html"},{"name":"總推薦榜","url":"allvote/1.html"},{"name":"新書榜","url":"postdate/1.html"},{"name":"收藏榜","url":"goodnum/1.html"},{"name":"字數榜","url":"size/1.html"}]},{"name":"作家列表","url":"https://www.qnyqw.com/authorindex/","more":true,"subs":[{"name":"A","url":"A.html"},{"name":"B","url":"B.html"},{"name":"C","url":"C.html"},{"name":"D","url":"D.html"},{"name":"E","url":"E.html"},{"name":"F","url":"F.html"},{"name":"G","url":"G.html"},{"name":"H","url":"H.html"},{"name":"I","url":"I.html"},{"name":"J","url":"J.html"},{"name":"K","url":"K.html"},{"name":"L","url":"L.html"},{"name":"M","url":"M.html"},{"name":"N","url":"N.html"},{"name":"O","url":"O.html"},{"name":"P","url":"P.html"},{"name":"Q","url":"Q.html"},{"name":"R","url":"R.html"},{"name":"S","url":"S.html"},{"name":"T","url":"T.html"},{"name":"U","url":"U.html"},{"name":"V","url":"V.html"},{"name":"W","url":"W.html"},{"name":"X","url":"X.html"},{"name":"Y","url":"Y.html"},{"name":"Z","url":"Z.html"}]},{"name":"最近更新","url":"https://www.qnyqw.com/rank/lastupdate/1.html"}]
