[{"name":"全本小說","url":"https://www.read8.cc/quanben/"},{"name":"最近更新","url":"https://www.read8.cc/"},{"name":"玄幻奇幻","url":"https://www.read8.cc/xuanhuan/"},{"name":"武俠修真","url":"https://www.read8.cc/wuxia/"},{"name":"都市言情","url":"https://www.read8.cc/yanqing/"},{"name":"歷史軍事","url":"https://www.read8.cc/lishi/"},{"name":"偵探推理","url":"https://www.read8.cc/zhentan/"},{"name":"網遊競技","url":"https://www.read8.cc/wangyou/"},{"name":"科幻小說","url":"https://www.read8.cc/kehuan/"},{"name":"恐怖靈異","url":"https://www.read8.cc/kongbu/"},{"name":"其他小說","url":"https://www.read8.cc/othersbooks/"}]
