[{"name":"已完結","url":"https://www.shikoto.com/ended-articles.html"},{"name":"最近更新","url":"https://www.shikoto.com/last-updated-articles.html"},{"name":"靈異","url":"https://www.shikoto.com/category/22/%E9%9D%88%E7%95%B0.html"},{"name":"愛情","url":"https://www.shikoto.com/category/3/%E6%84%9B%E6%83%85.html"},{"name":"科幻","url":"https://www.shikoto.com/category/5/%E7%A7%91%E5%B9%BB.html"},{"name":"殺手","url":"https://www.shikoto.com/category/21/%E6%AE%BA%E6%89%8B.html"},{"name":"奇幻","url":"https://www.shikoto.com/category/18/%E5%A5%87%E5%B9%BB.html"},{"name":"喪屍","url":"https://www.shikoto.com/category/16/%E5%96%AA%E5%B1%8D.html"},{"name":"同人","url":"https://www.shikoto.com/category/23/%E5%90%8C%E4%BA%BA.html"},{"name":"校園","url":"https://www.shikoto.com/category/12/%E6%A0%A1%E5%9C%92.html"},{"name":"驚悚","url":"https://www.shikoto.com/category/4/%E9%A9%9A%E6%82%9A.html"},{"name":"勵志","url":"https://www.shikoto.com/category/24/%E5%8B%B5%E5%BF%97.html"},{"name":"推理","url":"https://www.shikoto.com/category/2/%E6%8E%A8%E7%90%86.html"},{"name":"武俠","url":"https://www.shikoto.com/category/6/%E6%AD%A6%E4%BF%A0.html"},{"name":"穿越","url":"https://www.shikoto.com/category/10/%E7%A9%BF%E8%B6%8A.html"},{"name":"悲慘","url":"https://www.shikoto.com/category/19/%E6%82%B2%E6%85%98.html"},{"name":"溫馨","url":"https://www.shikoto.com/category/17/%E6%BA%AB%E9%A6%A8.html"},{"name":"散文","url":"https://www.shikoto.com/category/15/%E6%95%A3%E6%96%87.html"},{"name":"甜故","url":"https://www.shikoto.com/category/25/%E7%94%9C%E6%95%85.html"},{"name":"鬥智","url":"https://www.shikoto.com/category/26/%E9%AC%A5%E6%99%BA.html"},{"name":"冒險","url":"https://www.shikoto.com/category/27/%E5%86%92%E9%9A%AA.html"},{"name":"其他","url":"https://www.shikoto.com/category/20/%E5%85%B6%E4%BB%96.html"}]
