[{"name":"排行榜","url":"http://www.shu111.com/top/","more":true,"subs":[{"name":"總排行榜","url":"allvisit/"},{"name":"月排行榜","url":"monthvisit/"},{"name":"周排行榜","url":"weekvisit/"},{"name":"總推薦榜","url":"allvote/"},{"name":"月推薦榜","url":"monthvote/"},{"name":"周推薦榜","url":"weekvote/"},{"name":"最新入庫","url":"postdate/"},{"name":"總收藏榜","url":"goodnum/"},{"name":"字數排行","url":"size/"},{"name":"本站推薦","url":"toptime/"}]},{"name":"完本小說","url":"http://www.shu111.com/wanben/"},{"name":"最近更新","url":"http://www.shu111.com/top/lastupdate/"},{"name":"玄幻小說","url":"http://www.shu111.com/list/1.html"},{"name":"仙俠小說","url":"http://www.shu111.com/list/2.html"},{"name":"都市小說","url":"http://www.shu111.com/list/3.html"},{"name":"歷史小說","url":"http://www.shu111.com/list/4.html"},{"name":"科幻小說","url":"http://www.shu111.com/list/5.html"},{"name":"網遊小說","url":"http://www.shu111.com/list/6.html"}]
