[{"name":"男頻","url":"https://shubaowb.com/list/1.html"},{"name":"言情","url":"https://shubaowb.com/list/2.html"},{"name":"耽美","url":"https://shubaowb.com/list/3.html"},{"name":"其他","url":"https://shubaowb.com/list/16.html"},{"name":"仙俠","url":"https://shubaowb.com/list/4.html"},{"name":"玄幻","url":"https://shubaowb.com/list/5.html/"},{"name":"科幻","url":"https://shubaowb.com/list/6.html"},{"name":"網遊","url":"https://shubaowb.com/list/8.html"},{"name":"古裝","url":"https://shubaowb.com/list/9.html"},{"name":"現代","url":"https://shubaowb.com/list/10.html"},{"name":"穿越重生","url":"https://shubaowb.com/list/11.html"},{"name":"恐怖推理","url":"https://shubaowb.com/list/12.html"},{"name":"同人","url":"https://shubaowb.com/list/13.html"},{"name":"台灣","url":"https://shubaowb.com/list/14.html"},{"name":"文學","url":"https://shubaowb.com/list/15.html"}]
