[{"name":"排行榜","url":"https://www.tvdl.net/rank/","more":true,"subs":[{"name":"總排行榜","url":"allvisit/"},{"name":"月排行榜","url":"monthvisit/"},{"name":"周排行榜","url":"weekvisit/"},{"name":"收藏榜","url":"goodnum/"}]},{"name":"全本","url":"https://www.tvdl.net/quanben/sort/"},{"name":"書庫","url":"https://www.tvdl.net/sort/"},{"name":"玄幻","url":"https://www.tvdl.net/sort/1/1/"},{"name":"武俠","url":"https://www.tvdl.net/sort/1/2/"},{"name":"都市","url":"https://www.tvdl.net/sort/1/3/"},{"name":"歷史","url":"https://www.tvdl.net/sort/1/4/"},{"name":"科幻","url":"https://www.tvdl.net/sort/1/5/"},{"name":"遊戲","url":"https://www.tvdl.net/sort/1/6/"},{"name":"女生","url":"https://www.tvdl.net/sort/1/7/"},{"name":"其他","url":"https://www.tvdl.net/sort/1/8/"}]
