[{"name":"排行榜","url":"http://www.shukw.com/rank/","more":true,"subs":[{"name":"總排行榜","url":"allvisit/"},{"name":"月排行榜","url":"monthvisit/"},{"name":"周排行榜","url":"weekvisit/"},{"name":"收藏榜","url":"goodnum/"}]},{"name":"全本","url":"http://www.shukw.com/quanben/sort/"},{"name":"書庫","url":"http://www.shukw.com/sort/"},{"name":"玄幻","url":"http://www.shukw.com/sort/1/1/"},{"name":"武俠","url":"http://www.shukw.com/sort/1/2/"},{"name":"都市","url":"http://www.shukw.com/sort/1/3/"},{"name":"歷史","url":"http://www.shukw.com/sort/1/4/"},{"name":"科幻","url":"http://www.shukw.com/sort/1/5/"},{"name":"遊戲","url":"http://www.shukw.com/sort/1/6/"},{"name":"女生","url":"http://www.shukw.com/sort/1/7/"},{"name":"其他","url":"http://www.shukw.com/sort/1/8/"}]
