[{"name":"全本小說","url":"https://www.sywwx.com/quanben.html"},{"name":"玄幻小說","url":"https://www.sywwx.com/xuanhuanxiaoshuo/"},{"name":"修真小說","url":"https://www.sywwx.com/xiuzhenxiaoshuo/"},{"name":"都市小說","url":"https://www.sywwx.com/dushixiaoshuo/"},{"name":"穿越小說","url":"https://www.sywwx.com/chuanyuexiaoshuo/"},{"name":"網遊小說","url":"https://www.sywwx.com/wangyouxiaoshuo/"},{"name":"科幻小說","url":"https://www.sywwx.com/kehuanxiaoshuo/"},{"name":"其他小說","url":"https://www.sywwx.com/qitaxiaoshuo/"}]
