[{"name":"全本小說","url":"http://www.shuyy8.com/quanben/"},{"name":"玄幻魔法","url":"http://www.shuyy8.com/xuanhuan/"},{"name":"武俠修真","url":"http://www.shuyy8.com/wuxia/"},{"name":"現代都市","url":"http://www.shuyy8.com/dushi/"},{"name":"言情小說","url":"http://www.shuyy8.com/yanqing/"},{"name":"歷史軍事","url":"http://www.shuyy8.com/junshi/"},{"name":"遊戲競技","url":"http://www.shuyy8.com/jingji/"},{"name":"科幻靈異","url":"http://www.shuyy8.com/kehuan/"},{"name":"耽美小說","url":"http://www.shuyy8.com/shenmei/"},{"name":"同人小說","url":"http://www.shuyy8.com/tongren/"},{"name":"其他小說","url":"http://www.shuyy8.com/qita/"}]
