[{"name":"玄幻奇幻","url":"http://www.sinuoteguolv.com/sort/1/1.html"},{"name":"武俠仙俠","url":"http://www.sinuoteguolv.com/sort/2/1.html"},{"name":"都市言情","url":"http://www.sinuoteguolv.com/sort/3/1.html"},{"name":"歷史軍事","url":"http://www.sinuoteguolv.com/sort/4/1.html"},{"name":"科幻靈異","url":"http://www.sinuoteguolv.com/sort/5/1.html"},{"name":"網遊競技","url":"http://www.sinuoteguolv.com/sort/6/1.html"},{"name":"女生頻道","url":"http://www.sinuoteguolv.com/sort/7/1.html"}]
