[{"name":"最近更新","url":"https://www.spps.cc/top/lastupdate/"},{"name":"玄幻","url":"https://www.spps.cc/xuanhuan/"},{"name":"武俠","url":"https://www.spps.cc/wuxia/"},{"name":"都市","url":"https://www.spps.cc/dushi/"},{"name":"歷史","url":"https://www.spps.cc/lishi/"},{"name":"遊戲","url":"https://www.spps.cc/youxi/"},{"name":"科幻","url":"https://www.spps.cc/kehuan/"},{"name":"恐怖","url":"https://www.spps.cc/xuanyi/"},{"name":"二次","url":"https://www.spps.cc/erciyuan/"},{"name":"經典","url":"https://www.spps.cc/jingdian/"},{"name":"古代","url":"https://www.spps.cc/guyan/"},{"name":"現代","url":"https://www.spps.cc/xianyan/"},{"name":"幻想","url":"https://www.spps.cc/huanqing/"},{"name":"青春","url":"https://www.spps.cc/qingchun/"},{"name":"網絡","url":"https://www.spps.cc/wangluo/"},{"name":"科幻","url":"https://www.spps.cc/mmkehuan/"},{"name":"鬼怪","url":"https://www.spps.cc/lingyi/"},{"name":"N次","url":"https://www.spps.cc/Nciyuan/"},{"name":"言情","url":"https://www.spps.cc/yanqing/"}]
