[{"name":"言情","url":"https://www.sto.cx/mbooklist.aspx?cid=44","catId":"44"},{"name":"武俠","url":"https://www.sto.cx/mbooklist.aspx?cid=45","catId":"45"},{"name":"玄幻","url":"https://www.sto.cx/mbooklist.aspx?cid=46","catId":"46"},{"name":"耽美","url":"https://www.sto.cx/mbooklist.aspx?cid=47","catId":"47"},{"name":"百合","url":"https://www.sto.cx/mbooklist.aspx?cid=48","catId":"48"},{"name":"科幻","url":"https://www.sto.cx/mbooklist.aspx?cid=49","catId":"49"},{"name":"恐怖","url":"https://www.sto.cx/mbooklist.aspx?cid=50","catId":"50"},{"name":"推理","url":"https://www.sto.cx/mbooklist.aspx?cid=51","catId":"51"},{"name":"歷史","url":"https://www.sto.cx/mbooklist.aspx?cid=52","catId":"52"},{"name":"軍事","url":"https://www.sto.cx/mbooklist.aspx?cid=53","catId":"53"},{"name":"生活","url":"https://www.sto.cx/mbooklist.aspx?cid=54","catId":"54"},{"name":"學習","url":"https://www.sto.cx/mbooklist.aspx?cid=55","catId":"55"},{"name":"文學","url":"https://www.sto.cx/mbooklist.aspx?cid=56","catId":"56"},{"name":"其它","url":"https://www.sto.cx/mbooklist.aspx?cid=57","catId":"57"}]
