[{"name":"排行","url":"https://sto55.com/top/","more":true,"subs":[{"name":"總排行榜","url":"allvisit_1.html"},{"name":"月排行榜","url":"monthvisit_1.html"},{"name":"周排行榜","url":"weekvisit_1.html"},{"name":"總推薦榜","url":"allvote_1.html"},{"name":"月推薦榜","url":"monthvote_1.html"},{"name":"周推薦榜","url":"weekvote_1.html"},{"name":"最新入庫","url":"postdate_1.html"},{"name":"總收藏榜","url":"goodnum_1.html"}]},{"name":"全本","url":"https://sto55.com/full_1.html"},{"name":"最近更新","url":"https://sto55.com/top/lastupdate_1.html"},{"name":"玄幻奇幻","url":"https://sto55.com/class_1_1.html"},{"name":"武俠仙俠","url":"https://sto55.com/class_2_1.html"},{"name":"現代都市","url":"https://sto55.com/class_3_1.html"},{"name":"歷史軍事","url":"https://sto55.com/class_4_1.html"},{"name":"科幻小說","url":"https://sto55.com/class_5_1.html"},{"name":"遊戲競技","url":"https://sto55.com/class_6_1.html"},{"name":"恐怖靈異","url":"https://sto55.com/class_7_1.html"},{"name":"言情小說","url":"https://sto55.com/class_8_1.html"},{"name":"其他類型","url":"https://sto55.com/class_9_1.html"}]
