[{"name":"華人文學","url":"https://www.tianyabooks.com/cn/"},{"name":"世界文學","url":"https://www.tianyabooks.com/world/"},{"name":"言情小說","url":"https://www.tianyabooks.com/romance/"},{"name":"網絡小說","url":"https://www.tianyabooks.com/net/"},{"name":"恐怖靈異","url":"https://www.tianyabooks.com/horror/"},{"name":"偵探推理","url":"https://www.tianyabooks.com/spy/"},{"name":"科幻小說","url":"https://www.tianyabooks.com/sf/"},{"name":"玄幻小說","url":"https://www.tianyabooks.com/fantasy/"},{"name":"武俠","url":"https://wx.tianyabooks.com/","more":true,"subs":[{"name":"小說列表","url":"book/"},{"name":"作家","url":"writer.html"}]},{"name":"作家","url":"https://www.tianyabooks.com/author/"}]
