[{"name":"連載","url":"https://www.ttkan.co/novel/class/lianzai"},{"name":"玄幻","url":"https://www.ttkan.co/novel/class/xuanhuan"},{"name":"都市","url":"https://www.ttkan.co/novel/class/dushi"},{"name":"仙俠","url":"https://www.ttkan.co/novel/class/xianxia"},{"name":"言情","url":"https://www.ttkan.co/novel/class/gudaiyanqing"},{"name":"穿越","url":"https://www.ttkan.co/novel/class/chuanyuechongsheng"},{"name":"遊戲","url":"https://www.ttkan.co/novel/class/youxi"},{"name":"科幻","url":"https://www.ttkan.co/novel/class/kehuan"},{"name":"懸疑","url":"https://www.ttkan.co/novel/class/xuanyi"},{"name":"靈異","url":"https://www.ttkan.co/novel/class/lingyi"},{"name":"歷史","url":"https://www.ttkan.co/novel/class/lishi"},{"name":"青春","url":"https://www.ttkan.co/novel/class/qingchun"},{"name":"軍事","url":"https://www.ttkan.co/novel/class/junshi"},{"name":"競技","url":"https://www.ttkan.co/novel/class/jingji"},{"name":"現言","url":"https://www.ttkan.co/novel/class/yanqing"},{"name":"其它","url":"https://www.ttkan.co/novel/class/qita"}]
