[{"name":"都市","url":"https://ttk.tw/novel/class/dushi"},{"name":"武俠","url":"https://ttk.tw/novel/class/wuxia"},{"name":"言情","url":"https://ttk.tw/novel/class/yaniqng"},{"name":"遊戲","url":"https://ttk.tw/novel/class/youxi"},{"name":"科幻","url":"https://ttk.tw/novel/class/kehuan"},{"name":"懸疑","url":"https://ttk.tw/novel/class/kongbu"},{"name":"玄幻","url":"https://ttk.tw/novel/class/xuanhuan"},{"name":"歷史","url":"https://ttk.tw/novel/class/lishi"},{"name":"同人","url":"https://ttk.tw/novel/class/tongren"},{"name":"其它","url":"https://ttk.tw/novel/class/qita"}]
