[{"name":"玄幻","url":"https://twxs.com.tw/category/xuanhuan.html"},{"name":"奇幻","url":"https://twxs.com.tw/category/qihuan.html"},{"name":"武俠","url":"https://twxs.com.tw/category/wuxia.html"},{"name":"仙俠","url":"https://twxs.com.tw/category/xianxia.html"},{"name":"都市","url":"https://twxs.com.tw/category/dushi.html"},{"name":"曆史","url":"https://twxs.com.tw/category/lishi.html"},{"name":"軍事","url":"https://twxs.com.tw/category/junshi.html"},{"name":"遊戲","url":"https://twxs.com.tw/category/youxi.html"},{"name":"競技","url":"https://twxs.com.tw/category/jingji.html"},{"name":"科幻","url":"https://twxs.com.tw/category/kehuan.html"},{"name":"靈異","url":"https://twxs.com.tw/category/lingyi.html"},{"name":"其他","url":"https://twxs.com.tw/category/qita.html"}]
