[{"name":"排行","url":"https://txt520.com/ranking/"},{"name":"最新","url":"https://txt520.com/latest/"},{"name":"玄幻","url":"https://txt520.com/xuanhuan/"},{"name":"修真","url":"https://txt520.com/xiuzhen/"},{"name":"都市","url":"https://txt520.com/ds/"},{"name":"言情","url":"https://txt520.com/yq/"},{"name":"網遊","url":"https://txt520.com/wangyou/"},{"name":"科幻","url":"https://txt520.com/kehuan/"},{"name":"穿越","url":"https://txt520.com/chuanyue/"},{"name":"武俠","url":"https://txt520.com/wuxia/"},{"name":"歷史","url":"https://txt520.com/lishi/"},{"name":"軍事","url":"https://txt520.com/junshi/"},{"name":"鄉土","url":"https://txt520.com/xt/"},{"name":"官場","url":"https://txt520.com/guanchang/"},{"name":"奇幻","url":"https://txt520.com/qihuan/"},{"name":"鬼話","url":"https://txt520.com/guihua/"},{"name":"耽美","url":"https://txt520.com/danmei/"},{"name":"同人","url":"https://txt520.com/erciyuan/"},{"name":"精品","url":"https://txt520.com/xiaoshuo/"},{"name":"傳記","url":"https://txt520.com/zhuanji/"},{"name":"名著","url":"https://txt520.com/mingzhu/"}]
