[{"name":"全本","url":"https://uukanshu.cc/quanben/"},{"name":"玄幻奇幻","url":"https://uukanshu.cc/class_1_1.html"},{"name":"武俠仙俠","url":"https://uukanshu.cc/class_2_1.html"},{"name":"現代都市","url":"https://uukanshu.cc/class_3_1.html"},{"name":"歷史軍事","url":"https://uukanshu.cc/class_4_1.html"},{"name":"科幻小說","url":"https://uukanshu.cc/class_5_1.html"},{"name":"遊戲競技","url":"https://uukanshu.cc/class_6_1.html"},{"name":"恐怖靈異","url":"https://uukanshu.cc/class_7_1.html"},{"name":"言情小說","url":"https://uukanshu.cc/class_8_1.html"},{"name":"動漫同人","url":"https://uukanshu.cc/class_9_1.html"},{"name":"其他類型","url":"https://uukanshu.cc/class_10_1.html"}]
