[{"name":"全本","url":"https://uuks.org/wanben/"},{"name":"奇魔玄幻","url":"https://uuks.org/list1/"},{"name":"修真小說","url":"https://uuks.org/list2/"},{"name":"都市小說","url":"https://uuks.org/list3/"},{"name":"穿越小說","url":"https://uuks.org/list4/"},{"name":"網遊小說","url":"https://uuks.org/list5/"},{"name":"科幻小說","url":"https://uuks.org/list6/"},{"name":"次元小說","url":"https://uuks.org/list7/"},{"name":"綜合言情","url":"https://uuks.org/list8/"},{"name":"浪漫青春","url":"https://uuks.org/list9/"}]
