[{"name":"排行榜","url":"https://www.uuread.tw/rank/","more":true,"subs":[{"name":"總排行榜","url":"allvisit/1.html"},{"name":"月排行榜","url":"monthvisit/1.html"},{"name":"周排行榜","url":"weekvisit/1.html"},{"name":"日排行榜","url":"dayvisit/1.html"},{"name":"收藏榜","url":"goodnum/1.html"},{"name":"字數榜","url":"words/1.html"},{"name":"推薦榜","url":"allvote/1.html"},{"name":"新書榜","url":"postdate/1.html"},{"name":"更新榜","url":"lastupdate/1.html"}]},{"name":"全本小說","url":"https://www.uuread.tw/full/","more":true,"subs":[{"name":"玄幻","url":"xuanhuan/1.html"},{"name":"仙俠","url":"xianxia/1.html"},{"name":"都市","url":"dushi/1.html"},{"name":"歷史","url":"lishi/1.html"},{"name":"遊戲","url":"youxi/1.html"},{"name":"科幻","url":"kehuan/1.html"},{"name":"靈異","url":"kongbu/1.html"},{"name":"言情","url":"nvsheng/1.html"},{"name":"其它","url":"qita/1.html"}]},{"name":"玄幻","url":"https://www.uuread.tw/sort/1/1.html"},{"name":"仙俠","url":"https://www.uuread.tw/sort/2/1.html"},{"name":"都市","url":"https://www.uuread.tw/sort/3/1.html"},{"name":"歷史","url":"https://www.uuread.tw/sort/4/1.html"},{"name":"遊戲","url":"https://www.uuread.tw/sort/5/1.html"},{"name":"科幻","url":"https://www.uuread.tw/sort/6/1.html"},{"name":"靈異","url":"https://www.uuread.tw/sort/7/1.html"},{"name":"言情","url":"https://www.uuread.tw/sort/8/1.html"},{"name":"其它","url":"https://www.uuread.tw/sort/9/1.html"}]
