[{"name":"全本","url":"http://www.vipkanshu.org/quanben/"},{"name":"玄幻","url":"http://www.vipkanshu.org/class/1-1.html"},{"name":"修真","url":"http://www.vipkanshu.org/class/2-1.html"},{"name":"都市","url":"http://www.vipkanshu.org/class/3-1.html"},{"name":"歷史","url":"http://www.vipkanshu.org/class/4-1.html"},{"name":"網遊","url":"http://www.vipkanshu.org/class/5-1.html"},{"name":"科幻","url":"http://www.vipkanshu.org/class/6-1.html"},{"name":"其他","url":"http://www.vipkanshu.org/class/7-1.html"}]
