[{"name":"玄幻小說","url":"https://www.fastla5200.xyz/lists/1.html"},{"name":"修真小說","url":"https://www.fastla5200.xyz/lists/2.html"},{"name":"都市小說","url":"https://www.fastla5200.xyz/lists/3.html"},{"name":"歷史小說","url":"https://www.fastla5200.xyz/lists/4.html"},{"name":"網遊小說","url":"https://www.fastla5200.xyz/lists/5.html"},{"name":"科幻小說","url":"https://www.fastla5200.xyz/lists/6.html"},{"name":"言情小說","url":"https://www.fastla5200.xyz/lists/7.html"},{"name":"其他小說","url":"https://www.fastla5200.xyz/lists/8.html"}]
