[{"name":"玄幻魔法","url":"https://www.vv44.net/cat/xuanhuanmofa"},{"name":"武俠修真","url":"https://www.vv44.net/cat/wuxiaxiuzhen"},{"name":"都市言情","url":"https://www.vv44.net/cat/dushiyanqing"},{"name":"歷史軍事","url":"https://www.vv44.net/cat/lishijunshi"},{"name":"網遊動漫","url":"https://www.vv44.net/cat/wangyoudongman"},{"name":"科幻小說","url":"https://www.vv44.net/cat/kehuanxiaoshuo"},{"name":"恐怖靈異","url":"https://www.vv44.net/cat/kongbulingyi"},{"name":"其他類型","url":"https://www.vv44.net/cat/qita"}]
