[{"name":"男生","url":"https://m.xiaoshuowanben.com/all/","more":true,"subs":[{"name":"玄幻小說","url":"1_lastupdate_0_0_1.html"},{"name":"奇幻小說","url":"2_lastupdate_0_0_1.html"},{"name":"武俠小說","url":"3_lastupdate_0_0_1.html"},{"name":"仙俠小說","url":"4_lastupdate_0_0_1.html"},{"name":"都市小說","url":"5_lastupdate_0_0_1.html"},{"name":"軍事小說","url":"6_lastupdate_0_0_1.html"},{"name":"歷史小說","url":"7_lastupdate_0_0_1.html"},{"name":"遊戲小說","url":"8_lastupdate_0_0_1.html"},{"name":"競技小說","url":"9_lastupdate_0_0_1.html"},{"name":"科幻小說","url":"10_lastupdate_0_0_1.html"},{"name":"懸疑小說","url":"11_lastupdate_0_0_1.html"},{"name":"靈異小說","url":"12_lastupdate_0_0_1.html"},{"name":"其他","url":"13_lastupdate_0_0_1.html"}]},{"name":"女生","url":"https://m.xiaoshuowanben.com/all/","more":true,"subs":[{"name":"古代言情","url":"14_lastupdate_0_0_1.html"},{"name":"仙俠奇緣","url":"15_lastupdate_0_0_1.html"},{"name":"現代言情","url":"16_lastupdate_0_0_1.html"},{"name":"浪漫青春","url":"17_lastupdate_0_0_1.html"},{"name":"玄幻言情","url":"18_lastupdate_0_0_1.html"},{"name":"懸疑靈異","url":"19_lastupdate_0_0_1.html"},{"name":"科幻空間","url":"20_lastupdate_0_0_1.html"},{"name":"遊戲競技","url":"21_lastupdate_0_0_1.html"},{"name":"BL文","url":"22_lastupdate_0_0_1.html"},{"name":"GL文","url":"23_lastupdate_0_0_1.html"},{"name":"二次元","url":"24_lastupdate_0_0_1.html"}]}]
