[{"name":"長篇小說區","url":"","more":true,"subs":[{"name":"全本小說","url":"https://woodo.club/forum.php?mod=forumdisplay&fid=120","catId":"120","more":true,"subs":[{"name":"全部","url":"&page=1"},{"name":"傳奇玄幻","url":"&typeid=201&page=1"},{"name":"遠古高武","url":"&typeid=202&page=1"},{"name":"王朝爭霸","url":"&typeid=203&page=1"},{"name":"異世大陸","url":"&typeid=204&page=1"}]},{"name":"東方玄幻","url":"https://woodo.club/forum.php?mod=forumdisplay&fid=78","catId":"78","more":true,"subs":[{"name":"全部","url":"&page=1"},{"name":"傳奇玄幻","url":"&typeid=33&page=1"},{"name":"遠古高武","url":"&typeid=31&page=1"},{"name":"王朝爭霸","url":"&typeid=32&page=1"},{"name":"異世大陸","url":"&typeid=34&page=1"}]},{"name":"西方奇幻","url":"https://woodo.club/forum.php?mod=forumdisplay&fid=79","catId":"79","more":true,"subs":[{"name":"全部","url":"&page=1"},{"name":"史詩奇幻","url":"&typeid=36&page=1"},{"name":"劍與魔法","url":"&typeid=35&page=1"},{"name":"轉世重生","url":"&typeid=37&page=1"},{"name":"現代魔幻","url":"&typeid=38&page=1"},{"name":"另類幻想","url":"&typeid=161&page=1"}]},{"name":"武俠仙神","url":"https://woodo.club/forum.php?mod=forumdisplay&fid=80","catId":"80","more":true,"subs":[{"name":"全部","url":"&page=1"},{"name":"修真幻想","url":"&typeid=39&page=1"},{"name":"古典仙俠","url":"&typeid=40&page=1"},{"name":"修仙成神","url":"&typeid=133&page=1"},{"name":"傳統武俠","url":"&typeid=41&page=1"},{"name":"武俠想像","url":"&typeid=134&page=1"},{"name":"異術武技","url":"&typeid=42&page=1"}]},{"name":"都市言情","url":"https://woodo.club/forum.php?mod=forumdisplay&fid=81","catId":"81","more":true,"subs":[{"name":"全部","url":"&page=1"},{"name":"都市生活","url":"&typeid=43&page=1"},{"name":"異術超能","url":"&typeid=44&page=1"},{"name":"娛樂明星","url":"&typeid=45&page=1"},{"name":"重回新生","url":"&typeid=47&page=1"},{"name":"青春校園","url":"&typeid=46&page=1"},{"name":"鄉土風情","url":"&typeid=162&page=1"},{"name":"現實百態","url":"&typeid=163&page=1"}]},{"name":"歷史軍事","url":"https://woodo.club/forum.php?mod=forumdisplay&fid=82","catId":"82","more":true,"subs":[{"name":"全部","url":"&page=1"},{"name":"架空歷史","url":"&typeid=48&page=1"},{"name":"上古先秦","url":"&typeid=49&page=1"},{"name":"秦漢三國","url":"&typeid=50&page=1"},{"name":"兩晉隋唐","url":"&typeid=51&page=1"},{"name":"五代十國","url":"&typeid=52&page=1"},{"name":"兩宋元明","url":"&typeid=53&page=1"},{"name":"清史民國","url":"&typeid=54&page=1"},{"name":"戰爭幻想","url":"&typeid=55&page=1"},{"name":"諜戰特工","url":"&typeid=56&page=1"}]},{"name":"遊戲競技","url":"https://woodo.club/forum.php?mod=forumdisplay&fid=83","catId":"83","more":true,"subs":[{"name":"全部","url":"&page=1"},{"name":"虛擬網遊","url":"&typeid=57&page=1"},{"name":"電子競技","url":"&typeid=58&page=1"},{"name":"遊戲系统","url":"&typeid=148&page=1"},{"name":"遊戲異界","url":"&typeid=59&page=1"},{"name":"體育運動","url":"&typeid=60&page=1"}]},{"name":"科幻靈異","url":"https://woodo.club/forum.php?mod=forumdisplay&fid=84","catId":"84","more":true,"subs":[{"name":"全部","url":"&page=1"},{"name":"時空穿梭","url":"&typeid=61&page=1"},{"name":"未來星際","url":"&typeid=62&page=1"},{"name":"古武機甲","url":"&typeid=63&page=1"},{"name":"科技變異","url":"&typeid=67&page=1"},{"name":"末世危機","url":"&typeid=64&page=1"},{"name":"靈異鬼怪","url":"&typeid=65&page=1"},{"name":"恐怖驚悚","url":"&typeid=66&page=1"},{"name":"詭秘懸疑","url":"&typeid=68&page=1"},{"name":"偵探推理","url":"&typeid=69&page=1"}]},{"name":"其它小說","url":"https://woodo.club/forum.php?mod=forumdisplay&fid=85","catId":"85","more":true,"subs":[{"name":"全部","url":"&page=1"},{"name":"各類同人","url":"&typeid=70&page=1"},{"name":"原生幻想","url":"&typeid=71&page=1"},{"name":"青蔥歲月","url":"&typeid=72&page=1"},{"name":"變身入替","url":"&typeid=73&page=1"},{"name":"搞笑吐槽","url":"&typeid=146&page=1"}]}]},{"name":"原創言情區","url":"","more":true,"subs":[{"name":"古代","url":"https://woodo.club/forum.php?mod=forumdisplay&fid=71","catId":"71","more":true,"subs":[{"name":"全部","url":"&page=1"},{"name":"穿越","url":"&typeid=3&page=1"},{"name":"重生","url":"&typeid=4&page=1"},{"name":"虐戀","url":"&typeid=5&page=1"},{"name":"歷史","url":"&typeid=6&page=1"},{"name":"靈異","url":"&typeid=7&page=1"},{"name":"推理","url":"&typeid=8&page=1"},{"name":"甜萌","url":"&typeid=9&page=1"},{"name":"宮宅鬥","url":"&typeid=10&page=1"}]},{"name":"現代","url":"https://woodo.club/forum.php?mod=forumdisplay&fid=72","catId":"72","more":true,"subs":[{"name":"全部","url":"&page=1"},{"name":"穿越","url":"&typeid=12&page=1"},{"name":"重生","url":"&typeid=13&page=1"},{"name":"甜萌","url":"&typeid=14&page=1"},{"name":"虐戀","url":"&typeid=15&page=1"},{"name":"網遊","url":"&typeid=16&page=1"},{"name":"競技","url":"&typeid=17&page=1"},{"name":"網配","url":"&typeid=18&page=1"},{"name":"推理","url":"&typeid=19&page=1"},{"name":"靈異","url":"&typeid=20&page=1"},{"name":"風水","url":"&typeid=21&page=1"}]},{"name":"科幻網遊","url":"https://woodo.club/forum.php?mod=forumdisplay&fid=73","catId":"73","more":true,"subs":[{"name":"全部","url":"&page=1"},{"name":"時空穿梭","url":"&typeid=149&page=1"},{"name":"未來星際","url":"&typeid=150&page=1"},{"name":"古武機甲","url":"&typeid=151&page=1"},{"name":"科技變異","url":"&typeid=152&page=1"},{"name":"末世危機","url":"&typeid=153&page=1"},{"name":"電子競技","url":"&typeid=154&page=1"},{"name":"網遊情緣","url":"&typeid=155&page=1"},{"name":"遊戲異界","url":"&typeid=156&page=1"}]},{"name":"異世懸疑","url":"https://woodo.club/forum.php?mod=forumdisplay&fid=74","catId":"74","more":true,"subs":[{"name":"全部","url":"&page=1"},{"name":"異界","url":"&typeid=164&page=1"},{"name":"獸世","url":"&typeid=165&page=1"},{"name":"靈異","url":"&typeid=166&page=1"},{"name":"懸疑","url":"&typeid=167&page=1"},{"name":"推理","url":"&typeid=168&page=1"}]},{"name":"玄幻修真","url":"https://woodo.club/forum.php?mod=forumdisplay&fid=75","catId":"75","more":true,"subs":[{"name":"全部","url":"&page=1"},{"name":"武俠","url":"&typeid=160&page=1"},{"name":"修仙","url":"&typeid=159&page=1"}]},{"name":"同人其它","url":"https://woodo.club/forum.php?mod=forumdisplay&fid=76","catId":"76","more":true,"subs":[{"name":"全部","url":"&page=1"},{"name":"日系","url":"&typeid=169&page=1"},{"name":"歐美系","url":"&typeid=170&page=1"},{"name":"台系","url":"&typeid=171&page=1"},{"name":"陸系","url":"&typeid=176&page=1"}]}]},{"name":"日系小說區","url":"","more":true,"subs":[{"name":"玄幻","url":"https://woodo.club/forum.php?mod=forumdisplay&fid=105","catId":"105","more":false},{"name":"校園","url":"https://woodo.club/forum.php?mod=forumdisplay&fid=106","catId":"106","more":false},{"name":"魔幻","url":"https://woodo.club/forum.php?mod=forumdisplay&fid=108","catId":"108","more":false}]},{"name":"耽美小說區","url":"","more":true,"subs":[{"name":"綜合書庫區","url":"https://woodo.club/forum.php?mod=forumdisplay&fid=109","catId":"109","more":true,"subs":[{"name":"全部","url":"&page=1"},{"name":"古代架空","url":"&typeid=117&page=1"},{"name":"現代都市","url":"&typeid=118&page=1"},{"name":"未來末日","url":"&typeid=119&page=1"},{"name":"穿越重生","url":"&typeid=120&page=1"},{"name":"獸之世界","url":"&typeid=121&page=1"},{"name":"網遊配對","url":"&typeid=122&page=1"},{"name":"玄幻魔法","url":"&typeid=123&page=1"},{"name":"靈異推理","url":"&typeid=124&page=1"},{"name":"衍生同人","url":"&typeid=125&page=1"},{"name":"工口肉文","url":"&typeid=147&page=1"}]}]},{"name":"出版言情區","url":"","more":true,"subs":[{"name":"館藏區","url":"https://woodo.club/forum.php?mod=forumdisplay&fid=111","catId":"111","more":true,"subs":[{"name":"全部","url":"&page=1"},{"name":"古代架空","url":"&typeid=126&page=1"},{"name":"現代都會","url":"&typeid=127&page=1"},{"name":"玄幻仙俠","url":"&typeid=128&page=1"},{"name":"奇幻魔法","url":"&typeid=129&page=1"},{"name":"穿越重生","url":"&typeid=130&page=1"},{"name":"經典言情","url":"&typeid=131&page=1"},{"name":"其它類型","url":"&typeid=132&page=1"}]}]}]
