[{"name":"全本","url":"https://m.wcxsw.org/quanben/"},{"name":"女生","url":"https://m.wcxsw.org/fenlei1/"},{"name":"玄幻","url":"https://m.wcxsw.org/fenlei2/"},{"name":"奇幻","url":"https://m.wcxsw.org/fenlei3/"},{"name":"武俠","url":"https://m.wcxsw.org/fenlei4/"},{"name":"仙俠","url":"https://m.wcxsw.org/fenlei5/"},{"name":"都市","url":"https://m.wcxsw.org/fenlei6/"},{"name":"歷史","url":"https://m.wcxsw.org/fenlei7/"},{"name":"軍事","url":"https://m.wcxsw.org/fenlei8/"},{"name":"遊戲","url":"https://m.wcxsw.org/fenlei9/"},{"name":"科幻","url":"https://m.wcxsw.org/fenlei10/"},{"name":"其他","url":"https://m.wcxsw.org/fenlei11/"}]
