[{"name":"耽美同人","url":"https://www.xbanxia.com/list/1_1.html"},{"name":"男頻熱文","url":"https://www.xbanxia.com/list/2_1.html"},{"name":"現代情感","url":"https://www.xbanxia.com/list/3_1.html"},{"name":"古裝迷情","url":"https://www.xbanxia.com/list/4_1.html"},{"name":"穿越重生","url":"https://www.xbanxia.com/list/5_1.html"},{"name":"其他言情","url":"https://www.xbanxia.com/list/","more":true,"subs":[{"name":"台灣言情","url":"7_1.html"},{"name":"網遊科幻","url":"8_1.html"},{"name":"恐怖推理","url":"9_1.html"},{"name":"仙俠言情","url":"10_1.html"},{"name":"玄幻言情","url":"11_1.html"}]},{"name":"BG同人","url":"https://www.xbanxia.com/list/12_1.html"}]
