[{"name":"全部小說","url":"https://www.ibiquges.org/xiaoshuodaquan/"},{"name":"玄幻小說","url":"https://www.ibiquges.org/fenlei/1_1.html"},{"name":"修真小說","url":"https://www.ibiquges.org/fenlei/2_1.html"},{"name":"都市小說","url":"https://www.ibiquges.org/fenlei/3_1.html"},{"name":"穿越小說","url":"https://www.ibiquges.org/fenlei/4_1.html"},{"name":"網遊小說","url":"https://www.ibiquges.org/fenlei/5_1.html"},{"name":"科幻小說","url":"https://www.ibiquges.org/fenlei/6_1.html"}]
