[{"name":"奇幻玄幻","url":"http://www.xiaoshubao.net/xhxs/"},{"name":"武俠修真","url":"http://www.xiaoshubao.net/xzxs/"},{"name":"現代都市","url":"http://www.xiaoshubao.net/dsxs/"},{"name":"歷史軍事","url":"http://www.xiaoshubao.net/lsxs/"},{"name":"網遊競技","url":"http://www.xiaoshubao.net/wyxs/"},{"name":"科幻靈異","url":"http://www.xiaoshubao.net/khxs/"},{"name":"女頻穿越","url":"http://www.xiaoshubao.net/npxs/"},{"name":"其他綜合","url":"http://www.xiaoshubao.net/qtxs/"}]
