[{"name":"全本","url":"https://m.xiaojiaren.com/quanben/class/cat/","more":true,"subs":[{"name":"全部","url":""},{"name":"懸疑","url":"5/page/1/"},{"name":"言情","url":"7/page/1/"},{"name":"都市","url":"3/page/1/"},{"name":"仙武","url":"2/page/1/"},{"name":"歷史","url":"4/page/1/"},{"name":"遊戲","url":"6/page/1/"},{"name":"科幻","url":"9/page/1/"},{"name":"玄幻","url":"1/page/1/"},{"name":"其他","url":"8/page/1/"}]},{"name":"全部","url":"https://m.xiaojiaren.com/class/cat/"},{"name":"懸疑","url":"https://m.xiaojiaren.com/class/cat/5/page/1/"},{"name":"言情","url":"https://m.xiaojiaren.com/class/cat/7/page/1/"},{"name":"都市","url":"https://m.xiaojiaren.com/class/cat/3/page/1/"},{"name":"仙武","url":"https://m.xiaojiaren.com/class/cat/2/page/1/"},{"name":"歷史","url":"https://m.xiaojiaren.com/class/cat/4/page/1/"},{"name":"遊戲","url":"https://m.xiaojiaren.com/class/cat/6/page/1/"},{"name":"科幻","url":"https://m.xiaojiaren.com/class/cat/9/page/1/"},{"name":"玄幻","url":"https://m.xiaojiaren.com/class/cat/1/page/1/"},{"name":"其他","url":"https://m.xiaojiaren.com/class/cat/8/page/1/"}]
