[{"name":"最近更新","url":"https://www.xddxsw.com/"},{"name":"玄幻奇幻","url":"https://www.xddxsw.com/list/1.html"},{"name":"武俠仙俠","url":"https://www.xddxsw.com/list/2.html"},{"name":"都市生活","url":"https://www.xddxsw.com/list/3.html"},{"name":"歷史軍事","url":"https://www.xddxsw.com/list/4.html"},{"name":"遊戲競技","url":"https://www.xddxsw.com/list/5.html"},{"name":"科幻未來","url":"https://www.xddxsw.com/list/6.html"},{"name":"恐怖懸疑","url":"https://www.xddxsw.com/list/7.html"},{"name":"其他類型","url":"https://www.xddxsw.com/list/8.html"},{"name":"古代言情","url":"https://www.xddxsw.com/list/9.html"},{"name":"現代言情","url":"https://www.xddxsw.com/list/10.html"},{"name":"幻想奇緣","url":"https://www.xddxsw.com/list/11.html"},{"name":"遊戲情緣","url":"https://www.xddxsw.com/list/12.html"},{"name":"浪漫青春","url":"https://www.xddxsw.com/list/13.html"},{"name":"言情美文","url":"https://www.xddxsw.com/list/14.html"},{"name":"科幻靈異","url":"https://www.xddxsw.com/list/15.html"},{"name":"其他類型","url":"https://www.xddxsw.com/list/16.html"}]
