[{"name":"全本","url":"https://m.kelexsw.com/fullbook/1.html"},{"name":"玄幻","url":"https://m.kelexsw.com/sort/1/1/"},{"name":"武俠","url":"https://m.kelexsw.com/sort/2/1/"},{"name":"言情","url":"https://m.kelexsw.com/sort/3/1/"},{"name":"歷史","url":"https://m.kelexsw.com/sort/4/1/"},{"name":"網遊","url":"https://m.kelexsw.com/sort/5/1/"},{"name":"科幻","url":"https://m.kelexsw.com/sort/6/1/"},{"name":"恐怖","url":"https://m.kelexsw.com/sort/7/1/"},{"name":"其他","url":"https://m.kelexsw.com/sort/8/1/"}]
