[{"name":"全本","url":"https://m.xklxsw.net/fullbook/1.html"},{"name":"玄幻","url":"https://m.xklxsw.net/sort/1/1/"},{"name":"武俠","url":"https://m.xklxsw.net/sort/2/1/"},{"name":"言情","url":"https://m.xklxsw.net/sort/3/1/"},{"name":"歷史","url":"https://m.xklxsw.net/sort/4/1/"},{"name":"網遊","url":"https://m.xklxsw.net/sort/5/1/"},{"name":"科幻","url":"https://m.xklxsw.net/sort/6/1/"},{"name":"恐怖","url":"https://m.xklxsw.net/sort/7/1/"},{"name":"其他","url":"https://m.xklxsw.net/sort/8/1/"}]
