[{"name":"完本","url":"https://m.xncwxw.net/quanben","more":true,"subs":[{"name":"玄幻小說","url":"1.html"},{"name":"修真小說","url":"2.html"},{"name":"都市小說","url":"3.html"},{"name":"穿越小說","url":"4.html"},{"name":"網遊小說","url":"5.html"},{"name":"科幻小說","url":"6.html"},{"name":"其他小說","url":"7.html"}]},{"name":"玄幻小說","url":"https://m.xncwxw.net/xclass/1/1.html"},{"name":"修真小說","url":"https://m.xncwxw.net/xclass/2/1.html"},{"name":"都市小說","url":"https://m.xncwxw.net/xclass/3/1.html"},{"name":"穿越小說","url":"https://m.xncwxw.net/xclass/4/1.html"},{"name":"網遊小說","url":"https://m.xncwxw.net/xclass/5/1.html"},{"name":"科幻小說","url":"https://m.xncwxw.net/xclass/6/1.html"},{"name":"其他小說","url":"https://m.xncwxw.net/xclass/7/1.html"}]
