[{"name":"全本","url":"https://www.xsb.tw/quanben/sort/","more":true,"subs":[{"name":"全部分類","url":""},{"name":"玄幻魔法","url":"1/1/"},{"name":"武俠修真","url":"2/1/"},{"name":"都市言情","url":"3/1/"},{"name":"歷史軍事","url":"4/1/"},{"name":"科幻靈異","url":"5/1/"},{"name":"遊戲競技","url":"6/1/"},{"name":"女生耽美","url":"7/1/"},{"name":"其他類型","url":"8/1/"}]},{"name":"全部分類","url":"https://www.xsb.tw/sort/"},{"name":"玄幻魔法","url":"https://www.xsb.tw/sort/1/1/"},{"name":"武俠修真","url":"https://www.xsb.tw/sort/2/1/"},{"name":"都市言情","url":"https://www.xsb.tw/sort/3/1/"},{"name":"歷史軍事","url":"https://www.xsb.tw/sort/4/1/"},{"name":"科幻靈異","url":"https://www.xsb.tw/sort/5/1/"},{"name":"遊戲競技","url":"https://www.xsb.tw/sort/6/1/"},{"name":"女生耽美","url":"https://www.xsb.tw/sort/7/1/"},{"name":"其他類型","url":"https://www.xsb.tw/sort/8/1/"}]
