[{"name":"玄幻奇幻","url":"https://www.xsggds.com/lists/18.html"},{"name":"武俠仙俠","url":"https://www.xsggds.com/lists/19.html"},{"name":"歷史軍事","url":"https://www.xsggds.com/lists/20.html"},{"name":"都市娛樂","url":"https://www.xsggds.com/lists/21.html"},{"name":"科幻末日","url":"https://www.xsggds.com/lists/22.html"},{"name":"懸疑靈異","url":"https://www.xsggds.com/lists/23.html"},{"name":"遊戲競技","url":"https://www.xsggds.com/lists/34.html"},{"name":"耽美百合","url":"https://www.xsggds.com/lists/40.html"},{"name":"其他","url":"https://www.xsggds.com/lists/35.html"}]
