[{"name":"全本小說","url":"https://m.xsw.tw/quanben.html"},{"name":"玄幻小說","url":"https://m.xsw.tw/fenlei1_1.html"},{"name":"仙俠小說","url":"https://m.xsw.tw/fenlei2_1.html"},{"name":"都市小說","url":"https://m.xsw.tw/fenlei3_1.html"},{"name":"歷史小說","url":"https://m.xsw.tw/fenlei4_1.html"},{"name":"遊戲小說","url":"https://m.xsw.tw/fenlei5_1.html"},{"name":"科幻小說","url":"https://m.xsw.tw/fenlei6_1.html"},{"name":"恐怖小說","url":"https://m.xsw.tw/fenlei7_1.html"},{"name":"綜合其他","url":"https://m.xsw.tw/fenlei8_1.html"}]
