[{"name":"排行榜","url":"https://m.xszj.org/t/month"},{"name":"社會","url":"https://m.xszj.org/c/2"},{"name":"豪門","url":"https://m.xszj.org/c/3"},{"name":"現代","url":"https://m.xszj.org/c/4"},{"name":"古代","url":"https://m.xszj.org/c/5"},{"name":"穿越","url":"https://m.xszj.org/c/6"},{"name":"玄幻","url":"https://m.xszj.org/c/7"},{"name":"懸疑","url":"https://m.xszj.org/c/8"},{"name":"武俠","url":"https://m.xszj.org/c/9"},{"name":"女生","url":"https://m.xszj.org/c/17"}]
