[{"name":"玄幻小說","url":"https://www.xuanhuanshuge.com/lists/1.html"},{"name":"修真小說","url":"https://www.xuanhuanshuge.com/lists/2.html"},{"name":"都市小說","url":"https://www.xuanhuanshuge.com/lists/3.html"},{"name":"歷史小說","url":"https://www.xuanhuanshuge.com/lists/4.html"},{"name":"網游小說","url":"https://www.xuanhuanshuge.com/lists/5.html"},{"name":"科幻小說","url":"https://www.xuanhuanshuge.com/lists/6.html"},{"name":"言情小說","url":"https://www.xuanhuanshuge.com/lists/7.html"},{"name":"其他小說","url":"https://www.xuanhuanshuge.com/lists/8.html"}]
