[{"name":"原創小說區","url":"http://www.yayabay.com/forum/forumdisplay.php?fid=117","catId":"117","more":true,"subs":[{"name":"全部","url":""},{"name":"短篇小說","url":"&typeid=145"},{"name":"歷史軍事","url":"&typeid=103"},{"name":"科幻奇幻","url":"&typeid=146"},{"name":"外國文學","url":"&typeid=147"},{"name":"近代現代","url":"&typeid=14"},{"name":"穿越時空","url":"&typeid=32"},{"name":"架空古代","url":"&typeid=33"},{"name":"驚悸推理","url":"&typeid=15"},{"name":"武俠仙俠","url":"&typeid=16"},{"name":"耽美","url":"&typeid=18"},{"name":"網遊","url":"&typeid=50"}]},{"name":"新文發佈區","url":"","catId":"149,155,154,153,152","more":true,"subs":[{"name":"大眾連載發佈區","url":"http://www.yayabay.com/forum/forumdisplay.php?fid=155","catId":"155","more":true,"subs":[{"name":"全部","url":""},{"name":"作者停更","url":"&typeid=128","nonovels":true},{"name":"近代現代","url":"&typeid=14"},{"name":"玄幻奇幻","url":"&typeid=109","nonovels":true},{"name":"穿越時空","url":"&typeid=32"},{"name":"架空古代","url":"&typeid=33"},{"name":"驚悸推理","url":"&typeid=15","nonovels":true},{"name":"武俠仙俠","url":"&typeid=16","nonovels":true},{"name":"未來幻想","url":"&typeid=108","nonovels":true},{"name":"港台言情","url":"&typeid=63","nonovels":true},{"name":"網遊","url":"&typeid=50","nonovels":true},{"name":"同人","url":"&typeid=212"},{"name":"重生","url":"&typeid=211","nonovels":true},{"name":"高H","url":"&typeid=248","nonovels":true},{"name":"其他","url":"&typeid=62","nonovels":true}]},{"name":"大眾完結發佈區","url":"http://www.yayabay.com/forum/forumdisplay.php?fid=154","catId":"154","more":true,"subs":[{"name":"全部","url":""},{"name":"近代現代","url":"&typeid=14","nonovels":true},{"name":"玄幻奇幻","url":"&typeid=109","nonovels":true},{"name":"穿越時空","url":"&typeid=32","nonovels":true},{"name":"架空古代","url":"&typeid=33"},{"name":"驚悸推理","url":"&typeid=15","nonovels":true},{"name":"武俠仙俠","url":"&typeid=16"},{"name":"未來幻想","url":"&typeid=108","nonovels":true},{"name":"港台言情","url":"&typeid=63","nonovels":true},{"name":"網遊","url":"&typeid=50","nonovels":true},{"name":"同人","url":"&typeid=212"},{"name":"重生","url":"&typeid=211","nonovels":true},{"name":"高H","url":"&typeid=248"},{"name":"其他","url":"&typeid=62","nonovels":true}]},{"name":"耽美連載發佈區","url":"http://www.yayabay.com/forum/forumdisplay.php?fid=153","catId":"153","more":true,"subs":[{"name":"全部","url":""},{"name":"作者停更","url":"&typeid=128","nonovels":true},{"name":"近代現代","url":"&typeid=14"},{"name":"玄幻奇幻","url":"&typeid=109","nonovels":true},{"name":"穿越時空","url":"&typeid=32","nonovels":true},{"name":"架空古代","url":"&typeid=33"},{"name":"驚悸推理","url":"&typeid=15","nonovels":true},{"name":"武俠仙俠","url":"&typeid=16","nonovels":true},{"name":"未來幻想","url":"&typeid=108","nonovels":true},{"name":"港台言情","url":"&typeid=63"},{"name":"網遊","url":"&typeid=50","nonovels":true},{"name":"同人","url":"&typeid=212","nonovels":true},{"name":"重生","url":"&typeid=211","nonovels":true},{"name":"高H","url":"&typeid=248","nonovels":true},{"name":"其他","url":"&typeid=62","nonovels":true}]},{"name":"耽美完結發佈區","url":"http://www.yayabay.com/forum/forumdisplay.php?fid=152","catId":"152","more":true,"subs":[{"name":"全部","url":""},{"name":"近代現代","url":"&typeid=14"},{"name":"玄幻奇幻","url":"&typeid=109"},{"name":"穿越時空","url":"&typeid=32"},{"name":"架空古代","url":"&typeid=33"},{"name":"驚悸推理","url":"&typeid=15","nonovels":true},{"name":"武俠仙俠","url":"&typeid=16"},{"name":"未來幻想","url":"&typeid=108"},{"name":"港台言情","url":"&typeid=63"},{"name":"網遊","url":"&typeid=50","nonovels":true},{"name":"同人","url":"&typeid=212"},{"name":"重生","url":"&typeid=211"},{"name":"高H","url":"&typeid=248"},{"name":"其他","url":"&typeid=62","nonovels":true}]}]},{"name":"連載閱讀區","url":"","catId":"148,54,150","more":true,"subs":[{"name":"大眾連載閱讀區","url":"http://www.yayabay.com/forum/forumdisplay.php?fid=54","catId":"54","more":true,"subs":[{"name":"全部","url":""},{"name":"作者停更","url":"&typeid=128"},{"name":"完結待更","url":"&typeid=130"},{"name":"近代現代","url":"&typeid=14"},{"name":"玄幻奇幻","url":"&typeid=109"},{"name":"穿越時空","url":"&typeid=32"},{"name":"架空古代","url":"&typeid=33"},{"name":"驚悸推理","url":"&typeid=15"},{"name":"武俠仙俠","url":"&typeid=16"},{"name":"未來幻想","url":"&typeid=108"},{"name":"港台言情","url":"&typeid=63"},{"name":"網遊","url":"&typeid=50"},{"name":"同人","url":"&typeid=212"},{"name":"重生","url":"&typeid=211"},{"name":"高H","url":"&typeid=248"},{"name":"其他","url":"&typeid=62"}]},{"name":"耽美連載閱讀區","url":"http://www.yayabay.com/forum/forumdisplay.php?fid=150","catId":"150","more":true,"subs":[{"name":"全部","url":""},{"name":"作者停更","url":"&typeid=128"},{"name":"完結待更","url":"&typeid=130"},{"name":"近代現代","url":"&typeid=14"},{"name":"玄幻奇幻","url":"&typeid=109"},{"name":"穿越時空","url":"&typeid=32"},{"name":"架空古代","url":"&typeid=33"},{"name":"驚悸推理","url":"&typeid=15"},{"name":"武俠仙俠","url":"&typeid=16"},{"name":"未來幻想","url":"&typeid=108"},{"name":"港台言情","url":"&typeid=63"},{"name":"網遊","url":"&typeid=50"},{"name":"同人","url":"&typeid=212"},{"name":"重生","url":"&typeid=211"},{"name":"高H","url":"&typeid=248"},{"name":"其他","url":"&typeid=62"}]}]},{"name":"完結閱讀區","url":"","catId":"147,53,97,151,164","more":true,"subs":[{"name":"大眾完結閱讀區","url":"http://www.yayabay.com/forum/forumdisplay.php?fid=53","catId":"53","more":true,"subs":[{"name":"全部","url":""},{"name":"作者停更","url":"&typeid=128","nonovels":true},{"name":"完結待更","url":"&typeid=130"},{"name":"近代現代","url":"&typeid=14"},{"name":"玄幻奇幻","url":"&typeid=109"},{"name":"穿越時空","url":"&typeid=32"},{"name":"架空古代","url":"&typeid=33"},{"name":"驚悸推理","url":"&typeid=15"},{"name":"武俠仙俠","url":"&typeid=16"},{"name":"未來幻想","url":"&typeid=108"},{"name":"港台言情","url":"&typeid=63"},{"name":"網遊","url":"&typeid=50"},{"name":"同人","url":"&typeid=212"},{"name":"重生","url":"&typeid=211"},{"name":"高H","url":"&typeid=248"},{"name":"其他","url":"&typeid=62"}]},{"name":"耽美完結閱讀區","url":"http://www.yayabay.com/forum/forumdisplay.php?fid=97","catId":"97","more":true,"subs":[{"name":"全部","url":""},{"name":"作者停更","url":"&typeid=128","nonovels":true},{"name":"完結待更","url":"&typeid=130"},{"name":"近代現代","url":"&typeid=14"},{"name":"玄幻奇幻","url":"&typeid=109"},{"name":"穿越時空","url":"&typeid=32"},{"name":"架空古代","url":"&typeid=33"},{"name":"驚悸推理","url":"&typeid=15"},{"name":"武俠仙俠","url":"&typeid=16"},{"name":"未來幻想","url":"&typeid=108"},{"name":"百合","url":"&typeid=210"},{"name":"網遊","url":"&typeid=50"},{"name":"同人","url":"&typeid=212"},{"name":"重生","url":"&typeid=211"},{"name":"高H","url":"&typeid=248"},{"name":"其他","url":"&typeid=62"}]},{"name":"YY書庫目錄(大眾文區)","url":"http://www.yayabay.com/forum/forumdisplay.php?fid=151","catId":"151","more":true,"subs":[{"name":"全部","url":""},{"name":"作者停更","url":"&typeid=128","nonovels":true},{"name":"完結待更","url":"&typeid=130"},{"name":"近代現代","url":"&typeid=14"},{"name":"玄幻奇幻","url":"&typeid=109"},{"name":"穿越時空","url":"&typeid=32"},{"name":"架空古代","url":"&typeid=33"},{"name":"驚悸推理","url":"&typeid=15"},{"name":"武俠仙俠","url":"&typeid=16"},{"name":"未來幻想","url":"&typeid=108"},{"name":"港台言情","url":"&typeid=63"},{"name":"網遊","url":"&typeid=50"},{"name":"同人","url":"&typeid=212"},{"name":"重生","url":"&typeid=211"},{"name":"高H","url":"&typeid=248"},{"name":"其他","url":"&typeid=62"}]},{"name":"YY書庫目錄(耽美文區)","url":"http://www.yayabay.com/forum/forumdisplay.php?fid=164","catId":"164","more":true,"subs":[{"name":"全部","url":""},{"name":"作者停更","url":"&typeid=128","nonovels":true},{"name":"完結待更","url":"&typeid=130","nonovels":true},{"name":"近代現代","url":"&typeid=14"},{"name":"玄幻奇幻","url":"&typeid=109"},{"name":"穿越時空","url":"&typeid=32"},{"name":"架空古代","url":"&typeid=33"},{"name":"驚悸推理","url":"&typeid=15"},{"name":"武俠仙俠","url":"&typeid=16"},{"name":"未來幻想","url":"&typeid=108"},{"name":"港台言情","url":"&typeid=63"},{"name":"網遊","url":"&typeid=50"},{"name":"同人","url":"&typeid=212"},{"name":"重生","url":"&typeid=211"},{"name":"高H","url":"&typeid=248"},{"name":"其他","url":"&typeid=62"}]}]}]
