[{"name":"排行榜","url":"https://mm.yipinxia.co/top/","more":true,"subs":[{"name":"總排行榜","url":"allvisit_1/"},{"name":"月排行榜","url":"monthvisit_1/"},{"name":"周排行榜","url":"weekvisit_1/"},{"name":"總推薦榜","url":"allvote_1/"},{"name":"月推薦榜","url":"monthvote_1/"},{"name":"周推薦榜","url":"weekvote_1/"},{"name":"最新入庫","url":"postdate_1/"},{"name":"原創更新","url":"authorupdate_1/"},{"name":"轉載更新","url":"masterupdate_1/"},{"name":"總收藏榜","url":"goodnum_1/"},{"name":"字數排行","url":"size_1/"}]},{"name":"最近更新","url":"https://mm.yipinxia.co/top/lastupdate_1/"},{"name":"全本","url":"https://mm.yipinxia.co/quanben/"},{"name":"玄幻","url":"https://mm.yipinxia.co/xuanhuan/"},{"name":"仙俠","url":"https://mm.yipinxia.co/xianxia/"},{"name":"都市","url":"https://mm.yipinxia.co/dushi/"},{"name":"歷史","url":"https://mm.yipinxia.co/lishi/"},{"name":"網遊","url":"https://mm.yipinxia.co/wangyou/"},{"name":"科幻","url":"https://mm.yipinxia.co/kehuan/"},{"name":"靈異","url":"https://mm.yipinxia.co/lingyi/"}]
