[{"name":"最近更新","url":"https://www.yodu.org/top/lastupdate_1.html"},{"name":"全部","url":"https://www.yodu.org/","more":true,"subs":[{"name":"全部分類","url":"0/1.html"},{"name":"世紀百強","url":"shijibaiqiang/1.html"},{"name":"隨身智囊","url":"suishenzhinang/1.html"},{"name":"歷史煙雲","url":"lishiyanyun/1.html"},{"name":"武俠小說","url":"wuxia/1.html"},{"name":"懸疑小說","url":"xuanyi/1.html"},{"name":"言情小說","url":"yanqing/1.html"},{"name":"奇幻小說","url":"qihuanxiaoshuo/1.html"},{"name":"傳記回憶","url":"zhuanjihuiyi/1.html"},{"name":"英文讀本","url":"yingwenduben/1.html"},{"name":"雜文隨筆","url":"zawensuibi/1.html"},{"name":"經典言情","url":"jingdianyanqing/1.html"},{"name":"經典歷史","url":"jingdianlishi/1.html"},{"name":"偵探推理","url":"zhentantuili/1.html"},{"name":"驚悚懸疑","url":"jingsongxuanyi/1.html"},{"name":"網絡玄幻","url":"wangluoxuanhuan/1.html"},{"name":"寓言童話","url":"yuyantonghua/1.html"},{"name":"青春都市","url":"qingchundushi/1.html"},{"name":"社會心理","url":"shehuixinli/1.html"},{"name":"外國小說","url":"waiguoxiaoshuo/1.html"},{"name":"經典科幻","url":"jingdiankehuan/1.html"},{"name":"當代小說","url":"dangdaixiaoshuo/1.html"},{"name":"經典武俠","url":"jingdianwuxia/1.html"},{"name":"紀實報告","url":"jishibaogao/1.html"},{"name":"世界歷史","url":"shijielishi/1.html"},{"name":"中國歷史","url":"zhongguolishi/1.html"},{"name":"科普學習","url":"kepuxuexi/1.html"},{"name":"詩歌戲曲","url":"shigexiqu/1.html"},{"name":"宗教哲學","url":"zongjiaozhexue/1.html"},{"name":"文學理論","url":"wenxuelilun/1.html"},{"name":"日語讀物","url":"riyuduwu/1.html"},{"name":"作品集","url":"zuopinji/1.html"},{"name":"國學古籍","url":"guoxueguji/1.html"},{"name":"戰爭軍事","url":"zhanzhengjunshi/1.html"},{"name":"政治經濟","url":"zhengzhijingji/1.html"},{"name":"古典文學","url":"gudianwenxue/1.html"},{"name":"現代小說","url":"xiandaixiaoshuo/1.html"},{"name":"官場小說","url":"guanchangxiaoshuo/1.html"},{"name":"輕小說","url":"qingxiaoshuo/1.html"},{"name":"網遊小說","url":"wangyouxiaoshuo/1.html"},{"name":"玄幻小說","url":"xuanhuanxiaoshuo/1.html"},{"name":"穿越小說","url":"chuanyuexiaoshuo/1.html"},{"name":"科幻小說","url":"kehuanxiaoshuo/1.html"},{"name":"仙俠小說","url":"xianxiaxiaoshuo/1.html"},{"name":"都市小說","url":"dushixiaoshuo/1.html"},{"name":"武俠小說","url":"wuxiaxiaoshuo/1.html"},{"name":"歷史小說","url":"lishixiaoshuo/1.html"},{"name":"競技小說","url":"jingjixiaoshuo/1.html"},{"name":"言情小說","url":"yanqingxiaoshuo/1.html"},{"name":"懸疑小說","url":"xuanyixiaoshuo/1.html"},{"name":"軍事小說","url":"junshixiaoshuo/1.html"},{"name":"靈異小說","url":"lingyixiaoshuo/1.html"},{"name":"電擊文庫","url":"dianjiwenku/1.html"},{"name":"富士見文庫","url":"fushijianwenku/1.html"},{"name":"角川文庫","url":"jiaochuanwenku/1.html"},{"name":"MF文庫J","url":"MFwenkuJ/1.html"},{"name":"Fami通文庫","url":"Famitongwenku/1.html"},{"name":"GA文庫","url":"GAwenku/1.html"},{"name":"HJ文庫","url":"HJwenku/1.html"},{"name":"一迅社","url":"yixunshe/1.html"},{"name":"集英社","url":"jiyingshe/1.html"},{"name":"小學館","url":"xiaoxueguan/1.html"},{"name":"講談社","url":"jiangtanshe/1.html"},{"name":"少女文庫","url":"shaonvwenku/1.html"},{"name":"其他文庫","url":"qitawenku/1.html"}]}]
