[{"name":"男生","url":"https://www.yushugu.net/lists/book_","more":true,"subs":[{"name":"全部","url":"52.html"},{"name":"玄幻奇幻","url":"55.html"},{"name":"武俠修真","url":"57.html"},{"name":"都市異能","url":"59.html"},{"name":"歷史軍事","url":"61.html"},{"name":"遊戲競技","url":"63.html"},{"name":"科幻滅世","url":"65.html"},{"name":"靈異懸疑","url":"66.html"},{"name":"輕小說","url":"60.html"}]},{"name":"女生","url":"https://www.yushugu.net/lists/book_","more":true,"subs":[{"name":"全部","url":"54.html"},{"name":"現代言情","url":"67.html"},{"name":"古代言情","url":"68.html"},{"name":"幻想言情","url":"69.html"},{"name":"青春校園","url":"70.html"},{"name":"同人作品","url":"71.html"},{"name":"驚悚恐怖","url":"72.html"},{"name":"次元專區","url":"73.html"}]},{"name":"全部","url":"https://www.yushugu.net/all.html"}]
