[{"name":"玄幻魔法","url":"https://www.ziyuezw.com/sort/1"},{"name":"武俠修真","url":"https://www.ziyuezw.com/sort/2"},{"name":"都市言情","url":"https://www.ziyuezw.com/sort/3"},{"name":"歷史軍事","url":"https://www.ziyuezw.com/sort/4"},{"name":"網遊動漫","url":"https://www.ziyuezw.com/sort/6"},{"name":"科幻小說","url":"https://www.ziyuezw.com/sort/7"},{"name":"恐怖靈異","url":"https://www.ziyuezw.com/sort/8"},{"name":"其他類型","url":"https://www.ziyuezw.com/sort/10"}]
