[{"name":"排行榜單","url":"https://www.zizaidu.com/top/","more":true,"subs":[{"name":"總點擊榜","url":"allvisit/1.html"},{"name":"月點擊榜","url":"monthvisit/1.html"},{"name":"周點擊榜","url":"weekvisit/1.html"},{"name":"總推薦榜","url":"allvote/1.html"},{"name":"月推薦榜","url":"monthvote/1.html"},{"name":"周推薦榜","url":"weekvote/1.html"},{"name":"總收藏榜","url":"goodnum/1.html"},{"name":"總字數榜","url":"size/1.html"},{"name":"最新入庫","url":"postdate/1.html"},{"name":"新書榜單","url":"goodnew/1.html"}]},{"name":"全本小說","url":"https://www.zizaidu.com/full/index.html"},{"name":"女生小說","url":"https://www.zizaidu.com/sort/1/index.html"},{"name":"都市小說","url":"https://www.zizaidu.com/sort/2/index.html"},{"name":"玄幻小說","url":"https://www.zizaidu.com/sort/3/index.html"},{"name":"仙俠小說","url":"https://www.zizaidu.com/sort/4/index.html"},{"name":"歷史軍事","url":"https://www.zizaidu.com/sort/5/index.html"},{"name":"科幻網遊","url":"https://www.zizaidu.com/sort/6/index.html"}]
