[{"name":"完本","url":"","more":true,"subs":[{"name":"男生","url":"https://m.zongheng.com/category/rank?bookType=0","more":true,"subs":[{"name":"玄幻奇幻","url":"&cateFineId=8101&order=updateTime&serialStatus=1&totalWord=0"},{"name":"武俠仙俠","url":"&cateFineId=8102&order=updateTime&serialStatus=1&totalWord=0"},{"name":"都市","url":"&cateFineId=8103&order=updateTime&serialStatus=1&totalWord=0"},{"name":"歷史","url":"&cateFineId=8104&order=updateTime&serialStatus=1&totalWord=0"},{"name":"科幻","url":"&cateFineId=8105&order=updateTime&serialStatus=1&totalWord=0"},{"name":"奇聞異事","url":"&cateFineId=8106&order=updateTime&serialStatus=1&totalWord=0"},{"name":"遊戲","url":"&cateFineId=8107&order=updateTime&serialStatus=1&totalWord=0"},{"name":"N次元","url":"&cateFineId=8108&order=updateTime&serialStatus=1&totalWord=0"},{"name":"現實題材","url":"&cateFineId=8109&order=updateTime&serialStatus=1&totalWord=0"},{"name":"體育","url":"&cateFineId=8110&order=updateTime&serialStatus=1&totalWord=0"},{"name":"軍事","url":"&cateFineId=8111&order=updateTime&serialStatus=1&totalWord=0"}]},{"name":"女生","url":"https://m.zongheng.com/category/rank?bookType=1","more":true,"subs":[{"name":"現代言情","url":"&cateFineId=8161&order=updateTime&serialStatus=1&totalWord=0"},{"name":"古代言情","url":"&cateFineId=8162&order=updateTime&serialStatus=1&totalWord=0"},{"name":"幻想言情","url":"&cateFineId=8163&order=updateTime&serialStatus=1&totalWord=0"},{"name":"衍生言情","url":"&cateFineId=8164&order=updateTime&serialStatus=1&totalWord=0"},{"name":"遊戲競技","url":"&cateFineId=8165&order=updateTime&serialStatus=1&totalWord=0"},{"name":"現實主義","url":"&cateFineId=8166&order=updateTime&serialStatus=1&totalWord=0"}]}]},{"name":"男生","url":"https://m.zongheng.com/category/rank?bookType=0","more":true,"subs":[{"name":"玄幻奇幻","url":"&cateFineId=8101&order=updateTime&serialStatus=9&totalWord=0"},{"name":"武俠仙俠","url":"&cateFineId=8102&order=updateTime&serialStatus=9&totalWord=0"},{"name":"都市","url":"&cateFineId=8103&order=updateTime&serialStatus=9&totalWord=0"},{"name":"歷史","url":"&cateFineId=8104&order=updateTime&serialStatus=9&totalWord=0"},{"name":"科幻","url":"&cateFineId=8105&order=updateTime&serialStatus=9&totalWord=0"},{"name":"奇聞異事","url":"&cateFineId=8106&order=updateTime&serialStatus=9&totalWord=0"},{"name":"遊戲","url":"&cateFineId=8107&order=updateTime&serialStatus=9&totalWord=0"},{"name":"N次元","url":"&cateFineId=8108&order=updateTime&serialStatus=9&totalWord=0"},{"name":"現實題材","url":"&cateFineId=8109&order=updateTime&serialStatus=9&totalWord=0"},{"name":"體育","url":"&cateFineId=8110&order=updateTime&serialStatus=9&totalWord=0"},{"name":"軍事","url":"&cateFineId=8111&order=updateTime&serialStatus=9&totalWord=0"}]},{"name":"女生","url":"https://m.zongheng.com/category/rank?bookType=1","more":true,"subs":[{"name":"現代言情","url":"&cateFineId=8161&order=updateTime&serialStatus=9&totalWord=0"},{"name":"古代言情","url":"&cateFineId=8162&order=updateTime&serialStatus=9&totalWord=0"},{"name":"幻想言情","url":"&cateFineId=8163&order=updateTime&serialStatus=9&totalWord=0"},{"name":"衍生言情","url":"&cateFineId=8164&order=updateTime&serialStatus=9&totalWord=0"},{"name":"遊戲競技","url":"&cateFineId=8165&order=updateTime&serialStatus=9&totalWord=0"},{"name":"現實主義","url":"&cateFineId=8166&order=updateTime&serialStatus=9&totalWord=0"}]}]
