[{"name":"已完結","url":"https://book.zongheng.com/store/","more":true,"subs":[{"name":"全部作品","url":"c0/c0/b0/u0/p1/v9/s1/t0/ALL.html"},{"name":"奇幻玄幻","url":"c1/c0/b0/u0/p1/v9/s1/t0/ALL.html"},{"name":"武俠仙俠","url":"c3/c0/b0/u0/p1/v9/s1/t0/ALL.html"},{"name":"歷史軍事","url":"c6/c0/b0/u0/p1/v9/s1/t0/ALL.html"},{"name":"都市娛樂","url":"c9/c0/b0/u0/p1/v9/s1/t0/ALL.html"},{"name":"競技同人","url":"c21/c0/b0/u0/p1/v9/s1/t0/ALL.html"},{"name":"科幻遊戲","url":"c15/c0/b0/u0/p1/v9/s1/t0/ALL.html"},{"name":"懸疑靈異","url":"c18/c0/b0/u0/p1/v9/s1/t0/ALL.html"},{"name":"評論文集","url":"c24/c0/b0/u0/p1/v9/s1/t0/ALL.html"}]},{"name":"已完結 (不包含 VIP 作品)","url":"https://book.zongheng.com/store/","more":true,"subs":[{"name":"全部作品","url":"c0/c0/b0/u0/p1/v0/s1/t0/ALL.html"},{"name":"奇幻玄幻","url":"c1/c0/b0/u0/p1/v0/s1/t0/ALL.html"},{"name":"武俠仙俠","url":"c3/c0/b0/u0/p1/v0/s1/t0/ALL.html"},{"name":"歷史軍事","url":"c6/c0/b0/u0/p1/v0/s1/t0/ALL.html"},{"name":"都市娛樂","url":"c9/c0/b0/u0/p1/v0/s1/t0/ALL.html"},{"name":"競技同人","url":"c21/c0/b0/u0/p1/v0/s1/t0/ALL.html"},{"name":"科幻遊戲","url":"c15/c0/b0/u0/p1/v0/s1/t0/ALL.html"},{"name":"懸疑靈異","url":"c18/c0/b0/u0/p1/v0/s1/t0/ALL.html"},{"name":"評論文集","url":"c24/c0/b0/u0/p1/v0/s1/t0/ALL.html"}]},{"name":"免費 (不包含 VIP 作品)","url":"https://book.zongheng.com/store/","more":true,"subs":[{"name":"全部作品","url":"c0/c0/b0/u0/p1/v0/s9/t0/ALL.html"},{"name":"奇幻玄幻","url":"c1/c0/b0/u0/p1/v0/s9/t0/ALL.html"},{"name":"武俠仙俠","url":"c3/c0/b0/u0/p1/v0/s9/t0/ALL.html"},{"name":"歷史軍事","url":"c6/c0/b0/u0/p1/v0/s9/t0/ALL.html"},{"name":"都市娛樂","url":"c9/c0/b0/u0/p1/v0/s9/t0/ALL.html"},{"name":"競技同人","url":"c21/c0/b0/u0/p1/v0/s9/t0/ALL.html"},{"name":"科幻遊戲","url":"c15/c0/b0/u0/p1/v0/s9/t0/ALL.html"},{"name":"懸疑靈異","url":"c18/c0/b0/u0/p1/v0/s9/t0/ALL.html"},{"name":"評論文集","url":"c24/c0/b0/u0/p1/v0/s9/t0/ALL.html"}]},{"name":"全部作品","url":"https://book.zongheng.com/store/c0/c0/b0/u0/p1/v9/s9/t0/ALL.html"},{"name":"奇幻玄幻","url":"https://book.zongheng.com/store/c1/c0/b0/u0/p1/v9/s9/t0/ALL.html"},{"name":"武俠仙俠","url":"https://book.zongheng.com/store/c3/c0/b0/u0/p1/v9/s9/t0/ALL.html"},{"name":"歷史軍事","url":"https://book.zongheng.com/store/c6/c0/b0/u0/p1/v9/s9/t0/ALL.html"},{"name":"都市娛樂","url":"https://book.zongheng.com/store/c9/c0/b0/u0/p1/v9/s9/t0/ALL.html"},{"name":"競技同人","url":"https://book.zongheng.com/store/c21/c0/b0/u0/p1/v9/s9/t0/ALL.html"},{"name":"科幻遊戲","url":"https://book.zongheng.com/store/c15/c0/b0/u0/p1/v9/s9/t0/ALL.html"},{"name":"懸疑靈異","url":"https://book.zongheng.com/store/c18/c0/b0/u0/p1/v9/s9/t0/ALL.html"},{"name":"評論文集","url":"https://book.zongheng.com/store/c24/c0/b0/u0/p1/v9/s9/t0/ALL.html"}]
