[{"name":"排行榜","url":"https://www.zwxiaoshuo.com/","more":true,"subs":[{"name":"總排行榜","url":"topallvisit-1.html"},{"name":"月排行榜","url":"topmonthvisit-1.html"},{"name":"周排行榜","url":"topweekvisit-1.html"},{"name":"總推薦榜","url":"topallvote-1.html"},{"name":"月推薦榜","url":"topmonthvote-1.html"},{"name":"周推薦榜","url":"topweekvote-1.html"},{"name":"轉載更新","url":"topmasterupdate-1.html"},{"name":"原創更新","url":"topauthorupdate-1.html"},{"name":"最新入庫","url":"toppostdate-1.html"},{"name":"總收藏榜","url":"topgoodnum-1.html"},{"name":"字數排行","url":"topsize-1.html"}]},{"name":"最近更新","url":"https://www.zwxiaoshuo.com/toplastupdate-1.html"},{"name":"全本小說","url":"https://www.zwxiaoshuo.com/full-1.html"},{"name":"言情小說","url":"https://www.zwxiaoshuo.com/sort12-1.html"},{"name":"武俠小說","url":"https://www.zwxiaoshuo.com/sort11-1.html"},{"name":"科幻小說","url":"https://www.zwxiaoshuo.com/sort7-1.html"},{"name":"偵探推理","url":"https://www.zwxiaoshuo.com/sort5-1.html"},{"name":"盜墓小說","url":"https://www.zwxiaoshuo.com/sort15-1.html"},{"name":"懸疑探險","url":"https://www.zwxiaoshuo.com/sort16-1.html"},{"name":"恐怖驚悚","url":"https://www.zwxiaoshuo.com/sort8-1.html"},{"name":"作家列表","url":"https://www.zwxiaoshuo.com/author-","more":true,"subs":[{"name":"A","url":"A.html"},{"name":"B","url":"B.html"},{"name":"C","url":"C.html"},{"name":"D","url":"D.html"},{"name":"E","url":"E.html"},{"name":"F","url":"F.html"},{"name":"G","url":"G.html"},{"name":"H","url":"H.html"},{"name":"I","url":"I.html"},{"name":"J","url":"J.html"},{"name":"K","url":"K.html"},{"name":"L","url":"L.html"},{"name":"M","url":"M.html"},{"name":"N","url":"N.html"},{"name":"O","url":"O.html"},{"name":"P","url":"P.html"},{"name":"Q","url":"Q.html"},{"name":"R","url":"R.html"},{"name":"S","url":"S.html"},{"name":"T","url":"T.html"},{"name":"U","url":"U.html"},{"name":"V","url":"V.html"},{"name":"W","url":"W.html"},{"name":"X","url":"X.html"},{"name":"Y","url":"Y.html"},{"name":"Z","url":"Z.html"}]}]
