[{"name":"全本小說","url":"https://www.zzgimg.com/quanben/"},{"name":"玄幻小說","url":"https://www.zzgimg.com/xuanhuan/"},{"name":"修真小說","url":"https://www.zzgimg.com/xiuzhen/"},{"name":"都市小說","url":"https://www.zzgimg.com/dushi/"},{"name":"歷史小說","url":"https://www.zzgimg.com/lishi/"},{"name":"網遊小說","url":"https://www.zzgimg.com/wangyou/"},{"name":"科幻小說","url":"https://www.zzgimg.com/kehuan/"},{"name":"言情小說","url":"https://www.zzgimg.com/yanqing/"},{"name":"其它小說","url":"https://www.zzgimg.com/qita/"}]
