[{"name":"排行","url":"https://www.sjks88.com/ranking/"},{"name":"最新小說","url":"https://www.sjks88.com/latest/"},{"name":"鬼話","url":"https://www.sjks88.com/Direct1/"},{"name":"情感","url":"https://www.sjks88.com/Direct2/"},{"name":"玄幻","url":"https://www.sjks88.com/xuanhuan/"},{"name":"奇幻","url":"https://www.sjks88.com/Direct3/"},{"name":"商道","url":"https://www.sjks88.com/Direct4/"},{"name":"軍事","url":"https://www.sjks88.com/Direct5/"},{"name":"歷史","url":"https://www.sjks88.com/Direct6/"},{"name":"傳記","url":"https://www.sjks88.com/zhuanji/"},{"name":"言情","url":"https://www.sjks88.com/Direct7/"},{"name":"都市","url":"https://www.sjks88.com/ds/"},{"name":"耽美","url":"https://www.sjks88.com/danmei/"},{"name":"同人","url":"https://www.sjks88.com/erciyuan/"},{"name":"武俠","url":"https://www.sjks88.com/wuxia/"},{"name":"修真","url":"https://www.sjks88.com/xiuzhen/"},{"name":"官場","url":"https://www.sjks88.com/guanchang/"},{"name":"網遊","url":"https://www.sjks88.com/wangyou/"},{"name":"科幻","url":"https://www.sjks88.com/kehuan/"},{"name":"穿越","url":"https://www.sjks88.com/chuanyue/"},{"name":"懸疑","url":"https://www.sjks88.com/Suspense/"},{"name":"紀實","url":"https://www.sjks88.com/jishi/"},{"name":"精品","url":"https://www.sjks88.com/xiaoshuo/"},{"name":"鄉土","url":"https://www.sjks88.com/xt/"}]
