[{"name":"全本小說","url":"https://www.read8.org/quanben/"},{"name":"最近更新","url":"https://www.read8.org/"},{"name":"玄幻奇幻","url":"https://www.read8.org/xuanhuan/"},{"name":"武俠修真","url":"https://www.read8.org/wuxia/"},{"name":"都市言情","url":"https://www.read8.org/yanqing/"},{"name":"歷史軍事","url":"https://www.read8.org/lishi/"},{"name":"偵探推理","url":"https://www.read8.org/zhentan/"},{"name":"網遊競技","url":"https://www.read8.org/wangyou/"},{"name":"科幻小說","url":"https://www.read8.org/kehuan/"},{"name":"恐怖靈異","url":"https://www.read8.org/kongbu/"},{"name":"其他小說","url":"https://www.read8.org/othersbooks/"}]
