[{"name":"完本","url":"http://www.60ks.info/bookstore/","more":true,"subs":[{"name":"全部小說","url":"quanbu/lastupdate-0-0-0-0-2-0-1.html"},{"name":"玄幻小說","url":"xuanhuan/lastupdate-0-0-0-0-2-0-1.html"},{"name":"仙俠小說","url":"xianxia/lastupdate-0-0-0-0-2-0-1.html"},{"name":"都市小說","url":"dushi/lastupdate-0-0-0-0-2-0-1.html"},{"name":"歷史小說","url":"lishi/lastupdate-0-0-0-0-2-0-1.html"},{"name":"懸疑小說","url":"xuanyi/lastupdate-0-0-0-0-2-0-1.html"},{"name":"網遊小說","url":"wangyou/lastupdate-0-0-0-0-2-0-1.html"},{"name":"科幻小說","url":"kehuan/lastupdate-0-0-0-0-2-0-1.html"},{"name":"驚悚小說","url":"jingsong/lastupdate-0-0-0-0-2-0-1.html"},{"name":"穿越小說","url":"chuanyue/lastupdate-0-0-0-0-2-0-1.html"},{"name":"同人小說","url":"tongren/lastupdate-0-0-0-0-2-0-1.html"}]},{"name":"全部小說","url":"http://www.60ks.info/bookstore/quanbu/lastupdate-0-0-0-0-0-0-1.html"},{"name":"玄幻小說","url":"http://www.60ks.info/bookstore/xuanhuan/lastupdate-0-0-0-0-0-0-1.html"},{"name":"仙俠小說","url":"http://www.60ks.info/bookstore/xianxia/lastupdate-0-0-0-0-0-0-1.html"},{"name":"都市小說","url":"http://www.60ks.info/bookstore/dushi/lastupdate-0-0-0-0-0-0-1.html"},{"name":"歷史小說","url":"http://www.60ks.info/bookstore/lishi/lastupdate-0-0-0-0-0-0-1.html"},{"name":"懸疑小說","url":"http://www.60ks.info/bookstore/xuanyi/lastupdate-0-0-0-0-0-0-1.html"},{"name":"網遊小說","url":"http://www.60ks.info/bookstore/wangyou/lastupdate-0-0-0-0-0-0-1.html"},{"name":"科幻小說","url":"http://www.60ks.info/bookstore/kehuan/lastupdate-0-0-0-0-0-0-1.html"},{"name":"驚悚小說","url":"http://www.60ks.info/bookstore/jingsong/lastupdate-0-0-0-0-0-0-1.html"},{"name":"穿越小說","url":"http://www.60ks.info/bookstore/chuanyue/lastupdate-0-0-0-0-0-0-1.html"},{"name":"同人小說","url":"http://www.60ks.info/bookstore/tongren/lastupdate-0-0-0-0-0-0-1.html"}]
