[{"name":"完本小說","url":"https://www.fenglitw.com/quanben/sort/"},{"name":"最近更新","url":"https://www.fenglitw.com/sort/"},{"name":"玄幻小說","url":"https://www.fenglitw.com/sort/1/1/"},{"name":"武俠小說","url":"https://www.fenglitw.com/sort/2/1/"},{"name":"都市小說","url":"https://www.fenglitw.com/sort/3/1/"},{"name":"歷史小說","url":"https://www.fenglitw.com/sort/4/1/"},{"name":"科幻小說","url":"https://www.fenglitw.com/sort/5/1/"},{"name":"遊戲小說","url":"https://www.fenglitw.com/sort/6/1/"},{"name":"女生小說","url":"https://www.fenglitw.com/sort/7/1/"},{"name":"其他小說","url":"https://www.fenglitw.com/sort/8/1/"}]
