[{"name":"玄幻","url":"https://www.quanben5.com/category/1.html"},{"name":"都市","url":"https://www.quanben5.com/category/2.html"},{"name":"仙俠","url":"https://www.quanben5.com/category/3.html"},{"name":"武俠","url":"https://www.quanben5.com/category/4.html"},{"name":"言情","url":"https://www.quanben5.com/category/5.html"},{"name":"穿越","url":"https://www.quanben5.com/category/6.html"},{"name":"網遊","url":"https://www.quanben5.com/category/7.html"},{"name":"奇幻","url":"https://www.quanben5.com/category/8.html"},{"name":"科幻","url":"https://www.quanben5.com/category/9.html"},{"name":"懸疑","url":"https://www.quanben5.com/category/10.html"},{"name":"青春","url":"https://www.quanben5.com/category/11.html"},{"name":"校園","url":"https://www.quanben5.com/category/12.html"},{"name":"軍事","url":"https://www.quanben5.com/category/13.html"},{"name":"歷史","url":"https://www.quanben5.com/category/14.html"},{"name":"同人","url":"https://www.quanben5.com/category/15.html"},{"name":"經典","url":"https://www.quanben5.com/category/16.html","nonovels":true},{"name":"暢銷","url":"https://www.quanben5.com/category/17.html","nonovels":true},{"name":"其他","url":"https://www.quanben5.com/category/18.html"}]
