[{"name":"排行榜","url":"https://www.aishula.com/modules/article/toplist.php","more":true,"subs":[{"name":"總推薦榜","url":"?sort=allvote"},{"name":"月推薦榜","url":"?sort=monthvote"},{"name":"周推薦榜","url":"?sort=weekvote"},{"name":"日推薦榜","url":"?sort=dayvote"},{"name":"總點擊榜","url":"?sort=allvisit"},{"name":"月點擊榜","url":"?sort=monthvisit"},{"name":"周點擊榜","url":"?sort=weekvisit"},{"name":"日點擊榜","url":"?sort=dayvisit"},{"name":"總收藏榜","url":"?sort=masterupdate"},{"name":"最新入庫","url":"?sort=postdate"},{"name":"字數排行","url":"?sort=size"}]},{"name":"最新更新","url":"https://www.aishula.com/modules/article/articlelist.php?class=9"},{"name":"全本小說","url":"https://www.aishula.com/modules/article/index.php?fullflag=1"},{"name":"玄幻魔法","url":"https://www.aishula.com/modules/article/articlelist.php?class=1"},{"name":"武俠修真","url":"https://www.aishula.com/modules/article/articlelist.php?class=2"},{"name":"都市言情","url":"https://www.aishula.com/modules/article/articlelist.php?class=3"},{"name":"歷史軍事","url":"https://www.aishula.com/modules/article/articlelist.php?class=4"},{"name":"偵探推理","url":"https://www.aishula.com/modules/article/articlelist.php?class=5"},{"name":"網遊動漫","url":"https://www.aishula.com/modules/article/articlelist.php?class=6"},{"name":"科幻小說","url":"https://www.aishula.com/modules/article/articlelist.php?class=7"},{"name":"恐怖靈異","url":"https://www.aishula.com/modules/article/articlelist.php?class=8"},{"name":"耽美同人","url":"https://www.aishula.com/modules/article/articlelist.php?class=9"},{"name":"女生頻道","url":"https://www.aishula.com/modules/article/articlelist.php?class=11"},{"name":"其他類型","url":"https://www.aishula.com/modules/article/articlelist.php?class=10"}]
