[{"name":"作品集","url":"http://www.ddshu.net/html/author/","more":true,"subs":[{"name":"席絹","url":"83.html"},{"name":"瓊瑤","url":"104.html"},{"name":"古靈","url":"4957.html"},{"name":"寄秋","url":"2050.html"},{"name":"金萱","url":"1237.html"},{"name":"樓采凝","url":"2420.html"}]},{"name":"排行榜","url":"http://www.ddshu.net/","more":true,"subs":[{"name":"總排行","url":"wx_top0.html"},{"name":"月排行","url":"wx_top1.html"},{"name":"周排行","url":"wx_top2.html"}]},{"name":"作者","url":"http://www.ddshu.net/html/list/","more":true,"subs":[{"name":"A","url":"14_a.html"},{"name":"B","url":"14_b.html"},{"name":"C","url":"14_c.html"},{"name":"D","url":"14_d.html"},{"name":"E","url":"14_e.html"},{"name":"F","url":"14_f.html"},{"name":"G","url":"14_g.html"},{"name":"H","url":"14_h.html"},{"name":"J","url":"14_j.html"},{"name":"K","url":"14_k.html"},{"name":"L","url":"14_l.html"},{"name":"M","url":"14_m.html"},{"name":"N","url":"14_n.html"},{"name":"Ns","url":"14_ns.html"},{"name":"O","url":"14_o.html"},{"name":"P","url":"14_p.html"},{"name":"Q","url":"14_q.html"},{"name":"R","url":"14_r.html"},{"name":"S","url":"14_s.html"},{"name":"T","url":"14_t.html"},{"name":"W","url":"14_w.html"},{"name":"X","url":"14_x.html"},{"name":"Y","url":"14_y.html"},{"name":"Z","url":"14_z.html"}]},{"name":"最新言情小說","url":"http://m.ddshu.net/new.html"}]
