[{"name":"卡提諾 - 小說","host":"www.ck101.com","url":"http://ck101.com/forum.php?mod=forumdisplay&fid=70","catId":"70","adult":true,"more":true,"subs":[{"name":"全部","url":""},{"name":"原創","url":"&filter=typeid&typeid=54"},{"name":"其他故事","url":"&filter=typeid&typeid=56"},{"name":"武俠世界","url":"&filter=typeid&typeid=57"},{"name":"古色古豔","url":"&filter=typeid&typeid=58"},{"name":"校園師生","url":"&filter=typeid&typeid=59"},{"name":"科幻魔法","url":"&filter=typeid&typeid=60"},{"name":"群體換伴","url":"&filter=typeid&typeid=61"},{"name":"家庭人妻","url":"&filter=typeid&typeid=62"},{"name":"職場激情","url":"&filter=typeid&typeid=63"},{"name":"暴力虐待","url":"&filter=typeid&typeid=64"},{"name":"人獸之間","url":"&filter=typeid&typeid=65"},{"name":"鬼怪奇遇","url":"&filter=typeid&typeid=66"},{"name":"都市生活","url":"&filter=typeid&typeid=67"},{"name":"情色笑話","url":"&filter=typeid&typeid=68"}]},{"name":"伊莉 - 小說","host":"www.eyny.com","url":"http://www.eyny.com/forum.php?mod=forumdisplay","adult":true,"more":true,"subs":[{"name":"改編系列","url":"&fid=344&forumdefstyle=no&page=1"},{"name":"亂倫系列","url":"&fid=341&forumdefstyle=no&page=1"},{"name":"誘騙系列","url":"&fid=342&forumdefstyle=no&page=1"},{"name":"強暴系列","url":"&fid=343&forumdefstyle=no&page=1"},{"name":"變身系列","url":"&fid=475&forumdefstyle=no&page=1"}]},{"name":"風月文學網","host":"www.h528.com","url":"http://www.h528.com/","adult":true,"more":true,"subs":[{"name":"全本","url":""},{"name":"人妻熟女","url":"post/category/%e4%ba%ba%e5%a6%bb%e7%86%9f%e5%a5%b3"},{"name":"家庭亂倫","url":"post/category/%e5%ae%b6%e5%ba%ad%e4%ba%82%e5%80%ab"},{"name":"強暴虐待","url":"post/category/%e5%bc%b7%e6%9a%b4%e8%99%90%e5%be%85"},{"name":"學生校園","url":"post/category/%e6%a0%a1%e5%9c%92%e5%b8%ab%e7%94%9f"},{"name":"武俠科幻","url":"post/category/%e6%ad%a6%e4%bf%a0%e7%a7%91%e5%b9%bb"},{"name":"動漫改編","url":"post/category/%e5%8b%95%e6%bc%ab%e6%94%b9%e7%b7%a8"},{"name":"名人明星","url":"post/category/%e5%90%8d%e4%ba%ba%e6%98%8e%e6%98%9f"},{"name":"都市生活","url":"post/category/%e9%83%bd%e5%b8%82%e7%94%9f%e6%b4%bb"},{"name":"變身繫列","url":"post/category/%e8%ae%8a%e8%ba%ab%e7%b3%bb%e5%88%97"},{"name":"經驗故事","url":"post/category/%e7%b6%93%e9%a9%97%e6%95%85%e4%ba%8b"},{"name":"另類其它","url":"post/category/%e5%8f%a6%e9%a1%9e%e5%85%b6%e5%ae%83"},{"name":"性知識","url":"post/category/%e6%80%a7%e7%9f%a5%e8%ad%98"}]},{"name":"捷克論壇 – 小說版","host":"www.jkforum.net","url":"http://www.jkforum.net/forum.php?mod=forumdisplay&fid=544","catId":"544","adult":true,"more":true,"subs":[{"name":"全部","url":""},{"name":"學生校園","url":"&filter=typeid&typeid=1641"},{"name":"生活都市","url":"&filter=typeid&typeid=1620"},{"name":"人妻熟女","url":"&filter=typeid&typeid=1621"},{"name":"玄幻仙俠","url":"&filter=typeid&typeid=1642"},{"name":"科學幻想","url":"&filter=typeid&typeid=1622"},{"name":"明星偶像","url":"&filter=typeid&typeid=1628"},{"name":"不倫戀情","url":"&filter=typeid&typeid=1627"},{"name":"暴力虐待","url":"&filter=typeid&typeid=1624"},{"name":"經驗故事","url":"&filter=typeid&typeid=1623"},{"name":"動漫修改","url":"&filter=typeid&typeid=1644"},{"name":"長篇連載","url":"&filter=typeid&typeid=1625"},{"name":"原創","url":"&filter=typeid&typeid=1626"},{"name":"附圖","url":"&filter=typeid&typeid=2110"},{"name":"其他","url":"&filter=typeid&typeid=694"}]},{"name":"嗡嗡嗡論壇","host":"www.2dollars.com.tw","url":"http://www.2dollars.com.tw/forum/forum.php?mod=forumdisplay&fid=114","catId":"114","adult":true,"more":true,"subs":[{"name":"全部","url":""},{"name":"原創","url":"&filter=typeid&typeid=449"},{"name":"轉貼","url":"&filter=typeid&typeid=450"},{"name":"18限武俠小說","url":"&filter=typeid&typeid=452"},{"name":"18限玄幻小說","url":"&filter=typeid&typeid=453"},{"name":"18限言情小說","url":"&filter=typeid&typeid=454"},{"name":"18限耽美小說","url":"&filter=typeid&typeid=455"},{"name":"18限網路小說","url":"&filter=typeid&typeid=456"}]}]
