[{"name":"全部分類","url":"https://m.18xsorg.com/shuku/"},{"name":"玄幻小說","url":"https://m.18xsorg.com/xuanhuanxiaoshuo/"},{"name":"修真小說","url":"https://m.18xsorg.com/xiuzhenxiaoshuo/"},{"name":"都市小說","url":"https://m.18xsorg.com/dushixiaoshuo/"},{"name":"穿越小說","url":"https://m.18xsorg.com/chuanyuexiaoshuo/"},{"name":"網遊小說","url":"https://m.18xsorg.com/wangyouxiaoshuo/"},{"name":"科幻小說","url":"https://m.18xsorg.com/kehuanxiaoshuo/"},{"name":"女生小說","url":"https://m.18xsorg.com/nvshengxiaoshuo/"},{"name":"其他小說","url":"https://m.18xsorg.com/qitaxiaoshuo/"}]
