[{"name":"完本小說","url":"https://www.230book.com/wanben/1_1"},{"name":"玄幻小說","url":"https://www.230book.com/xuanhuanxiaoshuo/"},{"name":"修真小說","url":"https://www.230book.com/xiuzhenxiaoshuo/"},{"name":"都市小說","url":"https://www.230book.com/dushixiaoshuo/"},{"name":"穿越小說","url":"https://www.230book.com/chuanyuexiaoshuo/"},{"name":"網遊小說","url":"https://www.230book.com/wangyouxiaoshuo/"},{"name":"科幻小說","url":"https://www.230book.com/kehuanxiaoshuo/"}]
