[{"name":"完本小說","url":"https://www.230book.net/wanben/1_1"},{"name":"玄幻小說","url":"https://www.230book.net/xuanhuanxiaoshuo/"},{"name":"修真小說","url":"https://www.230book.net/xiuzhenxiaoshuo/"},{"name":"都市小說","url":"https://www.230book.net/dushixiaoshuo/"},{"name":"穿越小說","url":"https://www.230book.net/chuanyuexiaoshuo/"},{"name":"網遊小說","url":"https://www.230book.net/wangyouxiaoshuo/"},{"name":"科幻小說","url":"https://www.230book.net/kehuanxiaoshuo/"}]
