[{"name":"言情女生","url":"https://www.x23qb.com/yanqing/"},{"name":"玄幻奇幻","url":"https://www.x23qb.com/xuanhuan/"},{"name":"都市青春","url":"https://www.x23qb.com/dushi/"},{"name":"武俠仙俠","url":"https://www.x23qb.com/wuxia/"},{"name":"唯美純愛","url":"https://www.x23qb.com/danmei/"},{"name":"科幻靈異","url":"https://www.x23qb.com/kehuan/"},{"name":"輕小說の","url":"https://www.x23qb.com/lightnovel/"},{"name":"歷史軍事","url":"https://www.x23qb.com/lishi/"}]
