[{"name":"耽美作者","url":"https://www.256wenku.com/writer/","more":true,"subs":[{"name":"耽美作者","url":""},{"name":"言情作者","url":"yanqing/"}]},{"name":"現代耽美","url":"https://www.256wenku.com/xiandai/"},{"name":"古代架空","url":"https://www.256wenku.com/jiakong/"},{"name":"穿越重生","url":"https://www.256wenku.com/chuanyue/"},{"name":"BL同人","url":"https://www.256wenku.com/bltongren/"},{"name":"GL百合","url":"https://www.256wenku.com/glbaihe/"},{"name":"玄幻科幻","url":"https://www.256wenku.com/xuanhuan/"},{"name":"都市言情","url":"https://www.256wenku.com/yanqing/"},{"name":"古代言情","url":"https://www.256wenku.com/gudaiyanqing/"}]
