[{"name":"榜單","url":"http://www.2kxs.org/book/","more":true,"subs":[{"name":"總排行榜","url":"allvisit-1.html"},{"name":"本週排行榜","url":"weekvisit-1.html"},{"name":"當月排行榜","url":"monthvisit-1.html"},{"name":"總推薦榜","url":"allvote-1.html"},{"name":"本週推薦榜","url":"weekvote-1.html"},{"name":"當月推薦榜","url":"monthvote-1.html"}]},{"name":"今日更新","url":"http://www.2kxs.org/book/lastupdate-1.html"},{"name":"玄幻","url":"http://www.2kxs.org/list/1-1.html"},{"name":"仙俠","url":"http://www.2kxs.org/list/2-1.html"},{"name":"言情","url":"http://www.2kxs.org/list/3-1.html"},{"name":"歷史","url":"http://www.2kxs.org/list/4-1.html"},{"name":"網遊","url":"http://www.2kxs.org/list/5-1.html"},{"name":"科幻","url":"http://www.2kxs.org/list/6-1.html"},{"name":"恐怖","url":"http://www.2kxs.org/list/7-1.html"},{"name":"其他","url":"http://www.2kxs.org/list/8-1.html"}]
