[{"name":"最近更新","url":"https://www.777zw.net/book/sort/0_1.html"},{"name":"玄幻奇幻","url":"https://www.777zw.net/book/sort/3_1.html"},{"name":"武俠仙俠","url":"https://www.777zw.net/book/sort/4_1.html"},{"name":"網遊競技","url":"https://www.777zw.net/book/sort/5_1.html"},{"name":"軍事歷史","url":"https://www.777zw.net/book/sort/6_1.html"},{"name":"科幻靈異","url":"https://www.777zw.net/book/sort/7_1.html"},{"name":"女頻言情","url":"https://www.777zw.net/book/sort/11_1.html"},{"name":"現代都市","url":"https://www.777zw.net/book/sort/12_1.html"},{"name":"文學名著","url":"https://www.777zw.net/book/sort/9_1.html"},{"name":"精校小說","url":"https://www.777zw.net/book/sort/13_1.html"},{"name":"其他小說","url":"https://www.777zw.net/book/sort/10_1.html"}]
