[{"name":"玄幻奇幻","url":"https://m.mijiashe.com/sort/1_1/"},{"name":"武俠仙俠","url":"https://m.mijiashe.com/sort/2_1/"},{"name":"都市小說","url":"https://m.mijiashe.com/sort/3_1/"},{"name":"歷史小說","url":"https://m.mijiashe.com/sort/4_1/"},{"name":"軍事小說","url":"https://m.mijiashe.com/sort/5_1/"},{"name":"科幻小說","url":"https://m.mijiashe.com/sort/6_1/"},{"name":"恐怖懸疑","url":"https://m.mijiashe.com/sort/7_1/"},{"name":"網遊競技","url":"https://m.mijiashe.com/sort/8_1/"},{"name":"其他類型","url":"https://m.mijiashe.com/sort/9_1/"},{"name":"現代言情","url":"https://m.mijiashe.com/sort/10_1/"},{"name":"古代言情","url":"https://m.mijiashe.com/sort/11_1/"},{"name":"仙俠奇緣","url":"https://m.mijiashe.com/sort/12_1/"},{"name":"校園青春","url":"https://m.mijiashe.com/sort/13_1/"},{"name":"恐怖靈異","url":"https://m.mijiashe.com/sort/14_1/"},{"name":"純愛耽美","url":"https://m.mijiashe.com/sort/15_1/"},{"name":"同人小說","url":"https://m.mijiashe.com/sort/16_1/"},{"name":"二次元","url":"https://m.mijiashe.com/sort/17_1/"}]
