[{"name":"完本小說","url":"http://www.42biquge.com/quanben/0/1"},{"name":"玄幻小說","url":"http://www.42biquge.com/class/1/1"},{"name":"修真小說","url":"http://www.42biquge.com/class/2/1"},{"name":"都市小說","url":"http://www.42biquge.com/class/3/1"},{"name":"歷史小說","url":"http://www.42biquge.com/class/4/1"},{"name":"網遊小說","url":"http://www.42biquge.com/class/5/1"},{"name":"科幻小說","url":"http://www.42biquge.com/class/6/1"},{"name":"其他小說","url":"http://www.42biquge.com/class/7/1"}]
