[{"name":"全部","url":"http://m.4gxsw.com/xclass/0/1.html"},{"name":"玄幻魔法","url":"http://m.4gxsw.com/xclass/1/1.html"},{"name":"武俠修真","url":"http://m.4gxsw.com/xclass/2/1.html"},{"name":"都市言情","url":"http://m.4gxsw.com/xclass/3/1.html"},{"name":"歷史軍事","url":"http://m.4gxsw.com/xclass/4/1.html"},{"name":"偵探推理","url":"http://m.4gxsw.com/xclass/5/1.html"},{"name":"網遊動漫","url":"http://m.4gxsw.com/xclass/6/1.html"},{"name":"科幻小說","url":"http://m.4gxsw.com/xclass/7/1.html"},{"name":"恐怖靈異","url":"http://m.4gxsw.com/xclass/8/1.html"},{"name":"散文詩詞","url":"http://m.4gxsw.com/xclass/9/1.html"},{"name":"其他類型","url":"http://m.4gxsw.com/xclass/10/1.html"}]
