[{"name":"現代都市","url":"http://www.5151wk.com/xiandaidushi/"},{"name":"古代架空","url":"http://www.5151wk.com/gudaijiakong/"},{"name":"穿越重生","url":"http://www.5151wk.com/chuanyuechongsheng/"},{"name":"玄幻靈異","url":"http://www.5151wk.com/xuanhuanlingyi/"},{"name":"推理懸疑","url":"http://www.5151wk.com/tuilixuanyi/"},{"name":"網遊競技","url":"http://www.5151wk.com/wangyoujingji/"},{"name":"ＢＬ同人","url":"http://www.5151wk.com/tongren/"},{"name":"ＧＬ百合","url":"http://www.5151wk.com/baihe/"}]
