[{"name":"排行榜","url":"http://www.52ggd.com/top/","more":true,"subs":[{"name":"最新入庫","url":"postdate_1.html"},{"name":"總點擊榜","url":"allvisit_1.html"},{"name":"月點擊榜","url":"monthvisit_1.html"},{"name":"周點擊榜","url":"weekvisit_1.html"},{"name":"日點擊榜","url":"dayvisit_1.html"},{"name":"總推薦榜","url":"allvote_1.html"},{"name":"月推薦榜","url":"monthvote_1.html"},{"name":"周推薦榜","url":"weekvote_1.html"},{"name":"日推薦榜","url":"dayvote_1.html"},{"name":"字數排行","url":"size_1.html"},{"name":"總收藏榜","url":"goodnum_1.html"}]},{"name":"玄幻魔法","url":"http://www.52ggd.com/lc/1_1.html"},{"name":"武俠修真","url":"http://www.52ggd.com/lc/2_1.html"},{"name":"都市言情","url":"http://www.52ggd.com/lc/3_1.html"},{"name":"穿越歷史","url":"http://www.52ggd.com/lc/4_1.html"},{"name":"青春校園","url":"http://www.52ggd.com/lc/5_1.html"},{"name":"網遊動漫","url":"http://www.52ggd.com/lc/6_1.html"},{"name":"科幻空間","url":"http://www.52ggd.com/lc/7_1.html"},{"name":"恐怖靈異","url":"http://www.52ggd.com/lc/8_1.html"},{"name":"耽美同人","url":"http://www.52ggd.com/lc/9_1.html"},{"name":"其它類型","url":"http://www.52ggd.com/lc/10_1.html"}]
