[{"name":"排行","url":"https://www.52shuku123.net/","more":true,"subs":[{"name":"總點擊榜","url":"allvisit.html"},{"name":"月點擊榜","url":"monthvisit.html"},{"name":"周點擊榜","url":"weekvisit.html"},{"name":"總推薦榜","url":"allvote.html"},{"name":"月推薦榜","url":"monthvote.html"},{"name":"收藏排行","url":"goodnum.html"},{"name":"新書上架","url":"postdate.html"},{"name":"字數排行","url":"size.html"}]},{"name":"全本","url":"https://www.52shuku123.net/wanben/"},{"name":"最近更新","url":"https://www.52shuku123.net/lastupdate.html"},{"name":"玄幻靈異","url":"https://www.52shuku123.net/xuanhuan.html"},{"name":"近代現代","url":"https://www.52shuku123.net/xiandai.html"},{"name":"古代穿越","url":"https://www.52shuku123.net/gudai.html"},{"name":"推理懸疑","url":"https://www.52shuku123.net/xuanyi.html"},{"name":"網遊競技","url":"https://www.52shuku123.net/wangyou.html"},{"name":"ＢＬ同人","url":"https://www.52shuku123.net/bl.html"},{"name":"ＧＬ百合","url":"https://www.52shuku123.net/gl.html"}]
