[{"name":"全本","url":"https://m.52zwxs.com/full/1/"},{"name":"最近更新","url":"https://m.52zwxs.com/top/lastupdate_1/"},{"name":"玄幻奇幻","url":"https://m.52zwxs.com/sort/1_1/"},{"name":"武俠仙俠","url":"https://m.52zwxs.com/sort/2_1/"},{"name":"都市異能","url":"https://m.52zwxs.com/sort/3_1/"},{"name":"歷史軍事","url":"https://m.52zwxs.com/sort/4_1/"},{"name":"遊戲競技","url":"https://m.52zwxs.com/sort/5_1/"},{"name":"科幻世界","url":"https://m.52zwxs.com/sort/6_1/"},{"name":"靈異懸疑","url":"https://m.52zwxs.com/sort/7_1/"},{"name":"耽美同人","url":"https://m.52zwxs.com/sort/8_1/"},{"name":"女生言情","url":"https://m.52zwxs.com/sort/9_1/"}]
