[{"name":"玄幻","url":"https://www.555x.org/html/xuanhuan/1/"},{"name":"武俠","url":"https://www.555x.org/html/wuxia/1/"},{"name":"都市","url":"https://www.555x.org/html/dushi/1/"},{"name":"網遊","url":"https://www.555x.org/html/wangyou/1/"},{"name":"穿越","url":"https://www.555x.org/html/chuanyue/1/"},{"name":"科幻","url":"https://www.555x.org/html/kehuan/1/"},{"name":"懸疑","url":"https://www.555x.org/html/xuanyi/1/"},{"name":"其他","url":"https://www.555x.org/html/qita/1/"},{"name":"熱門","url":"https://www.555x.org/rank/allvisit/"},{"name":"全本","url":"https://www.555x.org/quanben/html/"}]
