[{"name":"全本","url":"http://www.58xs8.com/modules/article/index.php?fullflag=1"},{"name":"最近更新","url":"http://www.58xs8.com/xiaoshuotoplastupdate/0/1.html"},{"name":"全部","url":"http://www.58xs8.com/xiaoshuosort/0/1.html"},{"name":"玄幻魔法","url":"http://www.58xs8.com/xiaoshuosort1/0/1.html"},{"name":"武俠修真","url":"http://www.58xs8.com/xiaoshuosort2/0/1.html"},{"name":"都市言情","url":"http://www.58xs8.com/xiaoshuosort3/0/1.html"},{"name":"歷史軍事","url":"http://www.58xs8.com/xiaoshuosort4/0/1.html"},{"name":"偵探推理","url":"http://www.58xs8.com/xiaoshuosort5/0/1.html"},{"name":"網遊動漫","url":"http://www.58xs8.com/xiaoshuosort6/0/1.html"},{"name":"科幻小說","url":"http://www.58xs8.com/xiaoshuosort7/0/1.html"},{"name":"恐怖靈異","url":"http://www.58xs8.com/xiaoshuosort8/0/1.html"},{"name":"其他","url":"http://www.58xs8.com/xiaoshuosort9/0/1.html"}]
