[{"name":"全部小說","url":"http://m.5azw.com/xiaoshuodaquan"},{"name":"玄幻","url":"http://m.5azw.com/xuanhuan/"},{"name":"都市","url":"http://m.5azw.com/dushi/"},{"name":"仙俠","url":"http://m.5azw.com/xiuzhen/"},{"name":"武俠","url":"http://m.5azw.com/wuxia/"},{"name":"言情","url":"http://m.5azw.com/yanqing/"},{"name":"穿越","url":"http://m.5azw.com/chuangyue/"},{"name":"網遊","url":"http://m.5azw.com/wangyou/"},{"name":"奇幻","url":"http://m.5azw.com/qihuang/"},{"name":"科幻","url":"http://m.5azw.com/kehuan/"},{"name":"懸疑","url":"http://m.5azw.com/xuangyi/"},{"name":"青春","url":"http://m.5azw.com/qinchun/"},{"name":"校園","url":"http://m.5azw.com/xiaoyuang/"},{"name":"軍事","url":"http://m.5azw.com/junshi/"},{"name":"歷史","url":"http://m.5azw.com/lishi/"},{"name":"同人","url":"http://m.5azw.com/nvpin/"},{"name":"其他","url":"http://m.5azw.com/qita/"}]
