[{"name":"玄幻魔法","url":"http://www.5azw.com/list/1_1.html"},{"name":"武俠修真","url":"http://www.5azw.com/list/2_1.html"},{"name":"都市言情","url":"http://www.5azw.com/list/3_1.html"},{"name":"歷史軍事","url":"http://www.5azw.com/list/4_1.html"},{"name":"科幻靈異","url":"http://www.5azw.com/list/5_1.html"},{"name":"遊戲競技","url":"http://www.5azw.com/list/6_1.html"},{"name":"女生耽美","url":"http://www.5azw.com/list/7_1.html"},{"name":"其他類型","url":"http://www.5azw.com/list/8_1.html"}]
