[{"name":"玄幻小說","url":"https://www.62ma.com/sort/1/1.html"},{"name":"修真小說","url":"https://www.62ma.com/sort/2/1.html"},{"name":"都市小說","url":"https://www.62ma.com/sort/3/1.html"},{"name":"穿越小說","url":"https://www.62ma.com/sort/4/1.html"},{"name":"網遊小說","url":"https://www.62ma.com/sort/5/1.html"},{"name":"科幻小說","url":"https://www.62ma.com/sort/6/1.html"},{"name":"其他小說","url":"https://www.62ma.com/sort/7/1.html"},{"name":"女生頻道","url":"https://www.62ma.com/sort/8/1.html"},{"name":"恐怖小說","url":"https://www.62ma.com/sort/9/1.html"}]
