[{"name":"排行榜","url":"https://www.630shu.net/","more":true,"subs":[{"name":"總排行榜","url":"top/allvisit/"},{"name":"月排行榜","url":"top/monthvisit/"},{"name":"周排行榜","url":"top/weekvisit/"},{"name":"總推薦榜","url":"top/allvote/"},{"name":"月推薦榜","url":"top/monthvote/"},{"name":"周推薦榜","url":"top/weekvote/"},{"name":"最新入庫","url":"top/postdate/"},{"name":"本站推薦","url":"top/toptime/"},{"name":"總收藏榜","url":"top/goodnum/"},{"name":"字數排行","url":"top/size/"}]},{"name":"全本小說","url":"https://www.630shu.net/quanben/"},{"name":"最近更新","url":"https://www.630shu.net/top/lastupdate/"},{"name":"玄幻小說","url":"https://www.630shu.net/list/1.html"},{"name":"言情小說","url":"https://www.630shu.net/list/2.html"},{"name":"仙俠修真","url":"https://www.630shu.net/list/2.html"},{"name":"都市小說","url":"https://www.630shu.net/list/4.html"},{"name":"歷史小說","url":"https://www.630shu.net/list/5.html"},{"name":"網遊小說","url":"https://www.630shu.net/list/6.html"},{"name":"競技小說","url":"https://www.630shu.net/list/7.html"},{"name":"科幻小說","url":"https://www.630shu.net/list/8.html"}]
