[{"name":"完本","url":"https://m.69shu.com/shuku/","more":true,"subs":[{"name":"全部","url":"weekvisit_0_0_0_0_1_0_1.htm"},{"name":"玄幻魔法","url":"weekvisit_1_0_0_0_1_0_1.htm"},{"name":"修真武俠","url":"weekvisit_2_0_0_0_1_0_1.htm"},{"name":"言情小說","url":"weekvisit_3_0_0_0_1_0_1.htm"},{"name":"歷史軍事","url":"weekvisit_4_0_0_0_1_0_1.htm"},{"name":"遊戲競技","url":"weekvisit_5_0_0_0_1_0_1.htm"},{"name":"科幻空間","url":"weekvisit_6_0_0_0_1_0_1.htm"},{"name":"懸疑驚悚","url":"weekvisit_7_0_0_0_1_0_1.htm"},{"name":"同人小說","url":"weekvisit_8_0_0_0_1_0_1.htm"},{"name":"都市小說","url":"weekvisit_9_0_0_0_1_0_1.htm"},{"name":"官場職場","url":"weekvisit_10_0_0_0_1_0_1.htm"},{"name":"穿越時空","url":"weekvisit_11_0_0_0_1_0_1.htm"},{"name":"青春校園","url":"weekvisit_12_0_0_0_1_0_1.htm"}]},{"name":"最近更新","url":"https://www.69shu.com/update"},{"name":"全部","url":"https://m.69shu.com/shuku/weekvisit_0_0_0_0_0_0_1.htm"},{"name":"玄幻魔法","url":"https://m.69shu.com/shuku/weekvisit_1_0_0_0_0_0_1.htm"},{"name":"修真武俠","url":"https://m.69shu.com/shuku/weekvisit_2_0_0_0_0_0_1.htm"},{"name":"言情小說","url":"https://m.69shu.com/shuku/weekvisit_3_0_0_0_0_0_1.htm"},{"name":"歷史軍事","url":"https://m.69shu.com/shuku/weekvisit_4_0_0_0_0_0_1.htm"},{"name":"遊戲競技","url":"https://m.69shu.com/shuku/weekvisit_5_0_0_0_0_0_1.htm"},{"name":"科幻空間","url":"https://m.69shu.com/shuku/weekvisit_6_0_0_0_0_0_1.htm"},{"name":"懸疑驚悚","url":"https://m.69shu.com/shuku/weekvisit_7_0_0_0_0_0_1.htm"},{"name":"同人小說","url":"https://m.69shu.com/shuku/weekvisit_8_0_0_0_0_0_1.htm"},{"name":"都市小說","url":"https://m.69shu.com/shuku/weekvisit_9_0_0_0_0_0_1.htm"},{"name":"官場職場","url":"https://m.69shu.com/shuku/weekvisit_10_0_0_0_0_0_1.htm"},{"name":"穿越時空","url":"https://m.69shu.com/shuku/weekvisit_11_0_0_0_0_0_1.htm"},{"name":"青春校園","url":"https://m.69shu.com/shuku/weekvisit_12_0_0_0_0_0_1.htm"}]
