[{"name":"完本小說","url":"https://www.69shu.org/quanben/"},{"name":"玄幻小說","url":"https://www.69shu.org/fenlei/1_1/"},{"name":"仙俠小說","url":"https://www.69shu.org/fenlei/2_1/"},{"name":"都市小說","url":"https://www.69shu.org/fenlei/3_1/"},{"name":"穿越小說","url":"https://www.69shu.org/fenlei/4_1/"},{"name":"軍史小說","url":"https://www.69shu.org/fenlei/5_1/"},{"name":"網遊小說","url":"https://www.69shu.org/fenlei/6_1/"},{"name":"科幻小說","url":"https://www.69shu.org/fenlei/7_1/"},{"name":"懸疑小說","url":"https://www.69shu.org/fenlei/8_1/"}]
