[{"name":"完本","url":"https://www.69shu.com/fulltop/","more":true,"subs":[{"name":"全部分類","url":"0.htm"},{"name":"言情小說","url":"3.htm"},{"name":"玄幻魔法","url":"1.htm"},{"name":"修真武俠","url":"2.htm"},{"name":"穿越時空","url":"11.htm"},{"name":"都市小說","url":"9.htm"},{"name":"歷史軍事","url":"4.htm"},{"name":"遊戲競技","url":"5.htm"},{"name":"科幻空間","url":"6.htm"},{"name":"懸疑驚悚","url":"7.htm"},{"name":"同人小說","url":"8.htm"},{"name":"官場職場","url":"10.htm"},{"name":"青春校園","url":"12.htm"}]},{"name":"最近更新","url":"https://www.69shu.com/update"},{"name":"全部分類","url":"https://www.69shu.com/top/0.htm"},{"name":"言情小說","url":"https://www.69shu.com/top/3.htm"},{"name":"玄幻魔法","url":"https://www.69shu.com/top/1.htm"},{"name":"修真武俠","url":"https://www.69shu.com/top/2.htm"},{"name":"穿越時空","url":"https://www.69shu.com/top/11.htm"},{"name":"都市小說","url":"https://www.69shu.com/top/9.htm"},{"name":"歷史軍事","url":"https://www.69shu.com/top/4.htm"},{"name":"遊戲競技","url":"https://www.69shu.com/top/5.htm"},{"name":"科幻空間","url":"https://www.69shu.com/top/6.htm"},{"name":"懸疑驚悚","url":"https://www.69shu.com/top/7.htm"},{"name":"同人小說","url":"https://www.69shu.com/top/8.htm"},{"name":"官場職場","url":"https://www.69shu.com/top/10.htm"},{"name":"青春校園","url":"https://www.69shu.com/top/12.htm"}]
