[{"name":"完本","url":"https://wap.7kzw.org/wanben/","more":true,"subs":[{"name":"全部","url":"0/"},{"name":"玄幻小說","url":"1/"},{"name":"修真小說","url":"2/"},{"name":"都市小說","url":"3/"},{"name":"穿越小說","url":"4/"},{"name":"網遊小說","url":"5/"},{"name":"科幻小說","url":"6/"},{"name":"其他小說","url":"7/"}]},{"name":"玄幻小說","url":"https://wap.7kzw.org/xclass/1/"},{"name":"修真小說","url":"https://wap.7kzw.org/xclass/2/"},{"name":"都市小說","url":"https://wap.7kzw.org/xclass/3/"},{"name":"穿越小說","url":"https://wap.7kzw.org/xclass/4/"},{"name":"網遊小說","url":"https://wap.7kzw.org/xclass/5/"},{"name":"科幻小說","url":"https://wap.7kzw.org/xclass/6/"},{"name":"其他小說","url":"https://wap.7kzw.org/xclass/7/"}]
