[{"name":"排行榜","url":"https://www.80txt.la/top/","more":true,"subs":[{"name":"總排行榜","url":"allvisit/1.html"},{"name":"月排行榜","url":"monthvisit/1.html"},{"name":"周排行榜","url":"weekvisit/1.html"},{"name":"日排行榜","url":"dayvisit/1.html"},{"name":"總推薦榜","url":"allvote/1.html"},{"name":"月推薦榜","url":"monthvote/1.html"},{"name":"周推薦榜","url":"weekvote/1.html"},{"name":"日推薦榜","url":"dayvote/1.html"},{"name":"總收藏榜","url":"goodnum/1.html"},{"name":"字數排行","url":"size/1.html"},{"name":"最新入庫","url":"postdate/1.html"}]},{"name":"編輯推薦的小說","url":"https://www.80txt.la/top/toptime/1.html"},{"name":"最近更新的小說","url":"https://www.80txt.la/top/lastupdate/1.html"},{"name":"男生","url":"https://www.80txt.la/","more":true,"subs":[{"name":"奇幻修真","url":"sort3/1.html"},{"name":"奇幻魔法","url":"sort13/1.html"},{"name":"異術超能","url":"sort1/1.html"},{"name":"東方傳奇","url":"sort12/1.html"},{"name":"王朝爭霸","url":"sort14/1.html"},{"name":"江湖武俠","url":"sort15/1.html"},{"name":"未來幻想","url":"sort9/1.html"},{"name":"靈異鬼怪","url":"sort10/1.html"},{"name":"探險揭秘","url":"sort22/1.html"},{"name":"歷史傳記","url":"sort6/1.html"},{"name":"特種軍旅","url":"sort7/1.html"},{"name":"網遊","url":"sort16/1.html"},{"name":"競技","url":"sort8/1.html"}]},{"name":"女生","url":"https://www.80txt.la/","more":true,"subs":[{"name":"魔幻女強","url":"sort2/1.html"},{"name":"都市婚姻","url":"sort4/1.html"},{"name":"百合之戀","url":"sort5/1.html"},{"name":"同人美文","url":"sort11/1.html"},{"name":"穿越架空","url":"sort17/1.html"},{"name":"王室貴族","url":"sort18/1.html"},{"name":"魔法校園","url":"sort19/1.html"},{"name":"鄉土布衣","url":"sort20/1.html"},{"name":"官職商戰","url":"sort21/1.html"},{"name":"間諜暗戰","url":"sort23/1.html"},{"name":"唯美言情","url":"sort24/1.html"},{"name":"詩歌文集","url":"sort25/1.html"}]}]
