[{"name":"完本","url":"https://www.96kanshu.com/","more":true,"subs":[{"name":"全部","url":"lastupdate_0_0_0_0_1_0_1.html"},{"name":"言情女生","url":"lastupdate_1_0_0_0_1_0_1.html"},{"name":"玄幻奇幻","url":"lastupdate_2_0_0_0_1_0_1.html"},{"name":"現代都市","url":"lastupdate_3_0_0_0_1_0_1.html"},{"name":"武俠仙俠","url":"lastupdate_4_0_0_0_1_0_1.html"},{"name":"耽美同人","url":"lastupdate_5_0_0_0_1_0_1.html"},{"name":"科幻靈異","url":"lastupdate_6_0_0_0_1_0_1.html"},{"name":"網遊競技","url":"lastupdate_7_0_0_0_1_0_1.html"},{"name":"歷史軍事","url":"lastupdate_8_0_0_0_1_0_1.html"}]},{"name":"全部","url":"https://www.96kanshu.com/lastupdate_0_0_0_0_0_0_1.html"},{"name":"言情女生","url":"https://www.96kanshu.com/lastupdate_1_0_0_0_0_0_1.html"},{"name":"玄幻奇幻","url":"https://www.96kanshu.com/lastupdate_2_0_0_0_0_0_1.html"},{"name":"現代都市","url":"https://www.96kanshu.com/lastupdate_3_0_0_0_0_0_1.html"},{"name":"武俠仙俠","url":"https://www.96kanshu.com/lastupdate_4_0_0_0_0_0_1.html"},{"name":"耽美同人","url":"https://www.96kanshu.com/lastupdate_5_0_0_0_0_0_1.html"},{"name":"科幻靈異","url":"https://www.96kanshu.com/lastupdate_6_0_0_0_0_0_1.html"},{"name":"網遊競技","url":"https://www.96kanshu.com/lastupdate_7_0_0_0_0_0_1.html"},{"name":"歷史軍事","url":"https://www.96kanshu.com/lastupdate_8_0_0_0_0_0_1.html"}]
