[{"name":"排行榜","url":"https://m.aikanshu8.com/top/","more":true,"subs":[{"name":"點擊總榜","url":"allvisit/"},{"name":"點擊月榜","url":"monthvisit/"},{"name":"推薦總榜","url":"allvote/"},{"name":"推薦月榜","url":"monthvote/"},{"name":"周推薦榜","url":"weekvote/"},{"name":"總收藏榜","url":"goodnum/"},{"name":"周排行榜","url":"weekvisit/"},{"name":"本站推薦","url":"toptime/"},{"name":"字數排行","url":"size/"},{"name":"最新入庫","url":"postdate/"}]},{"name":"完本小說","url":"https://m.aikanshu8.com/wanben/"},{"name":"最近更新","url":"https://m.aikanshu8.com/top/lastupdate/"},{"name":"玄幻小說","url":"https://m.aikanshu8.com/list/1.html"},{"name":"仙俠小說","url":"https://m.aikanshu8.com/list/2.html"},{"name":"都市小說","url":"https://m.aikanshu8.com/list/3.html"},{"name":"歷史小說","url":"https://m.aikanshu8.com/list/4.html"},{"name":"科幻小說","url":"https://m.aikanshu8.com/list/5.html"},{"name":"網遊小說","url":"https://m.aikanshu8.com/list/6.html"}]
