[{"name":"完結小說","url":"https://www.aikanshuba.net/full/1"},{"name":"最近更新","url":"https://www.aikanshuba.net/paihang/lastupdate_1.html"},{"name":"玄幻小說","url":"https://www.aikanshuba.net/xuanhuan/1.html"},{"name":"仙俠小說","url":"https://www.aikanshuba.net/xianxia/1.html"},{"name":"都市小說","url":"https://www.aikanshuba.net/dushi/1.html"},{"name":"軍史小說","url":"https://www.aikanshuba.net/junshi/1.html"},{"name":"網遊小說","url":"https://www.aikanshuba.net/wangyou/1.html"},{"name":"科幻小說","url":"https://www.aikanshuba.net/kehuan/1.html"},{"name":"恐怖小說","url":"https://www.aikanshuba.net/kongbu/1.html"},{"name":"其他小說","url":"https://www.aikanshuba.net/qita/1.html"}]
