[{"name":"玄幻","url":"https://www.aikshu8.com/list/1-1.html"},{"name":"仙俠","url":"https://www.aikshu8.com/list/2-1.html"},{"name":"言情","url":"https://www.aikshu8.com/list/3-1.html"},{"name":"歷史","url":"https://www.aikshu8.com/list/4-1.html"},{"name":"網遊","url":"https://www.aikshu8.com/list/5-1.html"},{"name":"科幻","url":"https://www.aikshu8.com/list/6-1.html"},{"name":"恐怖","url":"https://www.aikshu8.com/list/7-1.html"},{"name":"其他","url":"https://www.aikshu8.com/list/8-1.html"}]
