[{"name":"全本","url":"https://www.aixdzs.com/sort/","more":true,"subs":[{"name":"玄幻·奇幻","url":"1/index_0_2_0_1.html"},{"name":"修真·仙俠","url":"2/index_0_2_0_1.html"},{"name":"都市·青春","url":"3/index_0_2_0_1.html"},{"name":"歷史·軍事","url":"4/index_0_2_0_1.html"},{"name":"網遊·競技","url":"5/index_0_2_0_1.html"},{"name":"科幻·靈異","url":"6/index_0_2_0_1.html"},{"name":"言情·穿越","url":"7/index_0_2_0_1.html"},{"name":"耽美·同人","url":"8/index_0_2_0_1.html"},{"name":"偵探·推理","url":"12/index_0_2_0_1.html"},{"name":"武俠小說","url":"10/index_0_2_0_1.html"},{"name":"台言·古言","url":"9/index_0_2_0_1.html"},{"name":"古典文學","url":"11/index_0_2_0_1.html"},{"name":"外國文學","url":"13/index_0_2_0_1.html"},{"name":"當代現代","url":"14/index_0_2_0_1.html"},{"name":"童話故事","url":"15/index_0_2_0_1.html"},{"name":"傳記紀實","url":"16/index_0_2_0_1.html"},{"name":"韓流青春","url":"17/index_0_2_0_1.html"},{"name":"影視文學","url":"18/index_0_2_0_1.html"},{"name":"其他類別","url":"0/index_0_2_0_1.html"}]},{"name":"最近更新","url":"https://www.aixdzs.com/new.html"},{"name":"玄幻·奇幻","url":"https://www.aixdzs.com/sort/1/index.html"},{"name":"修真·仙俠","url":"https://www.aixdzs.com/sort/2/index.html"},{"name":"都市·青春","url":"https://www.aixdzs.com/sort/3/index.html"},{"name":"歷史·軍事","url":"https://www.aixdzs.com/sort/4/index.html"},{"name":"網遊·競技","url":"https://www.aixdzs.com/sort/5/index.html"},{"name":"科幻·靈異","url":"https://www.aixdzs.com/sort/6/index.html"},{"name":"言情·穿越","url":"https://www.aixdzs.com/sort/7/index.html"},{"name":"耽美·同人","url":"https://www.aixdzs.com/sort/8/index.html"},{"name":"偵探·推理","url":"https://www.aixdzs.com/sort/12/index.html"},{"name":"武俠小說","url":"https://www.aixdzs.com/sort/10/index.html"},{"name":"台言·古言","url":"https://www.aixdzs.com/sort/9/index.html"},{"name":"古典文學","url":"https://www.aixdzs.com/sort/11/index.html"},{"name":"外國文學","url":"https://www.aixdzs.com/sort/13/index.html"},{"name":"當代現代","url":"https://www.aixdzs.com/sort/14/index.html"},{"name":"童話故事","url":"https://www.aixdzs.com/sort/15/index.html"},{"name":"傳記紀實","url":"https://www.aixdzs.com/sort/16/index.html"},{"name":"韓流青春","url":"https://www.aixdzs.com/sort/17/index.html"},{"name":"影視文學","url":"https://www.aixdzs.com/sort/18/index.html"},{"name":"其他類別","url":"https://www.aixdzs.com/sort/0/index.html"}]
