[{"name":"最近更新","url":"http://map.iloveshu.net/"},{"name":"異界修仙","url":"http://www.iloveshu.net/XiuXian/"},{"name":"都市社會","url":"http://www.iloveshu.net/HouGong/"},{"name":"言情浪漫","url":"http://www.iloveshu.net/YanQing/"},{"name":"清純校園","url":"http://www.iloveshu.net/XiaoYuan/"},{"name":"穿越重生","url":"http://www.iloveshu.net/ChuanYue/"},{"name":"驚悚科幻","url":"http://www.iloveshu.net/KeHuan/"},{"name":"另類鄉土","url":"http://www.iloveshu.net/LingLei/"},{"name":"女生頻道","url":"http://www.iloveshu.net/NvSheng/"}]
