[{"name":"最近更新","url":"http://map.69shu.me/"},{"name":"異界修仙","url":"http://www.69shu.me/XiuXian/"},{"name":"都市社會","url":"http://www.69shu.me/HouGong/"},{"name":"言情浪漫","url":"http://www.69shu.me/YanQing/"},{"name":"清純校園","url":"http://www.69shu.me/XiaoYuan/"},{"name":"穿越重生","url":"http://www.69shu.me/ChuanYue/"},{"name":"驚悚科幻","url":"http://www.69shu.me/KeHuan/"},{"name":"另類鄉土","url":"http://www.69shu.me/LingLei/"},{"name":"女生頻道","url":"http://www.69shu.me/NvSheng/"}]
