[{"name":"本站推薦","url":"http://m.awubook.com/s/bzhtj"},{"name":"腐書專題","url":"http://m.awubook.com/s/","more":true,"subs":[{"name":"重生文專題","url":"chshwzt/"},{"name":"修真文專題","url":"xzhwzt/"},{"name":"穿越文專題","url":"chywzt/"},{"name":"獸人文專題","url":"shrwzt/"},{"name":"末世文專題","url":"mshwzt/"},{"name":"機甲文專題","url":"jijia/"}]},{"name":"作品類型","url":"http://m.awubook.com/","more":true,"subs":[{"name":"完結新區","url":"wanjiexinqu/"},{"name":"完結文庫","url":"wanjie/"},{"name":"穿越轉世","url":"chuanyuezhuanshi/"},{"name":"玄幻網遊","url":"xuanhuanwangyou/"},{"name":"港台小說","url":"gangtaixiaoshuo/"},{"name":"同人王道","url":"tongrenwangdao/"}]},{"name":"年度分類","url":"http://m.awubook.com/Allmenu.html"}]
