[{"name":"武俠仙俠","url":"https://m.baishulou99.com/sort-1-1/"},{"name":"玄幻魔法","url":"https://m.baishulou99.com/sort-2-1/"},{"name":"歷史軍事","url":"https://m.baishulou99.com/sort-3-1/"},{"name":"女生言情","url":"https://m.baishulou99.com/sort-5-1/"},{"name":"現代都市","url":"https://m.baishulou99.com/sort-5-1/"},{"name":"科幻小說","url":"https://m.baishulou99.com/sort-6-1/"},{"name":"網遊競技","url":"https://m.baishulou99.com/sort-7-1/"},{"name":"恐怖懸疑","url":"https://m.baishulou99.com/sort-8-1/"},{"name":"現代言情","url":"https://m.baishulou99.com/sort-9-1/"},{"name":"魔幻言情","url":"https://m.baishulou99.com/sort-10-1/"},{"name":"耽美言情","url":"https://m.baishulou99.com/sort-11-1/"},{"name":"劇本其他","url":"https://m.baishulou99.com/sort-12-1/"}]
