[{"name":"最新更新","url":"https://m.baishulou.net/top-lastupdate-1/"},{"name":"完本作品","url":"https://m.baishulou.net/full-1/"},{"name":"武俠仙俠","url":"https://m.baishulou.net/sort-1-1/"},{"name":"玄幻魔法","url":"https://m.baishulou.net/sort-2-1/"},{"name":"歷史軍事","url":"https://m.baishulou.net/sort-3-1/"},{"name":"女生言情","url":"https://m.baishulou.net/sort-4-1/"},{"name":"現代都市","url":"https://m.baishulou.net/sort-5-1/"},{"name":"科幻小說","url":"https://m.baishulou.net/sort-6-1/"},{"name":"網遊競技","url":"https://m.baishulou.net/sort-7-1/"},{"name":"恐怖懸疑","url":"https://m.baishulou.net/sort-8-1/"},{"name":"精品小說","url":"https://m.baishulou.net/sort-18-1/"}]
