[{"name":"耽美同人","url":"https://www.banxia.co/danmei/"},{"name":"男頻熱文","url":"https://www.banxia.co/nanpin/"},{"name":"現代都市","url":"https://www.banxia.co/xiandai/"},{"name":"古裝迷情","url":"https://www.banxia.co/guzhuang/"},{"name":"穿越重生","url":"https://www.banxia.co/chuanyue/"},{"name":"其他言情","url":"https://www.banxia.co/","more":true,"subs":[{"name":"BG同人","url":"tongren/"},{"name":"台灣言情","url":"taiwan/"},{"name":"網遊科幻","url":"kehuan/"},{"name":"恐怖推理","url":"kongbu/"},{"name":"仙俠言情","url":"xianxia/"},{"name":"玄幻言情","url":"xuanhuan/"}]},{"name":"文學名著","url":"https://www.banxia.co/wenxue/"}]
