[{"name":"排行榜","url":"https://www.baoshu88.com/","more":true,"subs":[{"name":"總點擊榜","url":"allvisit.html"},{"name":"月點擊榜","url":"monthvisit.html"},{"name":"周點擊榜","url":"weekvisit.html"},{"name":"總推薦榜","url":"allvote.html"},{"name":"月推薦榜","url":"monthvote.html"},{"name":"收藏排行","url":"goodnum.html"},{"name":"新書上架","url":"postdate.html"},{"name":"字數排行","url":"size.html"}]},{"name":"最近更新","url":"https://www.baoshu88.com/lastupdate.html"},{"name":"玄幻靈異","url":"https://www.baoshu88.com/xuanhuan.html"},{"name":"武俠仙俠","url":"https://www.baoshu88.com/xianxia.html"},{"name":"都市娛樂","url":"https://www.baoshu88.com/dushi.html"},{"name":"軍事歷史","url":"https://www.baoshu88.com/lishi.html"},{"name":"網遊競技","url":"https://www.baoshu88.com/wangyou.html"},{"name":"科幻靈異","url":"https://www.baoshu88.com/kehuan.html"},{"name":"女生言情","url":"https://www.baoshu88.com/yanqing.html"},{"name":"耽思唯美","url":"https://www.baoshu88.com/danmei.html"},{"name":"綜合其他","url":"https://www.baoshu88.com/zonghe.html"}]
