[{"name":"完本小說","url":"https://www.bookbao02.com/wanben/1_1"},{"name":"玄幻小說","url":"https://www.bookbao02.com/xuanhuan/"},{"name":"修真小說","url":"https://www.bookbao02.com/xiuzhen/"},{"name":"都市小說","url":"https://www.bookbao02.com/dushi/"},{"name":"歷史穿越","url":"https://www.bookbao02.com/lishi/"},{"name":"網遊小說","url":"https://www.bookbao02.com/wangyou/"},{"name":"精品小說","url":"https://www.bookbao02.com/jingpin/"},{"name":"科幻小說","url":"https://www.bookbao02.com/kehuan/"}]
