[{"name":"長篇小說","url":"https://ck101.com/forum.php?mod=forumdisplay&fid=3881","catId":"3881"},{"name":"全篇小說","url":"https://ck101.com/forum.php?mod=forumdisplay&fid=3882","catId":"3882"},{"name":"原創言情","url":"https://ck101.com/forum.php?mod=forumdisplay&fid=3883","catId":"3883"},{"name":"原創全本","url":"https://ck101.com/forum.php?mod=forumdisplay&fid=3884","catId":"3884"},{"name":"耽美小說","url":"https://ck101.com/forum.php?mod=forumdisplay&fid=3886","catId":"3886"},{"name":"日系小說","url":"https://ck101.com/forum.php?mod=forumdisplay&fid=3887","catId":"3887"},{"name":"短篇小說","url":"https://ck101.com/forum.php?mod=forumdisplay&fid=3888","catId":"3888"}]
