[{"name":"排行榜","url":"https://www.ck101.la/top/","more":true,"subs":[{"name":"總排行榜","url":"allvisit/"},{"name":"月排行榜","url":"monthvisit/"},{"name":"周排行榜","url":"weekvisit/"},{"name":"總推薦榜","url":"allvote/"},{"name":"月推薦榜","url":"monthvote/"},{"name":"周推薦榜","url":"weekvote/"},{"name":"本站推薦","url":"toptime/"},{"name":"收藏排行","url":"goodnum/"},{"name":"字數排行","url":"size/"},{"name":"最新小說","url":"postdate/"}]},{"name":"全本小說","url":"https://www.ck101.la/wanben/"},{"name":"最近更新","url":"https://www.ck101.la/top/lastupdate/"},{"name":"玄幻魔法","url":"https://www.ck101.la/list/1.html"},{"name":"仙俠修真","url":"https://www.ck101.la/list/2.html"},{"name":"都市言情","url":"https://www.ck101.la/list/3.htmll"},{"name":"網遊動漫","url":"https://www.ck101.la/list/4.html"},{"name":"科幻小說","url":"https://www.ck101.la/list/5.html"},{"name":"恐怖靈異","url":"https://www.ck101.la/list/6.html"},{"name":"其他小說","url":"https://www.ck101.la/list/7.html"},{"name":"綜合小說","url":"https://www.ck101.la/list/8.html"}]
