[{"name":"完結","url":"https://www.clewxx.com/class/","more":true,"subs":[{"name":"全部","url":"status/2/"},{"name":"懸疑","url":"cat/49/status/2/"},{"name":"言情","url":"cat/39/status/2/"},{"name":"都市","url":"cat/41/status/2/"},{"name":"仙武","url":"cat/37/status/2/","nonovels":true},{"name":"歷史","url":"cat/46/status/2/","nonovels":true},{"name":"遊戲","url":"cat/38/status/2/","nonovels":true},{"name":"科幻","url":"cat/48/status/2/"},{"name":"玄幻","url":"cat/36/status/2/","nonovels":true},{"name":"青春","url":"cat/52/status/2/"},{"name":"二次元","url":"cat/50/status/2/","nonovels":true},{"name":"其他","url":"cat/53/status/2/","nonovels":true}]},{"name":"全部","url":"https://www.clewxx.com/class/cat/0/"},{"name":"懸疑","url":"https://www.clewxx.com/class/cat/49/"},{"name":"言情","url":"https://www.clewxx.com/class/cat/39/"},{"name":"都市","url":"https://www.clewxx.com/class/cat/41/"},{"name":"仙武","url":"https://www.clewxx.com/class/cat/37/"},{"name":"歷史","url":"https://www.clewxx.com/class/cat/46/"},{"name":"遊戲","url":"https://www.clewxx.com/class/cat/38/","nonovels":true},{"name":"科幻","url":"https://www.clewxx.com/class/cat/48/"},{"name":"玄幻","url":"https://www.clewxx.com/class/cat/36/"},{"name":"青春","url":"https://www.clewxx.com/class/cat/52/"},{"name":"二次元","url":"https://www.clewxx.com/class/cat/50/","nonovels":true},{"name":"其他","url":"https://www.clewxx.com/class/cat/53/"}]
