[{"name":"玄幻魔法","url":"https://www.dajiadu8.com/xuanhuan_1.html"},{"name":"仙俠修真","url":"https://www.dajiadu8.com/xianxia_1.html"},{"name":"都市言情","url":"https://www.dajiadu8.com/dushi_1.html"},{"name":"歷史軍事","url":"https://www.dajiadu8.com/lishi_1.html"},{"name":"網遊小說","url":"https://www.dajiadu8.com/wangyou_1.html"},{"name":"科幻小說","url":"https://www.dajiadu8.com/kehuan_1.html"},{"name":"恐怖靈異","url":"https://www.dajiadu8.com/kongbu_1.html"},{"name":"其他小說","url":"https://www.dajiadu8.com/qita_1.html"}]
