[{"name":"全部小說","url":"https://www.day66.com/sort0_1/"},{"name":"最近更新","url":"https://www.day66.com/top/lastupdate/1.html"},{"name":"玄幻奇幻","url":"https://www.day66.com/sort1_1/"},{"name":"武俠仙俠","url":"https://www.day66.com/sort2_1/"},{"name":"現代都市","url":"https://www.day66.com/sort3_1/"},{"name":"歷史軍事","url":"https://www.day66.com/sort4_1/"},{"name":"遊戲競技","url":"https://www.day66.com/sort5_1/"},{"name":"科幻靈異","url":"https://www.day66.com/sort6_1/"},{"name":"女頻言情","url":"https://www.day66.com/sort7_1/"},{"name":"綜合其他","url":"https://www.day66.com/sort8_1/"}]
