[{"name":"全本小說","url":"https://www.dingdian666.com/sort/9_1/"},{"name":"玄幻魔法","url":"https://www.dingdian666.com/sort/1_1/"},{"name":"仙俠修真","url":"https://www.dingdian666.com/sort/2_1/"},{"name":"都市言情","url":"https://www.dingdian666.com/sort/3_1/"},{"name":"網遊動漫","url":"https://www.dingdian666.com/sort/4_1/"},{"name":"科幻小說","url":"https://www.dingdian666.com/sort/5_1/"},{"name":"恐怖靈異","url":"https://www.dingdian666.com/sort/6_1/"},{"name":"歷史軍事","url":"https://www.dingdian666.com/sort/7_1/"},{"name":"其他小說","url":"https://www.dingdian666.com/sort/8_1/"}]
