[{"name":"最新更新","url":"https://ftxs.org/top/lastupdate_1/"},{"name":"完本","url":"https://ftxs.org/full/1/"},{"name":"玄幻魔法","url":"https://ftxs.org/sort/1_1/"},{"name":"武俠修真","url":"https://ftxs.org/sort/2_1/"},{"name":"言情小說","url":"https://ftxs.org/sort/3_1/"},{"name":"歷史軍事","url":"https://ftxs.org/sort/4_1/"},{"name":"偵探推理","url":"https://ftxs.org/sort/5_1/"},{"name":"網游動漫","url":"https://ftxs.org/sort/6_1/"},{"name":"科幻小說","url":"https://ftxs.org/sort/7_1/"},{"name":"恐怖靈異","url":"https://ftxs.org/sort/8_1/"},{"name":"穿越小說","url":"https://ftxs.org/sort/9_1/"},{"name":"其他類型","url":"https://ftxs.org/sort/10_1/"}]
