[{"name":"本站推薦","url":"https://www.fushuwang.org/best/"},{"name":"耽美專題","url":"https://www.fushuwang.org/","more":true,"subs":[{"name":"重生文專題","url":"chshwzt/"},{"name":"修真文專題","url":"xzhwzt"},{"name":"穿越文專題","url":"chywzt/"},{"name":"獸人文專題","url":"shrwzt/"},{"name":"末世文專題","url":"mshwzt/"}]},{"name":"作品類型","url":"https://www.fushuwang.org/","more":true,"subs":[{"name":"穿越重生","url":"chuanyuechongsheng/"},{"name":"玄幻網遊","url":"xuanhuanwangyou/"},{"name":"現代都市","url":"xiandaidushi/"},{"name":"古代架空","url":"gudaijiakong/"},{"name":"同人BL","url":"tongrenxiaoshuo/"},{"name":"百合GL","url":"baihexiaoshuo/"}]},{"name":"年度分類","url":"https://www.fushuwang.org/"}]
