[{"name":"玄幻修真","url":"http://www.ggdowns.com/1_1.html"},{"name":"都市商戰","url":"http://www.ggdowns.com/2_1.html"},{"name":"歷史軍事","url":"http://www.ggdowns.com/3_1.html"},{"name":"網遊科幻","url":"http://www.ggdowns.com/4_1.html"},{"name":"恐怖推理","url":"http://www.ggdowns.com/5_1.html"},{"name":"穿越架空","url":"http://www.ggdowns.com/6_1.html"},{"name":"古典言情","url":"http://www.ggdowns.com/7_1.html"},{"name":"現代言情","url":"http://www.ggdowns.com/8_1.html"},{"name":"耽美同人","url":"http://www.ggdowns.com/9_1.html"},{"name":"綜合其他","url":"http://www.ggdowns.com/10_1.html"}]
