[{"name":"完結","url":"https://www.gongzicp.com/novel/library-75.html?","more":true,"subs":[{"name":"全部分類","url":"a=75&p=2&n=0&l=0&s=3&o=-1"},{"name":"古代","url":"a=75&t=3&p=2&n=0&l=0&s=3&o=-1"},{"name":"現代","url":"a=75&t=1&p=2&n=0&l=0&s=3&o=-1"},{"name":"幻想","url":"a=75&t=4&p=2&n=0&l=0&s=3&o=-1"},{"name":"懸疑","url":"a=75&t=6&p=2&n=0&l=0&s=3&o=-1"},{"name":"短佩","url":"a=75&t=66&p=2&n=0&l=0&s=3&o=-1"},{"name":"架空","url":"a=75&t=9&p=2&n=0&l=0&s=3&o=-1"},{"name":"無CP","url":"a=75&t=73&p=2&n=0&l=0&s=3&o=-1"},{"name":"百合","url":"a=75&t=17&p=2&n=0&l=0&s=3&o=-1"}]},{"name":"全部分類","url":"https://www.gongzicp.com/novel/library-75.html?a=75&p=0&n=0&l=0&s=3&o=-1"},{"name":"古代","url":"https://www.gongzicp.com/novel/library-75.html?a=75&t=3&p=0&n=0&l=0&s=3&o=-1"},{"name":"現代","url":"https://www.gongzicp.com/novel/library-75.html?a=75&t=1&p=0&n=0&l=0&s=3&o=-1"},{"name":"幻想","url":"https://www.gongzicp.com/novel/library-75.html?a=75&t=4&p=0&n=0&l=0&s=3&o=-1"},{"name":"懸疑","url":"https://www.gongzicp.com/novel/library-75.html?a=75&t=6&p=0&n=0&l=0&s=3&o=-1"},{"name":"短佩","url":"https://www.gongzicp.com/novel/library-75.html?a=75&t=66&p=0&n=0&l=0&s=3&o=-1"},{"name":"架空","url":"https://www.gongzicp.com/novel/library-75.html?a=75&t=9&p=0&n=0&l=0&s=3&o=-1"},{"name":"無CP","url":"https://www.gongzicp.com/novel/library-75.html?a=75&t=73&p=0&n=0&l=0&s=3&o=-1"},{"name":"百合","url":"https://www.gongzicp.com/novel/library-75.html?a=75&t=17&p=0&n=0&l=0&s=3&o=-1"}]
