[{"name":"男生小說","url":"https://www.guishuji.cc/","more":true,"subs":[{"name":"恐怖小說","url":"kongbu/"},{"name":"道士小說","url":"daoshi/"},{"name":"盜墓小說","url":"daomu/"},{"name":"武俠小說","url":"wuxia/"},{"name":"官場小說","url":"guanchang/"},{"name":"網絡小說","url":"wangluo/"},{"name":"科幻小說","url":"kehuan/"}]},{"name":"女生小說","url":"https://www.guishuji.cc/","more":true,"subs":[{"name":"言情小說","url":"yanqing/"},{"name":"都市小說","url":"dushi/"},{"name":"兒童小說","url":"ertong/"},{"name":"青春小說","url":"qingchun/"},{"name":"女性小說","url":"nvxing/"},{"name":"育兒小說","url":"yuer/"},{"name":"旅遊小說","url":"lvyou/"},{"name":"健康與美食","url":"jkms/"},{"name":"靈異懸疑","url":"lingyi/"}]},{"name":"經典小說","url":"https://www.guishuji.cc/","more":true,"subs":[{"name":"古典小說","url":"gudian/"},{"name":"外國小說","url":"waiguo/"},{"name":"現代小說","url":"xiandai/"},{"name":"國學","url":"guoxue/"},{"name":"邏輯思維","url":"luojisiwei/"},{"name":"創業小說","url":"chuangye/"},{"name":"文化小說","url":"wenhua/"},{"name":"互聯網","url":"hulianwang/"},{"name":"科普小說","url":"kepu/"}]},{"name":"經典小說2","url":"https://www.guishuji.cc/","more":true,"subs":[{"name":"散文隨筆","url":"sanwen/"},{"name":"學習小說","url":"xuexi/"},{"name":"詩集小說","url":"xuexi1/"},{"name":"心理學","url":"xinlixue/"},{"name":"哲學小說","url":"zhexue/"},{"name":"紀實小說","url":"jishi/"},{"name":"暢銷書","url":"changxiao/"},{"name":"傳記小說","url":"zhuanji/"}]},{"name":"作家列表","url":"https://www.guishuji.cc/writer/"}]
