[{"name":"作家列表","url":"https://www.guishuji.com/writer/"},{"name":"恐怖小說","url":"https://www.guishuji.com/kongbu/"},{"name":"道士小說","url":"https://www.guishuji.com/daoshi/"},{"name":"盜墓小說","url":"https://www.guishuji.com/daomu/"},{"name":"言情小說","url":"https://www.guishuji.com/yanqing/"},{"name":"都市小說","url":"https://www.guishuji.com/dushi/"},{"name":"武俠小說","url":"https://www.guishuji.com/wuxia/"},{"name":"科幻小說","url":"https://www.guishuji.com/kehuan/"},{"name":"官場小說","url":"https://www.guishuji.com/guanchang/"},{"name":"古典文學","url":"https://www.guishuji.com/gudian/"},{"name":"網絡小說","url":"https://www.guishuji.com/wangluo/"},{"name":"外國小說","url":"https://www.guishuji.com/waiguo/"},{"name":"現代小說","url":"https://www.guishuji.com/xiandai/"},{"name":"兒童小說","url":"https://www.guishuji.com/ertong/"},{"name":"國學","url":"https://www.guishuji.com/guoxue/"},{"name":"邏輯思維","url":"https://www.guishuji.com/luojisiwei/"},{"name":"創業小說","url":"https://www.guishuji.com/chuangye/"},{"name":"互聯網","url":"https://www.guishuji.com/hulianwang/"},{"name":"青春小說","url":"https://www.guishuji.com/qingchun/"},{"name":"文化小說","url":"https://www.guishuji.com/qingchun/"},{"name":"女性小說","url":"https://www.guishuji.com/qingchun/"},{"name":"育兒小說","url":"https://www.guishuji.com/qingchun/"},{"name":"科普小說","url":"https://www.guishuji.com/qingchun/"},{"name":"散文隨筆","url":"https://www.guishuji.com/qingchun/"},{"name":"學習小說","url":"https://www.guishuji.com/qingchun/"},{"name":"詩集小說","url":"https://www.guishuji.com/qingchun/"},{"name":"心理學","url":"https://www.guishuji.com/qingchun/"},{"name":"旅遊小說","url":"https://www.guishuji.com/qingchun/"},{"name":"哲學小說","url":"https://www.guishuji.com/qingchun/"},{"name":"健康與美食","url":"https://www.guishuji.com/qingchun/"},{"name":"紀實小說","url":"https://www.guishuji.com/qingchun/"},{"name":"暢銷書","url":"https://www.guishuji.com/qingchun/"},{"name":"傳記小說","url":"https://www.guishuji.com/qingchun/"}]
