[{"name":"作家列表","url":"https://www.guishuji.cc/writer/"},{"name":"恐怖小說","url":"https://www.guishuji.cc/kongbu/"},{"name":"道士小說","url":"https://www.guishuji.cc/daoshi/"},{"name":"盜墓小說","url":"https://www.guishuji.cc/daomu/"},{"name":"言情小說","url":"https://www.guishuji.cc/yanqing/"},{"name":"都市小說","url":"https://www.guishuji.cc/dushi/"},{"name":"武俠小說","url":"https://www.guishuji.cc/wuxia/"},{"name":"科幻小說","url":"https://www.guishuji.cc/kehuan/"},{"name":"官場小說","url":"https://www.guishuji.cc/guanchang/"},{"name":"古典文學","url":"https://www.guishuji.cc/gudian/"},{"name":"網絡小說","url":"https://www.guishuji.cc/wangluo/"},{"name":"外國小說","url":"https://www.guishuji.cc/waiguo/"},{"name":"現代小說","url":"https://www.guishuji.cc/xiandai/"},{"name":"兒童小說","url":"https://www.guishuji.cc/ertong/"},{"name":"國學","url":"https://www.guishuji.cc/guoxue/"},{"name":"邏輯思維","url":"https://www.guishuji.cc/luojisiwei/"},{"name":"創業小說","url":"https://www.guishuji.cc/chuangye/"},{"name":"互聯網","url":"https://www.guishuji.cc/hulianwang/"},{"name":"青春小說","url":"https://www.guishuji.cc/qingchun/"},{"name":"文化小說","url":"https://www.guishuji.cc/qingchun/"},{"name":"女性小說","url":"https://www.guishuji.cc/qingchun/"},{"name":"育兒小說","url":"https://www.guishuji.cc/qingchun/"},{"name":"科普小說","url":"https://www.guishuji.cc/qingchun/"},{"name":"散文隨筆","url":"https://www.guishuji.cc/qingchun/"},{"name":"學習小說","url":"https://www.guishuji.cc/qingchun/"},{"name":"詩集小說","url":"https://www.guishuji.cc/qingchun/"},{"name":"心理學","url":"https://www.guishuji.cc/qingchun/"},{"name":"旅遊小說","url":"https://www.guishuji.cc/qingchun/"},{"name":"哲學小說","url":"https://www.guishuji.cc/qingchun/"},{"name":"健康與美食","url":"https://www.guishuji.cc/qingchun/"},{"name":"紀實小說","url":"https://www.guishuji.cc/qingchun/"},{"name":"暢銷書","url":"https://www.guishuji.cc/qingchun/"},{"name":"傳記小說","url":"https://www.guishuji.cc/qingchun/"}]
