[{"name":"完本","url":"https://www.ciweimao.com/book_list/","more":true,"subs":[{"name":"所有分類","url":"0-0-uptime-0-0-1/quanbu/1"},{"name":"都市青春","url":"1-27-uptime-0-0-1/quanbu/1"},{"name":"玄幻奇幻","url":"1-8-uptime-0-0-1/quanbu/1"},{"name":"靈異未知","url":"1-1-uptime-0-0-1/quanbu/1"},{"name":"歷史軍事","url":"1-30-uptime-0-0-1/quanbu/1"},{"name":"科幻無限","url":"1-6-uptime-0-0-1/quanbu/1"},{"name":"遊戲競技","url":"1-3-uptime-0-0-1/quanbu/1"},{"name":"仙俠武俠","url":"1-5-uptime-0-0-1/quanbu/1"},{"name":"免費同人","url":"1-24-uptime-0-0-1/quanbu/1"},{"name":"女頻","url":"2-11-uptime-0-0-1/quanbu/1"}]},{"name":"免費","url":"https://www.ciweimao.com/book_list/","more":true,"subs":[{"name":"所有分類","url":"0-0-uptime-0-0-2/quanbu/1"},{"name":"都市青春","url":"1-27-uptime-0-0-2/quanbu/1"},{"name":"玄幻奇幻","url":"1-8-uptime-0-0-2/quanbu/1"},{"name":"靈異未知","url":"1-1-uptime-0-0-2/quanbu/1"},{"name":"歷史軍事","url":"1-30-uptime-0-0-2/quanbu/1"},{"name":"科幻無限","url":"1-6-uptime-0-0-2/quanbu/1"},{"name":"遊戲競技","url":"1-3-uptime-0-0-2/quanbu/1"},{"name":"仙俠武俠","url":"1-5-uptime-0-0-2/quanbu/1"},{"name":"免費同人","url":"1-24-uptime-0-0-2/quanbu/1"},{"name":"女頻","url":"2-11-uptime-0-0-2/quanbu/1"}]},{"name":"所有分類","url":"https://www.ciweimao.com/book_list/0-0-uptime-0-0-0/quanbu/1"},{"name":"都市青春","url":"https://www.ciweimao.com/book_list/1-27-uptime-0-0-0/quanbu/1"},{"name":"玄幻奇幻","url":"https://www.ciweimao.com/book_list/1-8-uptime-0-0-0/quanbu/1"},{"name":"靈異未知","url":"https://www.ciweimao.com/book_list/1-1-uptime-0-0-0/quanbu/1"},{"name":"歷史軍事","url":"https://www.ciweimao.com/book_list/1-30-uptime-0-0-0/quanbu/1"},{"name":"科幻無限","url":"https://www.ciweimao.com/book_list/1-6-uptime-0-0-0/quanbu/1"},{"name":"遊戲競技","url":"https://www.ciweimao.com/book_list/1-3-uptime-0-0-0/quanbu/1"},{"name":"仙俠武俠","url":"https://www.ciweimao.com/book_list/1-5-uptime-0-0-0/quanbu/1"},{"name":"免費同人","url":"https://www.ciweimao.com/book_list/1-24-uptime-0-0-0/quanbu/1"},{"name":"女頻","url":"https://www.ciweimao.com/book_list/2-11-uptime-0-0-0/quanbu/1"}]
