[{"name":"名著","url":"https://tw.hjwzw.com/List/%E5%90%8D%E8%91%97"},{"name":"歐美","url":"https://tw.hjwzw.com/List/%E6%AD%90%E7%BE%8E"},{"name":"玄幻","url":"https://tw.hjwzw.com/List/%E7%8E%84%E5%B9%BB"},{"name":"奇幻","url":"https://tw.hjwzw.com/List/%E5%A5%87%E5%B9%BB"},{"name":"武俠","url":"https://tw.hjwzw.com/List/%E6%AD%A6%E4%BF%A0"},{"name":"仙俠","url":"https://tw.hjwzw.com/List/%E4%BB%99%E4%BF%A0"},{"name":"都市","url":"https://tw.hjwzw.com/List/%E9%83%BD%E5%B8%82"},{"name":"言情","url":"https://tw.hjwzw.com/List/%E8%A8%80%E6%83%85"},{"name":"歷史","url":"https://tw.hjwzw.com/List/%E6%AD%B7%E5%8F%B2"},{"name":"軍事","url":"https://tw.hjwzw.com/List/%E8%BB%8D%E4%BA%8B"},{"name":"遊戲","url":"https://tw.hjwzw.com/List/%E6%B8%B8%E6%88%B2"},{"name":"競技","url":"https://tw.hjwzw.com/List/%E7%AB%B6%E6%8A%80"},{"name":"科幻","url":"https://tw.hjwzw.com/List/%E7%A7%91%E5%B9%BB"},{"name":"靈異","url":"https://tw.hjwzw.com/List/%E9%9D%88%E7%95%B0"},{"name":"全本","url":"https://tw.hjwzw.com/List/%E5%85%A8%E6%9C%AC"}]
