[{"name":"排行榜單","url":"https://www.htxsw.com/top/","more":true,"subs":[{"name":"總點擊榜","url":"allvisit/1.html"},{"name":"月點擊榜","url":"monthvisit/1.html"},{"name":"周點擊榜","url":"weekvisit/1.html"},{"name":"總推薦榜","url":"allvote/1.html"},{"name":"月推薦榜","url":"monthvote/1.html"},{"name":"周推薦榜","url":"weekvote/1.html"},{"name":"總收藏榜","url":"goodnum/1.html"},{"name":"總字數榜","url":"size/1.html"},{"name":"最新入庫","url":"postdate/1.html"},{"name":"新書榜單","url":"goodnew/1.html"}]},{"name":"全本小說","url":"https://www.htxsw.com/quanben/1.html"},{"name":"最近更新","url":"https://www.htxsw.com/top/lastupdate/1.html"},{"name":"玄幻小說","url":"https://www.htxsw.com/sort/1/1.html"},{"name":"修真小說","url":"https://www.htxsw.com/sort/2/1.html"},{"name":"都市小說","url":"https://www.htxsw.com/sort/3/1.html"},{"name":"穿越小說","url":"https://www.htxsw.com/sort/4/1.html"},{"name":"網遊小說","url":"https://www.htxsw.com/sort/5/1.html"},{"name":"科幻小說","url":"https://www.htxsw.com/sort/6/1.html"}]
