[{"name":"完本","url":"","more":true,"subs":[{"name":"男生","url":"https://www.idejian.com/books/nansheng?filterInfo=%7B%222%22%3A%22Y%22%7D&order=3","more":true,"subs":[{"name":"全部","url":""},{"name":"奇幻","url":"&categoryId=1114"},{"name":"玄幻","url":"&categoryId=1115"},{"name":"武俠","url":"&categoryId=1116"},{"name":"仙俠","url":"&categoryId=1117"},{"name":"都市","url":"&categoryId=1118"},{"name":"校園","url":"&categoryId=1119"},{"name":"歷史","url":"&categoryId=1120"},{"name":"軍事","url":"&categoryId=1121"},{"name":"遊戲","url":"&categoryId=1122"},{"name":"競技","url":"&categoryId=1123"},{"name":"科幻","url":"&categoryId=1124"},{"name":"靈異","url":"&categoryId=1125"}]},{"name":"女生","url":"https://www.idejian.com/books/nvsheng?filterInfo=%7B%222%22%3A%22Y%22%7D&order=3","more":true,"subs":[{"name":"全部","url":""},{"name":"現代言情","url":"&categoryId=1126"},{"name":"古代言情","url":"&categoryId=1127"},{"name":"幻想言情","url":"&categoryId=1128"},{"name":"青春校園","url":"&categoryId=1129"},{"name":"同人作品","url":"&categoryId=1130"},{"name":"驚悚恐怖","url":"&categoryId=1132"},{"name":"次元專區","url":"&categoryId=1133"}]},{"name":"出版","url":"https://www.idejian.com/books/nvsheng?filterInfo=%7B%222%22%3A%22Y%22%7D&order=3","more":true,"subs":[{"name":"全部","url":""},{"name":"人文社科","url":"&categoryId=1134"},{"name":"經管勵志","url":"&categoryId=1135"},{"name":"生活","url":"&categoryId=1136"},{"name":"教育","url":"&categoryId=1137"},{"name":"文學藝術","url":"&categoryId=1138"}]}]},{"name":"男生","url":"https://www.idejian.com/books/nansheng?order=3","more":true,"subs":[{"name":"全部","url":""},{"name":"奇幻","url":"&categoryId=1114"},{"name":"玄幻","url":"&categoryId=1115"},{"name":"武俠","url":"&categoryId=1116"},{"name":"仙俠","url":"&categoryId=1117"},{"name":"都市","url":"&categoryId=1118"},{"name":"校園","url":"&categoryId=1119"},{"name":"歷史","url":"&categoryId=1120"},{"name":"軍事","url":"&categoryId=1121"},{"name":"遊戲","url":"&categoryId=1122"},{"name":"競技","url":"&categoryId=1123"},{"name":"科幻","url":"&categoryId=1124"},{"name":"靈異","url":"&categoryId=1125"}]},{"name":"女生","url":"https://www.idejian.com/books/nvsheng?&order=3","more":true,"subs":[{"name":"全部","url":""},{"name":"現代言情","url":"&categoryId=1126"},{"name":"古代言情","url":"&categoryId=1127"},{"name":"幻想言情","url":"&categoryId=1128"},{"name":"青春校園","url":"&categoryId=1129"},{"name":"同人作品","url":"&categoryId=1130"},{"name":"驚悚恐怖","url":"&categoryId=1132"},{"name":"次元專區","url":"&categoryId=1133"}]},{"name":"出版","url":"https://www.idejian.com/books/nvsheng?&order=3","more":true,"subs":[{"name":"全部","url":""},{"name":"人文社科","url":"&categoryId=1134"},{"name":"經管勵志","url":"&categoryId=1135"},{"name":"生活","url":"&categoryId=1136"},{"name":"教育","url":"&categoryId=1137"},{"name":"文學藝術","url":"&categoryId=1138"}]}]
