[{"name":"完本小說","url":"https://m.ikshu8.com/wanben/"},{"name":"最近更新","url":"https://m.ikshu8.com/"},{"name":"玄幻小說","url":"https://m.ikshu8.com/list/1.html"},{"name":"修真小說","url":"https://m.ikshu8.com/list/2.html"},{"name":"都市小說","url":"https://m.ikshu8.com/list/3.html"},{"name":"穿越小說","url":"https://m.ikshu8.com/list/4.html"},{"name":"網遊小說","url":"https://m.ikshu8.com/list/5.html"},{"name":"科幻小說","url":"https://m.ikshu8.com/list/6.html"}]
