[{"name":"完本","url":"https://www.imiaobige.com/shuku/","more":true,"subs":[{"name":"全部","url":"0_0_2_1.html"},{"name":"玄幻奇幻","url":"1_0_2_1.html"},{"name":"武俠仙俠","url":"2_0_2_1.html"},{"name":"都市生活","url":"3_0_2_1.html"},{"name":"歷史軍事","url":"4_0_2_1.html"},{"name":"遊戲競技","url":"5_0_2_1.html"},{"name":"科幻未來","url":"6_0_2_1.html"},{"name":"懸疑靈異","url":"7_0_2_1.html"},{"name":"二次元","url":"8_0_2_1.html"},{"name":"經典短篇","url":"9_0_2_1.html"},{"name":"古代言情","url":"10_2_0_1.html"},{"name":"現代言情","url":"11_0_2_1.html"},{"name":"幻想奇緣","url":"12_0_2_1.html"},{"name":"浪漫青春","url":"13_0_2_1.htmll"},{"name":"網絡情緣","url":"14_0_2_1.html"},{"name":"科幻空間","url":"15_0_2_1.html"},{"name":"恐怖靈異","url":"16_0_2_1.html"},{"name":"N次元","url":"17_0_2_1.html"},{"name":"言情美文","url":"18_0_2_1.html"},{"name":"其他類型","url":"19_0_2_1.html"}]},{"name":"全部","url":"https://www.imiaobige.com/shuku/0_0_0_1.html"},{"name":"玄幻奇幻","url":"https://www.imiaobige.com/shuku/1_0_0_1.html"},{"name":"武俠仙俠","url":"https://www.imiaobige.com/shuku/2_0_0_1.html"},{"name":"都市生活","url":"https://www.imiaobige.com/shuku/3_0_0_1.html"},{"name":"歷史軍事","url":"https://www.imiaobige.com/shuku/4_0_0_1.html"},{"name":"遊戲競技","url":"https://www.imiaobige.com/shuku/5_0_0_1.html"},{"name":"科幻未來","url":"https://www.imiaobige.com/shuku/6_0_0_1.html"},{"name":"懸疑靈異","url":"https://www.imiaobige.com/shuku/7_0_0_1.html"},{"name":"二次元","url":"https://www.imiaobige.com/shuku/8_0_0_1.html"},{"name":"經典短篇","url":"https://www.imiaobige.com/shuku/9_0_0_1.html"},{"name":"古代言情","url":"https://www.imiaobige.com/shuku/10_0_0_1.html"},{"name":"現代言情","url":"https://www.imiaobige.com/shuku/11_0_0_1.html"},{"name":"幻想奇緣","url":"https://www.imiaobige.com/shuku/12_0_0_1.html"},{"name":"浪漫青春","url":"https://www.imiaobige.com/shuku/13_0_0_1.htmll"},{"name":"網絡情緣","url":"https://www.imiaobige.com/shuku/14_0_0_1.html"},{"name":"科幻空間","url":"https://www.imiaobige.com/shuku/15_0_0_1.html"},{"name":"恐怖靈異","url":"https://www.imiaobige.com/shuku/16_0_0_1.html"},{"name":"N次元","url":"https://www.imiaobige.com/shuku/17_0_0_1.html"},{"name":"言情美文","url":"https://www.imiaobige.com/shuku/18_0_0_1.html"},{"name":"其他類型","url":"https://www.imiaobige.com/shuku/19_0_0_1.html"}]
