[{"name":"完本","url":"","more":true,"subs":[{"name":"男生","url":"https://www.jashuwu.com/shuku/","more":true,"subs":[{"name":"玄幻奇幻","url":"0_1_2_1.html"},{"name":"武俠仙俠","url":"0_2_2_1.html"},{"name":"都市生活","url":"0_3_2_1.html"},{"name":"歷史軍事","url":"0_4_2_1.html"},{"name":"遊戲競技","url":"0_5_2_1.html"},{"name":"科幻未來","url":"0_6_2_1.html"},{"name":"恐怖懸疑","url":"0_7_2_1.html"},{"name":"二次元","url":"0_8_2_1.html"},{"name":"經典網文","url":"0_9_2_1.html"}]},{"name":"女生","url":"https://www.jashuwu.com/shuku/","more":true,"subs":[{"name":"古代言情","url":"0_10_2_1.html"},{"name":"現代言情","url":"0_11_2_1.html"},{"name":"幻想奇緣","url":"0_12_2_1.html"},{"name":"青春校園","url":"0_13_2_1.html"},{"name":"網絡情緣","url":"0_14_2_1.html"},{"name":"科幻空間","url":"0_15_2_1.html"},{"name":"鬼怪靈異","url":"0_16_2_1.html"},{"name":"N次元","url":"0_17_2_1.html"},{"name":"言情美文","url":"0_18_2_1.html"}]},{"name":"全部","url":"https://www.jashuwu.com/shuku/0_0_2_1.html"}]},{"name":"男生","url":"https://www.jashuwu.com/shuku/","more":true,"subs":[{"name":"玄幻奇幻","url":"0_1_0_1.html"},{"name":"武俠仙俠","url":"0_2_0_1.html"},{"name":"都市生活","url":"0_3_0_1.html"},{"name":"歷史軍事","url":"0_4_0_1.html"},{"name":"遊戲競技","url":"0_5_0_1.html"},{"name":"科幻未來","url":"0_6_0_1.html"},{"name":"恐怖懸疑","url":"0_7_0_1.html"},{"name":"二次元","url":"0_8_0_1.html"},{"name":"經典網文","url":"0_9_0_1.html"}]},{"name":"女生","url":"https://www.jashuwu.com/shuku/","more":true,"subs":[{"name":"古代言情","url":"0_10_0_1.html"},{"name":"現代言情","url":"0_11_0_1.html"},{"name":"幻想奇緣","url":"0_12_0_1.html"},{"name":"青春校園","url":"0_13_0_1.html"},{"name":"網絡情緣","url":"0_14_0_1.html"},{"name":"科幻空間","url":"0_15_0_1.html"},{"name":"鬼怪靈異","url":"0_16_0_1.html"},{"name":"N次元","url":"0_17_0_1.html"},{"name":"言情美文","url":"0_18_0_1.html"}]},{"name":"全部","url":"https://www.jashuwu.com/shuku/0_0_0_1.html"}]
