[{"name":"書庫更新","url":"https://www.jsls1.com/xiaoshuodaquan"},{"name":"玄幻小說","url":"https://www.jsls1.com/xuanhuan/"},{"name":"修真小說","url":"https://www.jsls1.com/xiuzhen/"},{"name":"都市小說","url":"https://www.jsls1.com/dushi/"},{"name":"歷史小說","url":"https://www.jsls1.com/lishi/"},{"name":"網遊小說","url":"https://www.jsls1.com/wangyou/"},{"name":"科幻小說","url":"https://www.jsls1.com/kehuan/"},{"name":"女頻小說","url":"https://www.jsls1.com/nvpin/"}]
