[{"name":"最近更新","url":"https://www.juhezw.com/index.html"},{"name":"玄幻","url":"https://www.juhezw.com/sort/x.html"},{"name":"武俠","url":"https://www.juhezw.com/sort/w.html"},{"name":"都市","url":"https://www.juhezw.com/sort/d.html"},{"name":"歷史","url":"https://www.juhezw.com/sort/l.html"},{"name":"懸疑","url":"https://www.juhezw.com/sort/k.html"},{"name":"遊戲","url":"https://www.juhezw.com/sort/y.html"},{"name":"科幻","url":"https://www.juhezw.com/sort/j.html"},{"name":"女生","url":"https://www.juhezw.com/sort/n.html"},{"name":"其他","url":"https://www.juhezw.com/sort/o.html"}]
