[{"name":"完本","url":"https://www.kanmaoxian.com/shuku/","more":true,"subs":[{"name":"全部","url":"quanbu_lastupdate_0_0_0_0_2_0_1.html"},{"name":"玄幻魔法","url":"xuanhuan_lastupdate_0_0_0_0_2_0_1.html"},{"name":"武俠修真","url":"wuxia_lastupdate_0_0_0_0_2_0_1.html"},{"name":"穿越重生","url":"chuanyue_lastupdate_0_0_0_0_2_0_1.html"},{"name":"都市言情","url":"dushi_lastupdate_0_0_0_0_2_0_1.html"},{"name":"歷史軍事","url":"lishi_lastupdate_0_0_0_0_2_0_1.html"},{"name":"科幻未來","url":"kehuan_lastupdate_0_0_0_0_2_0_1.html"},{"name":"網遊動漫","url":"wangyou_lastupdate_0_0_0_0_2_0_1.html"},{"name":"耽美同人","url":"danmei_lastupdate_0_0_0_0_2_0_1.html"},{"name":"偵探推理","url":"xuanyi_lastupdate_0_0_0_0_2_0_1.html"},{"name":"驚悚恐怖","url":"lingyi_lastupdate_0_0_0_0_2_0_1.html"},{"name":"其他小說","url":"qita_lastupdate_0_0_0_0_2_0_1.html"}]},{"name":"全部","url":"https://www.kanmaoxian.com/shuku/quanbu_lastupdate_0_0_0_0_0_0_1.html"},{"name":"玄幻魔法","url":"https://www.kanmaoxian.com/shuku/xuanhuan_lastupdate_0_0_0_0_0_0_1.html"},{"name":"武俠修真","url":"https://www.kanmaoxian.com/shuku/wuxia_lastupdate_0_0_0_0_0_0_1.html"},{"name":"穿越重生","url":"https://www.kanmaoxian.com/shuku/chuanyue_lastupdate_0_0_0_0_0_0_1.html"},{"name":"都市言情","url":"https://www.kanmaoxian.com/shuku/dushi_lastupdate_0_0_0_0_0_0_1.html"},{"name":"歷史軍事","url":"https://www.kanmaoxian.com/shuku/lishi_lastupdate_0_0_0_0_0_0_1.html"},{"name":"科幻未來","url":"https://www.kanmaoxian.com/shuku/kehuan_lastupdate_0_0_0_0_0_0_1.html"},{"name":"網遊動漫","url":"https://www.kanmaoxian.com/shuku/wangyou_lastupdate_0_0_0_0_0_0_1.html"},{"name":"耽美同人","url":"https://www.kanmaoxian.com/shuku/danmei_lastupdate_0_0_0_0_0_0_1.html"},{"name":"偵探推理","url":"https://www.kanmaoxian.com/shuku/xuanyi_lastupdate_0_0_0_0_0_0_1.html"},{"name":"驚悚恐怖","url":"https://www.kanmaoxian.com/shuku/lingyi_lastupdate_0_0_0_0_0_0_1.html"},{"name":"其他小說","url":"https://www.kanmaoxian.com/shuku/qita_lastupdate_0_0_0_0_0_0_1.html"}]
