[{"name":"排行榜","url":"https://www.kayege.net/top/","more":true,"subs":[{"name":"總推薦榜","url":"allvote_1.html"},{"name":"月推薦榜","url":"monthvote_1.html"},{"name":"周推薦榜","url":"monthvote_1.html"},{"name":"最新入庫","url":"postdate_1.html"},{"name":"總收藏榜","url":"goodnum_1.html"},{"name":"字數排行","url":"size_1.html"}]},{"name":"完本小說","url":"https://www.kayege.net/fulltxt.html"},{"name":"最近更新","url":"https://www.kayege.net/top/lastupdate_1.html"},{"name":"玄幻奇幻","url":"https://www.kayege.net/list1_1.html"},{"name":"武俠仙俠","url":"https://www.kayege.net/list2_1.html"},{"name":"都市言情","url":"https://www.kayege.net/list3_1.html"},{"name":"青春校園","url":"https://www.kayege.net/list4_1.html"},{"name":"軍事歷史","url":"https://www.kayege.net/list5_1.html"},{"name":"科幻網遊","url":"https://www.kayege.net/list6_1.html"},{"name":"恐怖靈異","url":"https://www.kayege.net/list7_1.html"},{"name":"同人小說","url":"https://www.kayege.net/list8_1.html"}]
