[{"name":"完本小說","url":"https://www.kayege.info/quanben/sort/"},{"name":"玄幻小說","url":"https://www.kayege.info/sort/1/1/"},{"name":"武俠小說","url":"https://www.kayege.info/sort/2/1/"},{"name":"都市小說","url":"https://www.kayege.info/sort/3/1/"},{"name":"歷史小說","url":"https://www.kayege.info/sort/4/1/"},{"name":"科幻小說","url":"https://www.kayege.info/sort/5/1/"},{"name":"遊戲小說","url":"https://www.kayege.info/sort/6/1/"},{"name":"女生小說","url":"https://www.kayege.info/sort/7/1/"},{"name":"其他小說","url":"https://www.kayege.info/sort/8/1/"},{"name":"書庫榜單","url":"https://www.kayege.info/sort/"}]
