[{"name":"玄幻小說","url":"https://www.kygnew.com/xuanhuan_1.html"},{"name":"武俠修真","url":"https://www.kygnew.com/xiuzhen_1.html"},{"name":"都市言情","url":"https://www.kygnew.com/dushi_1.html"},{"name":"歷史軍事","url":"https://www.kygnew.com/lishi_1.html"},{"name":"網遊競技","url":"https://www.kygnew.com/wangyou_1.html"},{"name":"科幻小說","url":"https://www.kygnew.com/kehuan_1.html"},{"name":"恐怖靈異","url":"https://www.kygnew.com/kongbu_1.html"},{"name":"其他小說","url":"https://www.kygnew.com/qita_1.html"},{"name":"完結小說","url":"https://www.kygnew.com/wanben_1.html"}]
