[{"name":"玄幻奇幻","url":"https://www.kygnew.com/xuanhuan/"},{"name":"武俠修真","url":"https://www.kygnew.com/wuxia/"},{"name":"都市言情","url":"https://www.kygnew.com/yanqing/"},{"name":"歷史軍事","url":"https://www.kygnew.com/lishi/"},{"name":"偵探推理","url":"https://www.kygnew.com/zhentan/"},{"name":"網遊競技","url":"https://www.kygnew.com/wangyou/"},{"name":"科幻小說","url":"https://www.kygnew.com/kehuan/"},{"name":"恐怖靈異","url":"https://www.kygnew.com/kongbu/"},{"name":"完本小說","url":"https://www.kygnew.com/quanben/"}]
