[{"name":"完結小說","url":"https://www.laoqu123.net/wanben/1.html"},{"name":"玄幻魔法","url":"https://www.laoqu123.net/list1/1.html"},{"name":"武俠修真","url":"https://www.laoqu123.net/list2/1.html"},{"name":"都市言情","url":"https://www.laoqu123.net/list3/1.html"},{"name":"歷史軍事","url":"https://www.laoqu123.net/list4/1.html"},{"name":"網遊動漫","url":"https://www.laoqu123.net/list5/1.html"},{"name":"恐怖靈異","url":"https://www.laoqu123.net/list6/1.html"},{"name":"科幻小說","url":"https://www.laoqu123.net/list7/1.html"},{"name":"美文同人","url":"https://www.laoqu123.net/list8/1.html"}]
