[{"name":"傳送門","url":"","more":true,"catId":"1x","subs":[{"name":"幻想世界","url":"https://masiro.moe/forum.php?mod=forumdisplay&fid=36","catId":"1x36"},{"name":"都市現代","url":"https://masiro.moe/forum.php?mod=forumdisplay&fid=316","catId":"1x316"},{"name":"迷宮地城","url":"https://masiro.moe/forum.php?mod=forumdisplay&fid=321","catId":"1x321"},{"name":"人外樂園","url":"https://masiro.moe/forum.php?mod=forumdisplay&fid=317","catId":"1x317"},{"name":"短篇小說集","url":"https://masiro.moe/forum.php?mod=forumdisplay&fid=69","catId":"1x69"}]},{"name":"少女沙龍","url":"","more":true,"catId":"2x","subs":[{"name":"少女","url":"https://masiro.moe/forum.php?mod=forumdisplay&fid=162","catId":"2x162"},{"name":"百合","url":"https://masiro.moe/forum.php?mod=forumdisplay&fid=324","catId":"2x324"},{"name":"TS","url":"https://masiro.moe/forum.php?mod=forumdisplay&fid=164","catId":"2x164"},{"name":"偽娘","url":"https://masiro.moe/forum.php?mod=forumdisplay&fid=165","catId":"2x165"}]}]
