[{"name":"排行","url":"https://www.mbtxt.la/","more":true,"subs":[{"name":"總點擊榜","url":"allvisit.html"},{"name":"月點擊榜","url":"monthvisit.html"},{"name":"周點擊榜","url":"weekvisit.html"},{"name":"總推薦榜","url":"allvote.html"},{"name":"月推薦榜","url":"monthvote.html"},{"name":"收藏排行","url":"goodnum.html"},{"name":"新書上架","url":"postdate.html"},{"name":"字數排行","url":"size.html"}]},{"name":"全本","url":"https://www.mbtxt.la/wanben/"},{"name":"最近更新","url":"https://www.mbtxt.la/lastupdate.html"},{"name":"玄幻小說","url":"https://www.mbtxt.la/xuanhuan.html"},{"name":"仙俠小說","url":"https://www.mbtxt.la/xianxia.html"},{"name":"都市小說","url":"https://www.mbtxt.la/dushi.html"},{"name":"軍史小說","url":"https://www.mbtxt.la/junshi.html"},{"name":"網遊小說","url":"https://www.mbtxt.la/wangyou.html"},{"name":"科幻小說","url":"https://www.mbtxt.la/kehuan.html"},{"name":"靈異小說","url":"https://www.mbtxt.la/lingyi.html"},{"name":"言情小說","url":"https://www.mbtxt.la/yanqing.html"},{"name":"其他小說","url":"https://www.mbtxt.la/qita.html"}]
