[{"name":"排行","url":"http://www.mshu8.com/modules/article/toplist.php?sort=","more":true,"subs":[{"name":"總排行榜","url":"allvisit"},{"name":"月排行榜","url":"monthvisit"},{"name":"周排行榜","url":"weekvisit"},{"name":"總推薦榜","url":"allvote"},{"name":"月推薦榜","url":"monthvote"},{"name":"周推薦榜","url":"weekvote"},{"name":"總收藏榜","url":"goodnum"},{"name":"最新入庫","url":"postdate"},{"name":"原創更新","url":"authorupdate"},{"name":"轉載更新","url":"masterupdate"},{"name":"字數排行","url":"size"}]},{"name":"全本","url":"http://www.mshu8.com/quanben/"},{"name":"最近更新","url":"http://www.mshu8.com/modules/article/toplist.php?sort=lastupdate"},{"name":"玄幻","url":"http://www.mshu8.com/xuanhuan/"},{"name":"仙俠","url":"http://www.mshu8.com/xianxia/"},{"name":"都市","url":"http://www.mshu8.com/dushi/"},{"name":"歷史","url":"http://www.mshu8.com/lishi/"},{"name":"網遊","url":"http://www.mshu8.com/wangyou/"},{"name":"科幻","url":"http://www.mshu8.com/kehuan/"},{"name":"靈異","url":"http://www.mshu8.com/lingyi/"}]
