[{"name":"全本小說","url":"https://www.mxdzw.com/list/%E5%85%A8%E6%9C%AC.html"},{"name":"奇幻","url":"https://www.mxdzw.com/channel/%E5%A5%87%E5%B9%BB.html"},{"name":"玄幻","url":"https://www.mxdzw.com/channel/%E7%8E%84%E5%B9%BB.html"},{"name":"都市","url":"https://www.mxdzw.com/channel/%E9%83%BD%E5%B8%82.html"},{"name":"言情","url":"https://www.mxdzw.com/channel/%E8%A8%80%E6%83%85.html"},{"name":"仙俠","url":"https://www.mxdzw.com/channel/%E4%BB%99%E4%BE%A0.html"},{"name":"武俠","url":"https://www.mxdzw.com/channel/%E6%AD%A6%E4%BE%A0.html"},{"name":"歷史","url":"https://www.mxdzw.com/channel/%E5%8E%86%E5%8F%B2.html"},{"name":"軍事","url":"https://www.mxdzw.com/channel/%E5%86%9B%E4%BA%8B.html"},{"name":"遊戲","url":"https://www.mxdzw.com/channel/%E6%B8%B8%E6%88%8F.html"},{"name":"競技","url":"https://www.mxdzw.com/channel/%E7%AB%9E%E6%8A%80.html"},{"name":"科幻","url":"https://www.mxdzw.com/channel/%E7%A7%91%E5%B9%BB.html"},{"name":"靈異","url":"https://www.mxdzw.com/channel/%E7%81%B5%E5%BC%82.html"}]
