[{"name":"最近更新","url":"https://www.piaotianzw.com/top/lastupdate/1.html"},{"name":"玄幻魔法","url":"https://www.piaotianzw.com/xuanhuan/"},{"name":"言情小說","url":"https://www.piaotianzw.com/yanqing/"},{"name":"仙俠修真","url":"https://www.piaotianzw.com/xianxia/"},{"name":"都市小說","url":"https://www.piaotianzw.com/dushi/"},{"name":"歷史小說","url":"https://www.piaotianzw.com/lishi/"},{"name":"網遊小說","url":"https://www.piaotianzw.com/wangyou/"},{"name":"競技小說","url":"https://www.piaotianzw.com/jingji/"},{"name":"科幻小說","url":"https://www.piaotianzw.com/kehuan/"}]
