[{"name":"排行","url":"https://www.pilibook.com/top/","more":true,"subs":[{"name":"總點擊榜","url":"allvisit_1/"},{"name":"月點擊榜","url":"monthvisit_1/"},{"name":"周點擊榜","url":"weekvisit_1/"},{"name":"日點擊榜","url":"dayvisit_1/"},{"name":"總收藏榜","url":"goodnum_1/"},{"name":"字數排行","url":"size_1/"},{"name":"最新入庫","url":"postdate_1/"}]},{"name":"完本","url":"https://www.pilibook.com/full/1/"},{"name":"最近更新","url":"https://www.pilibook.com/top/lastupdate_1/"},{"name":"男頻小說","url":"https://www.pilibook.com/sort/1_1/"},{"name":"女頻小說","url":"https://www.pilibook.com/sort/2_1/"},{"name":"中國文學","url":"https://www.pilibook.com/sort/3_1/"},{"name":"外國文學","url":"https://www.pilibook.com/sort/4_1/"},{"name":"輕小說","url":"https://www.pilibook.com/sort/5_1/"},{"name":"百合小說","url":"https://www.pilibook.com/sort/6_1/"},{"name":"耽美小說","url":"https://www.pilibook.com/sort/7_1/"},{"name":"女尊小說","url":"https://www.pilibook.com/sort/8_1/"}]
