[{"name":"玄幻","url":"https://www.ptwxz.net/sort/1/1/"},{"name":"武俠","url":"https://www.ptwxz.net/sort/2/1/"},{"name":"都市","url":"https://www.ptwxz.net/sort/3/1/"},{"name":"歷史","url":"https://www.ptwxz.net/sort/4/1/"},{"name":"軍事","url":"https://www.ptwxz.net/sort/5/1/"},{"name":"遊戲","url":"https://www.ptwxz.net/sort/6/1/"},{"name":"科幻","url":"https://www.ptwxz.net/sort/7/1/"},{"name":"恐怖","url":"https://www.ptwxz.net/sort/8/1/"},{"name":"女生","url":"https://www.ptwxz.net/sort/9/1/"},{"name":"同人","url":"https://www.ptwxz.net/sort/10/1/"},{"name":"其他","url":"https://www.ptwxz.net/sort/1/1/"}]
