[{"name":"完本","url":"https://www.qidian.com/mm/all/","more":true,"subs":[{"name":"全部","url":"action1-orderId5/"},{"name":"古代言情","url":"chanId80-action1-orderId5/"},{"name":"仙俠奇緣","url":"chanId81-action1-orderId5/"},{"name":"現代言情","url":"chanId82-action1-orderId5/"},{"name":"浪漫青春","url":"chanId83-action1-orderId5/"},{"name":"玄幻言情","url":"chanId84-action1-orderId5/"},{"name":"懸疑推理","url":"chanId85-action1-orderId5/"},{"name":"短篇","url":"chanId30083-action1-orderId5/"},{"name":"科幻空間","url":"chanId86-action1-orderId5/"},{"name":"遊戲競技","url":"chanId88-action1-orderId5/"},{"name":"輕小說","url":"chanId87-action1-orderId5/"},{"name":"現實生活","url":"chanId30120-action1-orderId5/"}]},{"name":"完本 (不包含 VIP 作品)","url":"https://www.qidian.com/mm/all/","more":true,"subs":[{"name":"全部","url":"action1-vip0-orderId5/"},{"name":"古代言情","url":"chanId80-action1-vip0-orderId5/"},{"name":"仙俠奇緣","url":"chanId81-action1-vip0-orderId5/"},{"name":"現代言情","url":"chanId82-action1-vip0-orderId5/"},{"name":"浪漫青春","url":"chanId83-action1-vip0-orderId5/"},{"name":"玄幻言情","url":"chanId84-action1-vip0-orderId5/"},{"name":"懸疑推理","url":"chanId85-action1-vip0-orderId5/"},{"name":"短篇","url":"chanId30083-action1-vip0-orderId5/"},{"name":"科幻空間","url":"chanId86-action1-vip0-orderId5/"},{"name":"遊戲競技","url":"chanId88-action1-vip0-orderId5/"},{"name":"輕小說","url":"chanId87-action1-vip0-orderId5/"},{"name":"現實生活","url":"chanId30120-action1-vip0-orderId5/"}]},{"name":"排行榜","url":"","more":true,"subs":[{"name":"人氣排序","url":"https://www.qidian.com/mm/all/","more":true,"subs":[{"name":"全部","url":""},{"name":"古代言情","url":"chanId80/"},{"name":"仙俠奇緣","url":"chanId81/"},{"name":"現代言情","url":"chanId82/"},{"name":"浪漫青春","url":"chanId83/"},{"name":"玄幻言情","url":"chanId84/"},{"name":"懸疑推理","url":"chanId85/"},{"name":"短篇","url":"chanId30083/"},{"name":"科幻空間","url":"chanId86/"},{"name":"遊戲競技","url":"chanId88/"},{"name":"輕小說","url":"chanId87/"},{"name":"現實生活","url":"chanId30120/"}]},{"name":"總收藏","url":"https://www.qidian.com/mm/all/","more":true,"subs":[{"name":"全部","url":"orderId11/"},{"name":"古代言情","url":"chanId80-orderId11/"},{"name":"仙俠奇緣","url":"chanId81-orderId11/"},{"name":"現代言情","url":"chanId82-orderId11/"},{"name":"浪漫青春","url":"chanId83-orderId11/"},{"name":"玄幻言情","url":"chanId84-orderId11/"},{"name":"懸疑推理","url":"chanId85-orderId11/"},{"name":"短篇","url":"chanId30083-orderId11/"},{"name":"科幻空間","url":"chanId86-orderId11/"},{"name":"遊戲競技","url":"chanId88-orderId11/"},{"name":"輕小說","url":"chanId87-orderId11/"},{"name":"現實生活","url":"chanId30120-orderId11/"}]},{"name":"總字數","url":"https://www.qidian.com/mm/all/","more":true,"subs":[{"name":"全部","url":"orderId3/"},{"name":"古代言情","url":"chanId80-orderId3/"},{"name":"仙俠奇緣","url":"chanId81-orderId3/"},{"name":"現代言情","url":"chanId82-orderId3/"},{"name":"浪漫青春","url":"chanId83-orderId3/"},{"name":"玄幻言情","url":"chanId84-orderId3/"},{"name":"懸疑推理","url":"chanId85-orderId3/"},{"name":"短篇","url":"chanId30083-orderId3/"},{"name":"科幻空間","url":"chanId86-orderId3/"},{"name":"遊戲競技","url":"chanId88-orderId3/"},{"name":"輕小說","url":"chanId87-orderId3/"},{"name":"現實生活","url":"chanId30120-orderId3/"}]},{"name":"周推薦票","url":"https://www.qidian.com/mm/all/","more":true,"subs":[{"name":"全部","url":"orderId9/"},{"name":"古代言情","url":"chanId80-orderId9/"},{"name":"仙俠奇緣","url":"chanId81-orderId9/"},{"name":"現代言情","url":"chanId82-orderId9/"},{"name":"浪漫青春","url":"chanId83-orderId9/"},{"name":"玄幻言情","url":"chanId84-orderId9/"},{"name":"懸疑推理","url":"chanId85-orderId9/"},{"name":"短篇","url":"chanId30083-orderId9/"},{"name":"科幻空間","url":"chanId86-orderId9/"},{"name":"遊戲競技","url":"chanId88-orderId9/"},{"name":"輕小說","url":"chanId87-orderId9/"},{"name":"現實生活","url":"chanId30120-orderId9/"}]},{"name":"月推薦票","url":"https://www.qidian.com/mm/all/","more":true,"subs":[{"name":"全部","url":"orderId10/"},{"name":"古代言情","url":"chanId80-orderId10/"},{"name":"仙俠奇緣","url":"chanId81-orderId10/"},{"name":"現代言情","url":"chanId82-orderId10/"},{"name":"浪漫青春","url":"chanId83-orderId10/"},{"name":"玄幻言情","url":"chanId84-orderId10/"},{"name":"懸疑推理","url":"chanId85-orderId10/"},{"name":"短篇","url":"chanId30083-orderId10/"},{"name":"科幻空間","url":"chanId86-orderId10/"},{"name":"遊戲競技","url":"chanId88-orderId10/"},{"name":"輕小說","url":"chanId87-orderId10/"},{"name":"現實生活","url":"chanId30120-orderId10/"}]},{"name":"總推薦票","url":"https://www.qidian.com/mm/all/","more":true,"subs":[{"name":"全部","url":"orderId2/"},{"name":"古代言情","url":"chanId80-orderId2/"},{"name":"仙俠奇緣","url":"chanId81-orderId2/"},{"name":"現代言情","url":"chanId82-orderId2/"},{"name":"浪漫青春","url":"chanId83-orderId2/"},{"name":"玄幻言情","url":"chanId84-orderId2/"},{"name":"懸疑推理","url":"chanId85-orderId2/"},{"name":"短篇","url":"chanId30083-orderId2/"},{"name":"科幻空間","url":"chanId86-orderId2/"},{"name":"遊戲競技","url":"chanId88-orderId2/"},{"name":"輕小說","url":"chanId87-orderId2/"},{"name":"現實生活","url":"chanId30120-orderId2/"}]}]},{"name":"排行榜 (不包含 VIP 作品)","url":"","more":true,"subs":[{"name":"人氣排序","url":"https://www.qidian.com/mm/all/","more":true,"subs":[{"name":"全部","url":"vip0/"},{"name":"古代言情","url":"chanId80-vip0/"},{"name":"仙俠奇緣","url":"chanId81-vip0/"},{"name":"現代言情","url":"chanId82-vip0/"},{"name":"浪漫青春","url":"chanId83-vip0/"},{"name":"玄幻言情","url":"chanId84-vip0/"},{"name":"懸疑推理","url":"chanId85-vip0/"},{"name":"短篇","url":"chanId30083-vip0/"},{"name":"科幻空間","url":"chanId86-vip0/"},{"name":"遊戲競技","url":"chanId88-vip0/"},{"name":"輕小說","url":"chanId87-vip0/"},{"name":"現實生活","url":"chanId30120-vip0/"}]},{"name":"總收藏","url":"https://www.qidian.com/mm/all/","more":true,"subs":[{"name":"全部","url":"vip0-orderId11/"},{"name":"古代言情","url":"chanId80-vip0-orderId11/"},{"name":"仙俠奇緣","url":"chanId81-vip0-orderId11/"},{"name":"現代言情","url":"chanId82-vip0-orderId11/"},{"name":"浪漫青春","url":"chanId83-vip0-orderId11/"},{"name":"玄幻言情","url":"chanId84-vip0-orderId11/"},{"name":"懸疑推理","url":"chanId85-vip0-orderId11/"},{"name":"短篇","url":"chanId30083-vip0-orderId11/"},{"name":"科幻空間","url":"chanId86-vip0-orderId11/"},{"name":"遊戲競技","url":"chanId88-vip0-orderId11/"},{"name":"輕小說","url":"chanId87-vip0-orderId11/"},{"name":"現實生活","url":"chanId30120-vip0-orderId11/"}]},{"name":"總字數","url":"https://www.qidian.com/mm/all/","more":true,"subs":[{"name":"全部","url":"vip0-orderId3/"},{"name":"古代言情","url":"chanId80-vip0-orderId3/"},{"name":"仙俠奇緣","url":"chanId81-vip0-orderId3/"},{"name":"現代言情","url":"chanId82-vip0-orderId3/"},{"name":"浪漫青春","url":"chanId83-vip0-orderId3/"},{"name":"玄幻言情","url":"chanId84-vip0-orderId3/"},{"name":"懸疑推理","url":"chanId85-vip0-orderId3/"},{"name":"短篇","url":"chanId30083-vip0-orderId3/"},{"name":"科幻空間","url":"chanId86-vip0-orderId3/"},{"name":"遊戲競技","url":"chanId88-vip0-orderId3/"},{"name":"輕小說","url":"chanId87-vip0-orderId3/"},{"name":"現實生活","url":"chanId30120-vip0-orderId3/"}]},{"name":"周推薦票","url":"https://www.qidian.com/mm/all/","more":true,"subs":[{"name":"全部","url":"vip0-orderId9/"},{"name":"古代言情","url":"chanId80-vip0-orderId9/"},{"name":"仙俠奇緣","url":"chanId81-vip0-orderId9/"},{"name":"現代言情","url":"chanId82-vip0-orderId9/"},{"name":"浪漫青春","url":"chanId83-vip0-orderId9/"},{"name":"玄幻言情","url":"chanId84-vip0-orderId9/"},{"name":"懸疑推理","url":"chanId85-vip0-orderId9/"},{"name":"短篇","url":"chanId30083-vip0-orderId9/"},{"name":"科幻空間","url":"chanId86-vip0-orderId9/"},{"name":"遊戲競技","url":"chanId88-vip0-orderId9/"},{"name":"輕小說","url":"chanId87-vip0-orderId9/"},{"name":"現實生活","url":"chanId30120-vip0-orderId9/"}]},{"name":"月推薦票","url":"https://www.qidian.com/mm/all/","more":true,"subs":[{"name":"全部","url":"vip0-orderId10/"},{"name":"古代言情","url":"chanId80-vip0-orderId10/"},{"name":"仙俠奇緣","url":"chanId81-vip0-orderId10/"},{"name":"現代言情","url":"chanId82-vip0-orderId10/"},{"name":"浪漫青春","url":"chanId83-vip0-orderId10/"},{"name":"玄幻言情","url":"chanId84-vip0-orderId10/"},{"name":"懸疑推理","url":"chanId85-vip0-orderId10/"},{"name":"短篇","url":"chanId30083-vip0-orderId10/"},{"name":"科幻空間","url":"chanId86-vip0-orderId10/"},{"name":"遊戲競技","url":"chanId88-vip0-orderId10/"},{"name":"輕小說","url":"chanId87-vip0-orderId10/"},{"name":"現實生活","url":"chanId30120-vip0-orderId10/"}]},{"name":"總推薦票","url":"https://www.qidian.com/mm/all/","more":true,"subs":[{"name":"全部","url":"vip0-orderId2/"},{"name":"古代言情","url":"chanId80-vip0-orderId2/"},{"name":"仙俠奇緣","url":"chanId81-vip0-orderId2/"},{"name":"現代言情","url":"chanId82-vip0-orderId2/"},{"name":"浪漫青春","url":"chanId83-vip0-orderId2/"},{"name":"玄幻言情","url":"chanId84-vip0-orderId2/"},{"name":"懸疑推理","url":"chanId85-vip0-orderId2/"},{"name":"短篇","url":"chanId30083-vip0-orderId2/"},{"name":"科幻空間","url":"chanId86-vip0-orderId2/"},{"name":"遊戲競技","url":"chanId88-vip0-orderId2/"},{"name":"輕小說","url":"chanId87-vip0-orderId2/"},{"name":"現實生活","url":"chanId30120-vip0-orderId2/"}]}]},{"name":"全部","url":"https://www.qidian.com/mm/all/orderId5/"},{"name":"古代言情","url":"https://www.qidian.com/mm/all/chanId80-orderId5/"},{"name":"仙俠奇緣","url":"https://www.qidian.com/mm/all/chanId81-orderId5/"},{"name":"現代言情","url":"https://www.qidian.com/mm/all/chanId82-orderId5/"},{"name":"浪漫青春","url":"https://www.qidian.com/mm/all/chanId83-orderId5/"},{"name":"玄幻言情","url":"https://www.qidian.com/mm/all/chanId84-orderId5/"},{"name":"懸疑推理","url":"https://www.qidian.com/mm/all/chanId85-orderId5/"},{"name":"短篇","url":"https://www.qidian.com/mm/all/chanId30083-orderId5/"},{"name":"科幻空間","url":"https://www.qidian.com/mm/all/chanId86-orderId5/"},{"name":"遊戲競技","url":"https://www.qidian.com/mm/all/chanId88-orderId5/"},{"name":"輕小說","url":"https://www.qidian.com/mm/all/chanId87-orderId5/"},{"name":"現實生活","url":"https://www.qidian.com/mm/all/chanId30120-orderId5/"}]
