[{"name":"完本","url":"https://www.qidian.com/all/","more":true,"subs":[{"name":"全部","url":"action1-orderId5/"},{"name":"玄幻","url":"chanId21-action1-orderId5/"},{"name":"奇幻","url":"chanId1-action1-orderId5/"},{"name":"武俠","url":"chanId2-action1-orderId5/"},{"name":"仙俠","url":"chanId22-action1-orderId5/"},{"name":"都市","url":"chanId4-action1-orderId5/"},{"name":"現實","url":"chanId15-action1-orderId5/"},{"name":"軍事","url":"chanId6-action1-orderId5/"},{"name":"歷史","url":"chanId5-action1-orderId5/"},{"name":"遊戲","url":"chanId7-action1-orderId5/"},{"name":"體育","url":"chanId8-action1-orderId5/"},{"name":"科幻","url":"chanId9-action1-orderId5/"},{"name":"諸天無限","url":"chanId20109-action1-orderId5/"},{"name":"靈異","url":"chanId10-action1-orderId5/"},{"name":"輕小說","url":"chanId12-action1-orderId5/"},{"name":"短篇","url":"chanId20076-action1-orderId5/"}]},{"name":"完本 (不包含 VIP 作品)","url":"https://www.qidian.com/all/","more":true,"subs":[{"name":"全部","url":"action1-vip0-orderId5/"},{"name":"玄幻","url":"chanId21-action1-vip0-orderId5/"},{"name":"奇幻","url":"chanId1-action1-vip0-orderId5/"},{"name":"武俠","url":"chanId2-action1-vip0-orderId5/"},{"name":"仙俠","url":"chanId22-action1-vip0-orderId5/"},{"name":"都市","url":"chanId4-action1-vip0-orderId5/"},{"name":"現實","url":"chanId15-action1-vip0-orderId5/"},{"name":"軍事","url":"chanId6-action1-vip0-orderId5/"},{"name":"歷史","url":"chanId5-action1-vip0-orderId5/"},{"name":"遊戲","url":"chanId7-action1-vip0-orderId5/"},{"name":"體育","url":"chanId8-action1-vip0-orderId5/"},{"name":"科幻","url":"chanId9-action1-vip0-orderId5/"},{"name":"諸天無限","url":"chanId20109-action1-vip0-orderId5/"},{"name":"靈異","url":"chanId10-action1-vip0-orderId5/"},{"name":"輕小說","url":"chanId12-action1-vip0-orderId5/"},{"name":"短篇","url":"chanId20076-action1-vip0-orderId5/"}]},{"name":"排行榜","url":"","more":true,"subs":[{"name":"人氣排序","url":"https://www.qidian.com/all/","more":true,"subs":[{"name":"全部","url":""},{"name":"玄幻","url":"chanId21/"},{"name":"奇幻","url":"chanId1/"},{"name":"武俠","url":"chanId2/"},{"name":"仙俠","url":"chanId22/"},{"name":"都市","url":"chanId4/"},{"name":"現實","url":"chanId15/"},{"name":"軍事","url":"chanId6/"},{"name":"歷史","url":"chanId5/"},{"name":"遊戲","url":"chanId7/"},{"name":"體育","url":"chanId8/"},{"name":"科幻","url":"chanId9/"},{"name":"諸天無限","url":"chanId20109/"},{"name":"靈異","url":"chanId10/"},{"name":"輕小說","url":"chanId12/"},{"name":"短篇","url":"chanId20076/"}]},{"name":"總收藏","url":"https://www.qidian.com/all/","more":true,"subs":[{"name":"全部","url":"orderId11/"},{"name":"玄幻","url":"chanId21-orderId11/"},{"name":"奇幻","url":"chanId1-orderId11/"},{"name":"武俠","url":"chanId2-orderId11/"},{"name":"仙俠","url":"chanId22-orderId11/"},{"name":"都市","url":"chanId4-orderId11/"},{"name":"現實","url":"chanId15-orderId11/"},{"name":"軍事","url":"chanId6-orderId11/"},{"name":"歷史","url":"chanId5-orderId11/"},{"name":"遊戲","url":"chanId7-orderId11/"},{"name":"體育","url":"chanId8-orderId11/"},{"name":"科幻","url":"chanId9-orderId11/"},{"name":"諸天無限","url":"chanId20109-orderId11/"},{"name":"靈異","url":"chanId10-orderId11/"},{"name":"輕小說","url":"chanId12-orderId11/"},{"name":"短篇","url":"chanId20076-orderId11/"}]},{"name":"總字數","url":"https://www.qidian.com/all/","more":true,"subs":[{"name":"全部","url":"orderId3/"},{"name":"玄幻","url":"chanId21-orderId3/"},{"name":"奇幻","url":"chanId1-orderId3/"},{"name":"武俠","url":"chanId2-orderId3/"},{"name":"仙俠","url":"chanId22-orderId3/"},{"name":"都市","url":"chanId4-orderId3/"},{"name":"現實","url":"chanId15-orderId3/"},{"name":"軍事","url":"chanId6-orderId3/"},{"name":"歷史","url":"chanId5-orderId3/"},{"name":"遊戲","url":"chanId7-orderId3/"},{"name":"體育","url":"chanId8-orderId3/"},{"name":"科幻","url":"chanId9-orderId3/"},{"name":"諸天無限","url":"chanId20109-orderId3/"},{"name":"靈異","url":"chanId10-orderId3/"},{"name":"輕小說","url":"chanId12-orderId3/"},{"name":"短篇","url":"chanId20076-orderId3/"}]},{"name":"周推薦票","url":"https://www.qidian.com/all/","more":true,"subs":[{"name":"全部","url":"orderId9/"},{"name":"玄幻","url":"chanId21-orderId9/"},{"name":"奇幻","url":"chanId1-orderId9/"},{"name":"武俠","url":"chanId2-orderId9/"},{"name":"仙俠","url":"chanId22-orderId9/"},{"name":"都市","url":"chanId4-orderId9/"},{"name":"現實","url":"chanId15-orderId9/"},{"name":"軍事","url":"chanId6-orderId9/"},{"name":"歷史","url":"chanId5-orderId9/"},{"name":"遊戲","url":"chanId7-orderId9/"},{"name":"體育","url":"chanId8-orderId9/"},{"name":"科幻","url":"chanId9-orderId9/"},{"name":"諸天無限","url":"chanId20109-orderId9/"},{"name":"靈異","url":"chanId10-orderId9/"},{"name":"輕小說","url":"chanId12-orderId9/"},{"name":"短篇","url":"chanId20076-orderId9/"}]},{"name":"月推薦票","url":"https://www.qidian.com/all/","more":true,"subs":[{"name":"全部","url":"orderId10/"},{"name":"玄幻","url":"chanId21-orderId10/"},{"name":"奇幻","url":"chanId1-orderId10/"},{"name":"武俠","url":"chanId2-orderId10/"},{"name":"仙俠","url":"chanId22-orderId10/"},{"name":"都市","url":"chanId4-orderId10/"},{"name":"現實","url":"chanId15-orderId10/"},{"name":"軍事","url":"chanId6-orderId10/"},{"name":"歷史","url":"chanId5-orderId10/"},{"name":"遊戲","url":"chanId7-orderId10/"},{"name":"體育","url":"chanId8-orderId10/"},{"name":"科幻","url":"chanId9-orderId10/"},{"name":"諸天無限","url":"chanId20109-orderId10/"},{"name":"靈異","url":"chanId10-orderId10/"},{"name":"輕小說","url":"chanId12-orderId10/"},{"name":"短篇","url":"chanId20076-orderId10/"}]},{"name":"總推薦票","url":"https://www.qidian.com/all/","more":true,"subs":[{"name":"全部","url":"orderId2/"},{"name":"玄幻","url":"chanId21-orderId2/"},{"name":"奇幻","url":"chanId1-orderId2/"},{"name":"武俠","url":"chanId2-orderId2/"},{"name":"仙俠","url":"chanId22-orderId2/"},{"name":"都市","url":"chanId4-orderId2/"},{"name":"現實","url":"chanId15-orderId2/"},{"name":"軍事","url":"chanId6-orderId2/"},{"name":"歷史","url":"chanId5-orderId2/"},{"name":"遊戲","url":"chanId7-orderId2/"},{"name":"體育","url":"chanId8-orderId2/"},{"name":"科幻","url":"chanId9-orderId2/"},{"name":"諸天無限","url":"chanId20109-orderId2/"},{"name":"靈異","url":"chanId10-orderId2/"},{"name":"輕小說","url":"chanId12-orderId2/"},{"name":"短篇","url":"chanId20076-orderId2/"}]}]},{"name":"排行榜 (不包含 VIP 作品)","url":"","more":true,"subs":[{"name":"人氣排序","url":"https://www.qidian.com/all/","more":true,"subs":[{"name":"全部","url":"vip0/"},{"name":"玄幻","url":"chanId21-vip0/"},{"name":"奇幻","url":"chanId1-vip0/"},{"name":"武俠","url":"chanId2-vip0/"},{"name":"仙俠","url":"chanId22-vip0/"},{"name":"都市","url":"chanId4-vip0/"},{"name":"現實","url":"chanId15-vip0/"},{"name":"軍事","url":"chanId6-vip0/"},{"name":"歷史","url":"chanId5-vip0/"},{"name":"遊戲","url":"chanId7-vip0/"},{"name":"體育","url":"chanId8-vip0/"},{"name":"科幻","url":"chanId9-vip0/"},{"name":"諸天無限","url":"chanId20109-vip0/"},{"name":"靈異","url":"chanId10-vip0/"},{"name":"輕小說","url":"chanId12-vip0/"},{"name":"短篇","url":"chanId20076-vip0/"}]},{"name":"總收藏","url":"https://www.qidian.com/all/","more":true,"subs":[{"name":"全部","url":"vip0-orderId11/"},{"name":"玄幻","url":"chanId21-vip0-orderId11/"},{"name":"奇幻","url":"chanId1-vip0-orderId11/"},{"name":"武俠","url":"chanId2-vip0-orderId11/"},{"name":"仙俠","url":"chanId22-vip0-orderId11/"},{"name":"都市","url":"chanId4-vip0-orderId11/"},{"name":"現實","url":"chanId15-vip0-orderId11/"},{"name":"軍事","url":"chanId6-vip0-orderId11/"},{"name":"歷史","url":"chanId5-vip0-orderId11/"},{"name":"遊戲","url":"chanId7-vip0-orderId11/"},{"name":"體育","url":"chanId8-vip0-orderId11/"},{"name":"科幻","url":"chanId9-vip0-orderId11/"},{"name":"諸天無限","url":"chanId20109-vip0-orderId11/"},{"name":"靈異","url":"chanId10-vip0-orderId11/"},{"name":"輕小說","url":"chanId12-vip0-orderId11/"},{"name":"短篇","url":"chanId20076-vip0-orderId11/"}]},{"name":"總字數","url":"https://www.qidian.com/all/","more":true,"subs":[{"name":"全部","url":"vip0-orderId3/"},{"name":"玄幻","url":"chanId21-vip0-orderId3/"},{"name":"奇幻","url":"chanId1-vip0-orderId3/"},{"name":"武俠","url":"chanId2-vip0-orderId3/"},{"name":"仙俠","url":"chanId22-vip0-orderId3/"},{"name":"都市","url":"chanId4-vip0-orderId3/"},{"name":"現實","url":"chanId15-vip0-orderId3/"},{"name":"軍事","url":"chanId6-vip0-orderId3/"},{"name":"歷史","url":"chanId5-vip0-orderId3/"},{"name":"遊戲","url":"chanId7-vip0-orderId3/"},{"name":"體育","url":"chanId8-vip0-orderId3/"},{"name":"科幻","url":"chanId9-vip0-orderId3/"},{"name":"諸天無限","url":"chanId20109-vip0-orderId3/"},{"name":"靈異","url":"chanId10-vip0-orderId3/"},{"name":"輕小說","url":"chanId12-vip0-orderId3/"},{"name":"短篇","url":"chanId20076-vip0-orderId3/"}]},{"name":"周推薦票","url":"https://www.qidian.com/all/","more":true,"subs":[{"name":"全部","url":"vip0-orderId9/"},{"name":"玄幻","url":"chanId21-vip0-orderId9/"},{"name":"奇幻","url":"chanId1-vip0-orderId9/"},{"name":"武俠","url":"chanId2-vip0-orderId9/"},{"name":"仙俠","url":"chanId22-vip0-orderId9/"},{"name":"都市","url":"chanId4-vip0-orderId9/"},{"name":"現實","url":"chanId15-vip0-orderId9/"},{"name":"軍事","url":"chanId6-vip0-orderId9/"},{"name":"歷史","url":"chanId5-vip0-orderId9/"},{"name":"遊戲","url":"chanId7-vip0-orderId9/"},{"name":"體育","url":"chanId8-vip0-orderId9/"},{"name":"科幻","url":"chanId9-vip0-orderId9/"},{"name":"諸天無限","url":"chanId20109-vip0-orderId9/"},{"name":"靈異","url":"chanId10-vip0-orderId9/"},{"name":"輕小說","url":"chanId12-vip0-orderId9/"},{"name":"短篇","url":"chanId20076-vip0-orderId9/"}]},{"name":"月推薦票","url":"https://www.qidian.com/all/","more":true,"subs":[{"name":"全部","url":"vip0-orderId10/"},{"name":"玄幻","url":"chanId21-vip0-orderId10/"},{"name":"奇幻","url":"chanId1-vip0-orderId10/"},{"name":"武俠","url":"chanId2-vip0-orderId10/"},{"name":"仙俠","url":"chanId22-vip0-orderId10/"},{"name":"都市","url":"chanId4-vip0-orderId10/"},{"name":"現實","url":"chanId15-vip0-orderId10/"},{"name":"軍事","url":"chanId6-vip0-orderId10/"},{"name":"歷史","url":"chanId5-vip0-orderId10/"},{"name":"遊戲","url":"chanId7-vip0-orderId10/"},{"name":"體育","url":"chanId8-vip0-orderId10/"},{"name":"科幻","url":"chanId9-vip0-orderId10/"},{"name":"諸天無限","url":"chanId20109-vip0-orderId10/"},{"name":"靈異","url":"chanId10-vip0-orderId10/"},{"name":"輕小說","url":"chanId12-vip0-orderId10/"},{"name":"短篇","url":"chanId20076-vip0-orderId10/"}]},{"name":"總推薦票","url":"https://www.qidian.com/all/","more":true,"subs":[{"name":"全部","url":"vip0-orderId2/"},{"name":"玄幻","url":"chanId21-vip0-orderId2/"},{"name":"奇幻","url":"chanId1-vip0-orderId2/"},{"name":"武俠","url":"chanId2-vip0-orderId2/"},{"name":"仙俠","url":"chanId22-vip0-orderId2/"},{"name":"都市","url":"chanId4-vip0-orderId2/"},{"name":"現實","url":"chanId15-vip0-orderId2/"},{"name":"軍事","url":"chanId6-vip0-orderId2/"},{"name":"歷史","url":"chanId5-vip0-orderId2/"},{"name":"遊戲","url":"chanId7-vip0-orderId2/"},{"name":"體育","url":"chanId8-vip0-orderId2/"},{"name":"科幻","url":"chanId9-vip0-orderId2/"},{"name":"諸天無限","url":"chanId20109-vip0-orderId2/"},{"name":"靈異","url":"chanId10-vip0-orderId2/"},{"name":"輕小說","url":"chanId12-vip0-orderId2/"},{"name":"短篇","url":"chanId20076-vip0-orderId2/"}]}]},{"name":"全部","url":"https://www.qidian.com/all/orderId5/"},{"name":"玄幻","url":"https://www.qidian.com/all/chanId21-orderId5/"},{"name":"奇幻","url":"https://www.qidian.com/all/chanId1-orderId5/"},{"name":"武俠","url":"https://www.qidian.com/all/chanId2-orderId5/"},{"name":"仙俠","url":"https://www.qidian.com/all/chanId22-orderId5/"},{"name":"都市","url":"https://www.qidian.com/all/chanId4-orderId5/"},{"name":"現實","url":"https://www.qidian.com/all/chanId15-orderId5/"},{"name":"軍事","url":"https://www.qidian.com/all/chanId6-orderId5/"},{"name":"歷史","url":"https://www.qidian.com/all/chanId5-orderId5/"},{"name":"遊戲","url":"https://www.qidian.com/all/chanId7-orderId5/"},{"name":"體育","url":"https://www.qidian.com/all/chanId8-orderId5/"},{"name":"科幻","url":"https://www.qidian.com/all/chanId9-orderId5/"},{"name":"諸天無限","url":"https://www.qidian.com/all/chanId20109-orderId5/"},{"name":"靈異","url":"https://www.qidian.com/all/chanId10-orderId5/"},{"name":"輕小說","url":"https://www.qidian.com/all/chanId12-orderId5/"},{"name":"短篇","url":"https://www.qidian.com/all/chanId20076-orderId5/"}]
