[{"name":"最近更新","url":"https://www.qinqinxsw.com/top/lastupdate_1.html"},{"name":"玄幻魔法","url":"https://www.qinqinxsw.com/list1_1.html"},{"name":"武俠仙俠","url":"https://www.qinqinxsw.com/list2_1.html"},{"name":"都市言情","url":"https://www.qinqinxsw.com/list3_1.html"},{"name":"歷史軍事","url":"https://www.qinqinxsw.com/list4_1.html"},{"name":"網遊競技","url":"https://www.qinqinxsw.com/list5_1.html"},{"name":"恐怖靈異","url":"https://www.qinqinxsw.com/list6_1.html"},{"name":"科幻小說","url":"https://www.qinqinxsw.com/list7_1.html"},{"name":"其他類型","url":"https://www.qinqinxsw.com/list8_1.html"}]
