[{"name":"排行","url":"https://m.qiushubang.com/top/","more":true,"subs":[{"name":"日點擊榜","url":"dayvisit_1/"},{"name":"周點擊榜","url":"weekvisit_1/"},{"name":"月點擊榜","url":"monthvisit_1/"},{"name":"總點擊榜","url":"allvisit_1/"},{"name":"總收藏榜","url":"goodnum_1/"},{"name":"字數排行","url":"size_1/"},{"name":"日推薦榜","url":"dayvote_1/"},{"name":"周推薦榜","url":"weekvote_1/"},{"name":"月推薦榜","url":"monthvote_1/"},{"name":"總推薦榜","url":"allvote_1/"},{"name":"最新入庫","url":"postdate_1/"}]},{"name":"全本","url":"https://m.qiushubang.com/full/1/"},{"name":"最近更新","url":"https://m.qiushubang.com/top/lastupdate_1/"},{"name":"玄幻小說","url":"https://m.qiushubang.com/sort/1_1/"},{"name":"奇幻小說","url":"https://m.qiushubang.com/sort/2_1/"},{"name":"武俠小說","url":"https://m.qiushubang.com/sort/3_1/"},{"name":"仙俠小說","url":"https://m.qiushubang.com/sort/4_1/"},{"name":"都市小說","url":"https://m.qiushubang.com/sort/5_1/"},{"name":"職場小說","url":"https://m.qiushubang.com/sort/6_1/"},{"name":"軍事小說","url":"https://m.qiushubang.com/sort/7_1/"},{"name":"歷史小說","url":"https://m.qiushubang.com/sort/8_1/"},{"name":"網遊小說","url":"https://m.qiushubang.com/sort/9_1/"},{"name":"競技小說","url":"https://m.qiushubang.com/sort/10_1/"},{"name":"科幻小說","url":"https://m.qiushubang.com/sort/11_1/"},{"name":"靈異小說","url":"https://m.qiushubang.com/sort/12_1/"},{"name":"同人小說","url":"https://m.qiushubang.com/sort/13_1/"},{"name":"二次元","url":"https://m.qiushubang.com/sort/22_1/"},{"name":"其他小說","url":"https://m.qiushubang.com/sort/23_1/"},{"name":"古代言情","url":"https://m.qiushubang.com/sort/14_1/"},{"name":"仙俠奇緣","url":"https://m.qiushubang.com/sort/15_1/"},{"name":"現代言情","url":"https://m.qiushubang.com/sort/16_1/"},{"name":"浪漫青春","url":"https://m.qiushubang.com/sort/17_1/"},{"name":"玄幻言情","url":"https://m.qiushubang.com/sort/18_1/"},{"name":"懸疑靈異","url":"https://m.qiushubang.com/sort/19_1/"},{"name":"科幻空間","url":"https://m.qiushubang.com/sort/20_1/"},{"name":"遊戲競技","url":"https://m.qiushubang.com/sort/21_1/"}]
