[{"name":"更新","url":"https://www.qiuxiaoshuo.org/zuixingengxin/"},{"name":"玄幻","url":"https://www.qiuxiaoshuo.org/xuanhuanxiaoshuo/"},{"name":"奇幻","url":"https://www.qiuxiaoshuo.org/qihuanxiaoshuo/"},{"name":"修真","url":"https://www.qiuxiaoshuo.org/xiuzhenxiaoshuo/"},{"name":"都市","url":"https://www.qiuxiaoshuo.org/dushixiaoshuo/"},{"name":"言情","url":"https://www.qiuxiaoshuo.org/yanqingxiaoshuo/"},{"name":"歷史","url":"https://www.qiuxiaoshuo.org/lishixiaoshuo/"},{"name":"耽美","url":"https://www.qiuxiaoshuo.org/danmeixiaoshuo/"},{"name":"武俠","url":"https://www.qiuxiaoshuo.org/wuxiaxiaoshuo/"},{"name":"科幻","url":"https://www.qiuxiaoshuo.org/kehuanxiaoshuo/"},{"name":"遊戲","url":"https://www.qiuxiaoshuo.org/youxixiaoshuo/"},{"name":"軍事","url":"https://www.qiuxiaoshuo.org/junshixiaoshuo/"},{"name":"競技","url":"https://www.qiuxiaoshuo.org/jingjixiaoshuo/"},{"name":"靈異","url":"https://www.qiuxiaoshuo.org/lingyixiaoshuo/"},{"name":"商戰","url":"https://www.qiuxiaoshuo.org/shangzhanxiaoshuo/"},{"name":"校園","url":"https://www.qiuxiaoshuo.org/xiaoyuanxiaoshuo/"},{"name":"官場","url":"https://www.qiuxiaoshuo.org/guanchangxiaoshuo/"},{"name":"職場","url":"https://www.qiuxiaoshuo.org/zhichangxiaoshuo/"},{"name":"其他","url":"https://www.qiuxiaoshuo.org/qitaxiaoshuo/"}]
