[{"name":"更新","url":"http://m.81ht.com/zuixingengxin/"},{"name":"玄幻","url":"http://m.81ht.com/xuanhuanxiaoshuo/"},{"name":"奇幻","url":"http://m.81ht.com/qihuanxiaoshuo/"},{"name":"修真","url":"http://m.81ht.com/xiuzhenxiaoshuo/"},{"name":"都市","url":"http://m.81ht.com/dushixiaoshuo/"},{"name":"言情","url":"http://m.81ht.com/yanqingxiaoshuo/"},{"name":"歷史","url":"http://m.81ht.com/lishixiaoshuo/"},{"name":"耽美","url":"http://m.81ht.com/danmeixiaoshuo/"},{"name":"武俠","url":"http://m.81ht.com/wuxiaxiaoshuo/"},{"name":"科幻","url":"http://m.81ht.com/kehuanxiaoshuo/"},{"name":"遊戲","url":"http://m.81ht.com/youxixiaoshuo/"},{"name":"軍事","url":"http://m.81ht.com/junshixiaoshuo/"},{"name":"競技","url":"http://m.81ht.com/jingjixiaoshuo/"},{"name":"靈異","url":"http://m.81ht.com/lingyixiaoshuo/"},{"name":"商戰","url":"http://m.81ht.com/shangzhanxiaoshuo/"},{"name":"校園","url":"http://m.81ht.com/xiaoyuanxiaoshuo/"},{"name":"官場","url":"http://m.81ht.com/guanchangxiaoshuo/"},{"name":"職場","url":"http://m.81ht.com/zhichangxiaoshuo/"},{"name":"其他","url":"http://m.81ht.com/qitaxiaoshuo/"}]
