[{"name":"全本小說","url":"https://www.ranwen.la/quanben/"},{"name":"最近更新","url":"https://www.ranwen.la/"},{"name":"玄幻小說","url":"https://www.ranwen.la/xuanhuan/"},{"name":"修真小說","url":"https://www.ranwen.la/xiuzhen/"},{"name":"都市小說","url":"https://www.ranwen.la/dushi/"},{"name":"歷史小說","url":"https://www.ranwen.la/lishi/"},{"name":"網遊小說","url":"https://www.ranwen.la/wangyou/"},{"name":"科幻小說","url":"https://www.ranwen.la/kehuan/"},{"name":"言情小說","url":"https://www.ranwen.la/yanqing/"},{"name":"其他小說","url":"https://www.ranwen.la/qita/"}]
