[{"name":"全本小說","url":"https://m.ranwen.la/quanben/"},{"name":"玄幻小說","url":"https://m.ranwen.la/xuanhuan/"},{"name":"修真小說","url":"https://m.ranwen.la/xiuzhen/"},{"name":"都市小說","url":"https://m.ranwen.la/dushi/"},{"name":"歷史小說","url":"https://m.ranwen.la/lishi/"},{"name":"網遊小說","url":"https://m.ranwen.la/wangyou/"},{"name":"科幻小說","url":"https://m.ranwen.la/kehuan/"},{"name":"言情小說","url":"https://m.ranwen.la/yanqing/"},{"name":"同人次元","url":"https://m.ranwen.la/ciyuan/"}]
