[{"name":"排行榜","url":"https://www.ruochenwx.com/top/","more":true,"subs":[{"name":"總排行榜","url":"allvisit/"},{"name":"月排行榜","url":"monthvisit/"},{"name":"周排行榜","url":"weekvisit/"},{"name":"總推薦榜","url":"allvote/"},{"name":"月推薦榜","url":"monthvote/"},{"name":"周推薦榜","url":"weekvote/"},{"name":"最新入庫","url":"postdate/"},{"name":"最近更新","url":"lastupdate/"},{"name":"總收藏榜","url":"goodnum/"},{"name":"字數排行","url":"size/"},{"name":"本站推薦","url":"toptime/"}]},{"name":"完本小說","url":"https://www.ruochenwx.com/wanben/"},{"name":"最近更新","url":"https://www.ruochenwx.com/top/lastupdate/"},{"name":"玄幻魔法","url":"https://www.ruochenwx.com/list/1.html"},{"name":"仙俠修真","url":"https://www.ruochenwx.com/list/2.html"},{"name":"都市言情","url":"https://www.ruochenwx.com/list/3.html"},{"name":"歷史軍事","url":"https://www.ruochenwx.com/list/4.html"},{"name":"網遊動漫","url":"https://www.ruochenwx.com/list/5.html"},{"name":"女頻科幻","url":"https://www.ruochenwx.com/list/6.html"}]
