[{"name":"完本","url":"","more":true,"subs":[{"name":"男生","url":"https://www.sdthjkr.com/lists/serialize/1/id/","more":true,"subs":[{"name":"全部","url":"4/order/update_time+desc.html"},{"name":"奇幻玄幻","url":"18/order/update_time+desc.html"},{"name":"武俠仙俠","url":"19/order/update_time+desc.html"},{"name":"歷史軍事","url":"20/order/update_time+desc.html"},{"name":"都市娛樂","url":"21/order/update_time+desc.html"},{"name":"科幻末日","url":"22/order/update_time+desc.html"},{"name":"懸疑靈異","url":"23/order/update_time+desc.html"},{"name":"遊戲競技","url":"34/order/update_time+desc.html"},{"name":"其他","url":"35/order/update_time+desc.html"}]},{"name":"女生","url":"https://www.sdthjkr.com/lists/order/update_time%2Bdesc/serialize/1/id/","more":true,"subs":[{"name":"全部","url":"8/order/update_time+desc.html"},{"name":"古裝言情","url":"25/order/update_time+desc.html"},{"name":"都市言情","url":"26/order/update_time+desc.html"},{"name":"浪漫青春","url":"27/order/update_time+desc.html"},{"name":"幻想言情","url":"28/order/update_time+desc.html"},{"name":"科幻空間","url":"37/order/update_time+desc.html"},{"name":"靈異懸疑","url":"38/order/update_time+desc.html"},{"name":"同人衍生","url":"39/order/update_time+desc.html"},{"name":"耽美百合","url":"40/order/update_time+desc.html"}]}]},{"name":"男生","url":"https://www.sdthjkr.com/lists/id/","more":true,"subs":[{"name":"全部","url":"4/order/update_time+desc.html"},{"name":"奇幻玄幻","url":"18/order/update_time+desc.html"},{"name":"武俠仙俠","url":"19/order/update_time+desc.html"},{"name":"歷史軍事","url":"20/order/update_time+desc.html"},{"name":"都市娛樂","url":"21/order/update_time+desc.html"},{"name":"科幻末日","url":"22/order/update_time+desc.html"},{"name":"懸疑靈異","url":"23/order/update_time+desc.html"},{"name":"遊戲競技","url":"34/order/update_time+desc.html"},{"name":"其他","url":"35/order/update_time+desc.html"}]},{"name":"女生","url":"https://www.sdthjkr.com/lists/id/","more":true,"subs":[{"name":"全部","url":"8/order/update_time+desc.html"},{"name":"古裝言情","url":"25/order/update_time+desc.html"},{"name":"都市言情","url":"26/order/update_time+desc.html"},{"name":"浪漫青春","url":"27/order/update_time+desc.html"},{"name":"幻想言情","url":"28/order/update_time+desc.html"},{"name":"科幻空間","url":"37/order/update_time+desc.html"},{"name":"靈異懸疑","url":"38/order/update_time+desc.html"},{"name":"同人衍生","url":"39/order/update_time+desc.html"},{"name":"耽美百合","url":"40/order/update_time+desc.html"}]}]
