[{"name":"排行榜","url":"http://www.shu05.com/book/","more":true,"subs":[{"name":"總排行榜","url":"allvisit-1.html"},{"name":"周排行榜","url":"weekvisit-1.html"},{"name":"月排行榜","url":"monthvisit-1.html"},{"name":"總推薦榜","url":"allvote-1.html"},{"name":"周推薦榜","url":"weekvote-1.html"},{"name":"月推薦榜","url":"monthvote-1.html"},{"name":"最新入庫","url":"postdate-1.html"}]},{"name":"更新","url":"http://www.shu05.com/book/lastupdate-1.html"},{"name":"玄幻","url":"http://www.shu05.com/list/1-1.html"},{"name":"仙俠","url":"http://www.shu05.com/list/2-1.html"},{"name":"言情","url":"http://www.shu05.com/list/3-1.html"},{"name":"歷史","url":"http://www.shu05.com/list/4-1.html"},{"name":"網遊","url":"http://www.shu05.com/list/5-1.html"},{"name":"科幻","url":"http://www.shu05.com/list/6-1.html"},{"name":"驚悚","url":"http://www.shu05.com/list/7-1.html"},{"name":"綜合","url":"http://www.shu05.com/list/8-1.html"}]
