[{"name":"全本小說","url":"http://www.shu111.com/articlelist/fullflag/"},{"name":"最新更新","url":"http://www.shu111.com/articlelist/lastupdate/"},{"name":"玄幻魔法","url":"http://www.shu111.com/articlelist/1/1/"},{"name":"武俠修真","url":"http://www.shu111.com/articlelist/2/1/"},{"name":"都市言情","url":"http://www.shu111.com/articlelist/3/1/"},{"name":"歷史軍事","url":"http://www.shu111.com/articlelist/4/1/"},{"name":"網遊競技","url":"http://www.shu111.com/articlelist/6/1/"},{"name":"科幻小說","url":"http://www.shu111.com/articlelist/7/1/"}]
