[{"name":"玄幻言情","url":"https://www.shubaow.net/xuanhuanxiaoshuo/"},{"name":"仙俠言情","url":"https://www.shubaow.net/xiuzhenxiaoshuo/"},{"name":"現代情感","url":"https://www.shubaow.net/dushixiaoshuo/"},{"name":"古裝迷情","url":"https://www.shubaow.net/chuanyuexiaoshuo/"},{"name":"網遊科幻","url":"https://www.shubaow.net/wangyouxiaoshuo/"},{"name":"穿越重生","url":"https://www.shubaow.net/chongsheng/"},{"name":"其他言情","url":"https://www.shubaow.net/yanqing/"},{"name":"耽美同人","url":"https://www.shubaow.net/danmei/"}]
