[{"name":"已完結","url":"https://www.shuchong.info/store/","more":true,"subs":[{"name":"全部","url":"c11/z3/t0/x0/p0/y1/n0/s0.html"},{"name":"二次元","url":"c20/z3/t0/x0/p0/y1/n0/s0.html"},{"name":"玄幻奇幻","url":"c1/z3/t0/x0/p0/y1/n0/s0.html"},{"name":"武俠仙俠","url":"c2/z3/t0/x0/p0/y1/n0/s0.html"},{"name":"都市青春","url":"c3/z3/t0/x0/p0/y1/n0/s0.html"},{"name":"歷史軍事","url":"c4/z3/t0/x0/p0/y1/n0/s0.html"},{"name":"科幻靈異","url":"c5/z3/t0/x0/p0/y1/n0/s0.html"},{"name":"遊戲競技","url":"c6/z3/t0/x0/p0/y1/n0/s0.html"},{"name":"女生言情","url":"c9/z3/t0/x0/p0/y1/n0/s0.html"}]},{"name":"全部","url":"https://www.shuchong.info/store/c11/z1/t0/x0/p0/y1/n0/s0.html"},{"name":"二次元","url":"https://www.shuchong.info/store/c20/z1/t0/x0/p0/y1/n0/s0.html"},{"name":"玄幻奇幻","url":"https://www.shuchong.info/store/c1/z1/t0/x0/p0/y1/n0/s0.html"},{"name":"武俠仙俠","url":"https://www.shuchong.info/store/c2/z1/t0/x0/p0/y1/n0/s0.html"},{"name":"都市青春","url":"https://www.shuchong.info/store/c3/z1/t0/x0/p0/y1/n0/s0.html"},{"name":"歷史軍事","url":"https://www.shuchong.info/store/c4/z1/t0/x0/p0/y1/n0/s0.html"},{"name":"科幻靈異","url":"https://www.shuchong.info/store/c5/z1/t0/x0/p0/y1/n0/s0.html"},{"name":"遊戲競技","url":"https://www.shuchong.info/store/c6/z1/t0/x0/p0/y1/n0/s0.html"},{"name":"女生言情","url":"https://www.shuchong.info/store/c9/z1/t0/x0/p0/y1/n0/s0.html"}]
