[{"name":"最近更新","url":"http://www.shujw.com/book/lastupdate-1.html"},{"name":"玄幻","url":"http://www.shujw.com/list/1-1.html"},{"name":"仙俠","url":"http://www.shujw.com/list/2-1.html"},{"name":"言情","url":"http://www.shujw.com/list/3-1.html"},{"name":"歷史","url":"http://www.shujw.com/list/4-1.html"},{"name":"網遊","url":"http://www.shujw.com/list/5-1.html"},{"name":"科幻","url":"http://www.shujw.com/list/6-1.html"},{"name":"恐怖","url":"http://www.shujw.com/list/7-1.html"},{"name":"其他","url":"http://www.shujw.com/list/8-1.html"}]
