[{"name":"完結小說","url":"https://www.shuqulouu.com/quanben/sort/","more":true,"subs":[{"name":"全部","url":"1.html"},{"name":"玄幻魔法","url":"xuanhuan/1.html"},{"name":"武俠修真","url":"wuxia/1.html"},{"name":"都市言情","url":"dushi/1.html"},{"name":"歷史軍事","url":"lishi/1.html"},{"name":"科幻靈異","url":"kehuan/1.html"},{"name":"遊戲競技","url":"youxi/1.html"},{"name":"女生耽美","url":"nvsheng/1.html"},{"name":"其他類型","url":"qita/1.html"}]},{"name":"全部","url":"https://www.shuqulouu.com/sort/1.html"},{"name":"玄幻魔法","url":"https://www.shuqulouu.com/sort/xuanhuan/1.html"},{"name":"武俠修真","url":"https://www.shuqulouu.com/sort/wuxia/1.html"},{"name":"都市言情","url":"https://www.shuqulouu.com/sort/dushi/1.html"},{"name":"歷史軍事","url":"https://www.shuqulouu.com/sort/lishi/1.html"},{"name":"科幻靈異","url":"https://www.shuqulouu.com/sort/kehuan/1.html"},{"name":"遊戲競技","url":"https://www.shuqulouu.com/sort/youxi/1.html"},{"name":"女生耽美","url":"https://www.shuqulouu.com/sort/nvsheng/1.html"},{"name":"其他類型","url":"https://www.shuqulouu.com/sort/qita/1.html"}]
