[{"name":"全本小說","url":"https://www.shuyuewu.co/quanben.html"},{"name":"玄幻小說","url":"https://www.shuyuewu.co/xuanhuanxiaoshuo/"},{"name":"修真小說","url":"https://www.shuyuewu.co/xiuzhenxiaoshuo/"},{"name":"都市小說","url":"https://www.shuyuewu.co/dushixiaoshuo/"},{"name":"穿越小說","url":"https://www.shuyuewu.co/chuanyuexiaoshuo/"},{"name":"網遊小說","url":"https://www.shuyuewu.co/wangyouxiaoshuo/"},{"name":"科幻小說","url":"https://www.shuyuewu.co/kehuanxiaoshuo/"},{"name":"其他小說","url":"https://www.shuyuewu.co/qitaxiaoshuo/"}]
