[{"name":"全本小說","url":"https://www.sywu.cc/quanben.html"},{"name":"玄幻小說","url":"https://www.sywu.cc/xuanhuanxiaoshuo/"},{"name":"修真小說","url":"https://www.sywu.cc/xiuzhenxiaoshuo/"},{"name":"都市小說","url":"https://www.sywu.cc/dushixiaoshuo/"},{"name":"穿越小說","url":"https://www.sywu.cc/chuanyuexiaoshuo/"},{"name":"網遊小說","url":"https://www.sywu.cc/wangyouxiaoshuo/"},{"name":"科幻小說","url":"https://www.sywu.cc/kehuanxiaoshuo/"},{"name":"其他小說","url":"https://www.sywu.cc/qitaxiaoshuo/"}]
