[{"name":"排行榜","url":"https://www.sto123.cc/paihang/","more":true,"subs":[{"name":"總排行榜","url":"allvisit_1.html"},{"name":"月排行榜","url":"monthvisit_1.html"},{"name":"周排行榜","url":"weekvisit_1.html"},{"name":"日排行榜","url":"dayvisit_1.html"},{"name":"總推薦榜","url":"allvote_1.html"},{"name":"月推薦榜","url":"monthvote_1.html"},{"name":"周推薦榜","url":"weekvote_1.html"},{"name":"日推薦榜","url":"dayvote_1.html"},{"name":"收藏排行","url":"goodnum_1.html"},{"name":"字數排行","url":"size_1.html"},{"name":"最新入庫","url":"postdate_1.html"}]},{"name":"最近更新","url":"https://www.sto123.cc/paihang/lastupdate_1.html"},{"name":"玄幻","url":"https://www.sto123.cc/xuanhuan_1.html"},{"name":"仙俠","url":"https://www.sto123.cc/xianxia_1.html"},{"name":"都市","url":"https://www.sto123.cc/dushi_1.html"},{"name":"歷史","url":"https://www.sto123.cc/lishi_1.html"},{"name":"網遊","url":"https://www.sto123.cc/wangyou_1.html"},{"name":"科幻","url":"https://www.sto123.cc/kehuan_1.html"},{"name":"靈異","url":"https://www.sto123.cc/lingyi_1.html"},{"name":"其他","url":"https://www.sto123.cc/qita_1.html"}]
