[{"name":"最近更新","url":"https://www.sxyxht.com/xiaoshuodaquan"},{"name":"玄幻小說","url":"https://www.sxyxht.com/xuanhuan/"},{"name":"修真小說","url":"https://www.sxyxht.com/xiuzhen/"},{"name":"都市小說","url":"https://www.sxyxht.com/dushi/"},{"name":"歷史小說","url":"https://www.sxyxht.com/lishi/"},{"name":"網遊小說","url":"https://www.sxyxht.com/wangyou/"},{"name":"科幻小說","url":"https://www.sxyxht.com/kehuan/"},{"name":"女頻小說","url":"https://www.sxyxht.com/nvpin/"}]
