[{"name":"仙俠","url":"https://www.yeziwx.com/xianxia/"},{"name":"言情","url":"https://www.yeziwx.com/yanqing/"},{"name":"科幻","url":"https://www.yeziwx.com/kehuan/"},{"name":"武俠","url":"https://www.yeziwx.com/wuxia/"},{"name":"奇幻","url":"https://www.yeziwx.com/jihuan/"},{"name":"歷史","url":"https://www.yeziwx.com/lishi/"},{"name":"網遊","url":"https://www.yeziwx.com/wangyou/"},{"name":"玄幻","url":"https://www.yeziwx.com/xuanhuan/"},{"name":"穿越","url":"https://www.yeziwx.com/chuanyue/"},{"name":"校園","url":"https://www.yeziwx.com/jiaoyuan/"},{"name":"驚悚","url":"https://www.yeziwx.com/jingsong/"},{"name":"鄉村","url":"https://www.yeziwx.com/xiangcun/"},{"name":"都市","url":"https://www.yeziwx.com/doushi/"},{"name":"靈異","url":"https://www.yeziwx.com/lingyi/"}]
