[{"name":"排行榜","url":"https://www.twfanti.com/rank/","more":true,"subs":[{"name":"總點擊","url":"allvisit.html"},{"name":"月點擊","url":"monthvisit.html"},{"name":"周點擊","url":"weekvisit.html"},{"name":"日點擊","url":"dayvisit.html"},{"name":"推薦數","url":"vote.html"},{"name":"收藏數","url":"mark.html"},{"name":"下載數","url":"down.html"},{"name":"評論數","url":"comment.html"},{"name":"評分","url":"star_score.html"},{"name":"入庫時間","url":"postdate.html"}]},{"name":"完本","url":"https://www.twfanti.com/quanben.html"},{"name":"玄幻小說","url":"https://www.twfanti.com/category/xuanhuan.html"},{"name":"奇幻小說","url":"https://www.twfanti.com/category/qihuan.html"},{"name":"武俠小說","url":"https://www.twfanti.com/category/wuxia.html"},{"name":"仙俠小說","url":"https://www.twfanti.com/category/xianxia.html"},{"name":"都市小說","url":"https://www.twfanti.com/category/dushi.html"},{"name":"歷史小說","url":"https://www.twfanti.com/category/lishi.html"},{"name":"軍事小說","url":"https://www.twfanti.com/category/junshi.html"},{"name":"遊戲小說","url":"https://www.twfanti.com/category/youxi.html"},{"name":"競技小說","url":"https://www.twfanti.com/category/jingji.html"},{"name":"科幻小說","url":"https://www.twfanti.com/category/kehuan.html"},{"name":"靈異小說","url":"https://www.twfanti.com/category/lingyi.html"},{"name":"其他小說","url":"https://www.twfanti.com/category/qita.html"}]
