[{"name":"最近更新","url":"https://www.txt101.com/top/lastupdate_1.html"},{"name":"最新入庫","url":"https://www.txt101.com/top/postdate_1.html"},{"name":"古代言情","url":"https://www.txt101.com/class/1_1.html"},{"name":"現代言情","url":"https://www.txt101.com/class/2_1.html"},{"name":"純愛耽美","url":"https://www.txt101.com/class/3_1.html"},{"name":"仙俠玄幻","url":"https://www.txt101.com/class/4_1.html"},{"name":"科幻未來","url":"https://www.txt101.com/class/5_1.html"},{"name":"懸疑鬼怪","url":"https://www.txt101.com/class/6_1.html"},{"name":"遊戲人生","url":"https://www.txt101.com/class/7_1.html"},{"name":"百合GL","url":"https://www.txt101.com/class/8_1.html"},{"name":"其他類型","url":"https://www.txt101.com/class/56_1.html"}]
