[{"name":"排行榜","url":"https://www.txt101.com/top/","more":true,"subs":[{"name":"最新入庫","url":"postdate_1.html"},{"name":"日點擊榜","url":"dayvisit_1.html"},{"name":"周點擊榜","url":"weekvisit_1.html"},{"name":"月點擊榜","url":"monthvisit_1.html"},{"name":"總點擊榜","url":"allvisit_1.html"},{"name":"日推薦榜","url":"dayvote_1.html"},{"name":"周推薦榜","url":"weekvote_1.html"},{"name":"月推薦榜","url":"monthvote_1.html"},{"name":"總推薦榜","url":"allvote_1.html"},{"name":"字數排行","url":"size_1.html"},{"name":"總收藏榜","url":"goodnum_1.html"}]},{"name":"最近更新","url":"https://www.txt101.com/top/lastupdate_1.html"},{"name":"古代言情","url":"https://www.txt101.com/class/1_1.html"},{"name":"現代言情","url":"https://www.txt101.com/class/2_1.html"},{"name":"純愛耽美","url":"https://www.txt101.com/class/3_1.html"},{"name":"仙俠玄幻","url":"https://www.txt101.com/class/4_1.html"},{"name":"科幻未來","url":"https://www.txt101.com/class/5_1.html"},{"name":"懸疑鬼怪","url":"https://www.txt101.com/class/6_1.html"},{"name":"遊戲人生","url":"https://www.txt101.com/class/7_1.html"},{"name":"百合GL","url":"https://www.txt101.com/class/8_1.html"}]
