[{"name":"全本小說","url":"https://www.uuks.org/wanben/"},{"name":"玄幻小說","url":"https://www.uuks.org/list1/"},{"name":"仙俠修真","url":"https://www.uuks.org/list2/"},{"name":"都市現代","url":"https://www.uuks.org/list3/"},{"name":"軍史穿越","url":"https://www.uuks.org/list4/"},{"name":"網遊競技","url":"https://www.uuks.org/list5/"},{"name":"恐怖科幻","url":"https://www.uuks.org/list6/"},{"name":"同人次元","url":"https://www.uuks.org/list7/"},{"name":"綜合言情","url":"https://www.uuks.org/list8/"},{"name":"浪漫青春","url":"https://www.uuks.org/list9/"}]
