[{"name":"排行榜","url":"https://www.uwants.in/top/","more":true,"subs":[{"name":"最新入庫","url":"postdate_1.html"},{"name":"日點擊榜","url":"dayvisit_1.html"},{"name":"周點擊榜","url":"weekvisit_1.html"},{"name":"月點擊榜","url":"monthvisit_1.html"},{"name":"總點擊榜","url":"allvisit_1.html"},{"name":"日推薦榜","url":"dayvote_1.html"},{"name":"周推薦榜","url":"weekvote_1.html"},{"name":"月推薦榜","url":"monthvote_1.html"},{"name":"總推薦榜","url":"allvote_1.html"},{"name":"字數排行","url":"size_1.html"},{"name":"總收藏榜","url":"goodnum_1.html"}]},{"name":"小說更新","url":"https://www.uwants.in/top/lastupdate_1.html"},{"name":"玄幻魔法","url":"https://www.uwants.in/usort1/1.html"},{"name":"武俠修真","url":"https://www.uwants.in/usort2/1.html"},{"name":"現代都市","url":"https://www.uwants.in/usort3/1.html"},{"name":"言情小說","url":"https://www.uwants.in/usort4/1.html"},{"name":"歷史軍事","url":"https://www.uwants.in/usort5/1.html"},{"name":"游戲競技","url":"https://www.uwants.in/usort6/1.html"},{"name":"科幻靈異","url":"https://www.uwants.in/usort7/1.html"},{"name":"耽美小說","url":"https://www.uwants.in/usort8/1.html"},{"name":"同人小說","url":"https://www.uwants.in/usort9/1.html"},{"name":"綜合其他","url":"https://www.uwants.in/usort10/1.html"}]
