[{"name":"全本小說","url":"https://www.vodtw.la/Book/over.html"},{"name":"玄幻奇幻","url":"https://www.vodtw.la/Book/LC/5.html"},{"name":"武俠仙俠","url":"https://www.vodtw.la/Book/LC/3.html"},{"name":"都市小說","url":"https://www.vodtw.la/Book/LC/7.html"},{"name":"歷史軍事","url":"https://www.vodtw.la/Book/LC/16.html"},{"name":"遊戲競技","url":"https://www.vodtw.la/Book/LC/14.html"},{"name":"科幻靈異","url":"https://www.vodtw.la/Book/LC/1.html"},{"name":"同人小說","url":"https://www.vodtw.la/Book/LC/48.html"},{"name":"女頻言情","url":"https://www.vodtw.la/Book/LC/12.html"},{"name":"其它小說","url":"https://www.vodtw.la/Book/LC/18.html"}]
