[{"name":"書庫","url":"https://www.w23us.com/xiaoshuodaquan"},{"name":"玄幻小說","url":"https://www.w23us.com/xuanhuan/"},{"name":"修真小說","url":"https://www.w23us.com/xiuzhen/"},{"name":"都市小說","url":"https://www.w23us.com/dushi/"},{"name":"歷史小說","url":"https://www.w23us.com/lishi/"},{"name":"網遊小說","url":"https://www.w23us.com/wangyou/"},{"name":"科幻小說","url":"https://www.w23us.com/kehuan/"},{"name":"女頻小說","url":"https://www.w23us.com/nvpin/"}]
