[{"name":"完本","url":"http://www.wangzixs.com/quanben/sort/","more":true,"subs":[{"name":"玄幻魔法","url":"1/1/"},{"name":"武俠修真","url":"2/1/"},{"name":"都市言情","url":"3/1/"},{"name":"歷史軍事","url":"4/1/"},{"name":"科幻靈異","url":"5/1/"},{"name":"遊戲競技","url":"6/1/"},{"name":"女生耽美","url":"7/1/"},{"name":"其他類型","url":"8/1/"}]},{"name":"玄幻魔法","url":"http://www.wangzixs.com/sort/1/1/"},{"name":"武俠修真","url":"http://www.wangzixs.com/sort/2/1/"},{"name":"都市言情","url":"http://www.wangzixs.com/sort/3/1/"},{"name":"歷史軍事","url":"http://www.wangzixs.com/sort/4/1/"},{"name":"科幻靈異","url":"http://www.wangzixs.com/sort/5/1/"},{"name":"遊戲競技","url":"http://www.wangzixs.com/sort/6/1/"},{"name":"女生耽美","url":"http://www.wangzixs.com/sort/7/1/"},{"name":"其他類型","url":"http://www.wangzixs.com/sort/8/1/"}]
