[{"name":"豪門","url":"https://www.wfxs.tw/haomenzongcai/1/"},{"name":"靈異","url":"https://www.wfxs.tw/xuanyilingyi/1/"},{"name":"青春","url":"https://www.wfxs.tw/langmanqingchun/1/"},{"name":"玄幻","url":"https://www.wfxs.tw/xianxiaxuanhuan/1/"},{"name":"架空","url":"https://www.wfxs.tw/chuanyuejiakong/1/"},{"name":"異能","url":"https://www.wfxs.tw/dushiyineng/1/"},{"name":"都市","url":"https://www.wfxs.tw/dushiyanqing/1/"},{"name":"類型","url":"https://www.wfxs.tw/qita/1/"},{"name":"現代","url":"https://www.wfxs.tw/xianyan/1/"},{"name":"古代","url":"https://www.wfxs.tw/guyan/1/"}]
