[{"name":"長篇小說區","url":"","more":true,"subs":[{"name":"全本小說","url":"https://woodo.club/forum.php?mod=forumdisplay&fid=120","catId":"120","more":true,"subs":[]},{"name":"東方玄幻","url":"https://woodo.club/forum.php?mod=forumdisplay&fid=78","catId":"78","more":true,"subs":[]},{"name":"西方奇幻","url":"https://woodo.club/forum.php?mod=forumdisplay&fid=79","catId":"79","more":true,"subs":[]},{"name":"武俠仙神","url":"https://woodo.club/forum.php?mod=forumdisplay&fid=80","catId":"80","more":true,"subs":[]},{"name":"都市言情","url":"https://woodo.club/forum.php?mod=forumdisplay&fid=81","catId":"81","more":true,"subs":[]},{"name":"歷史軍事","url":"https://woodo.club/forum.php?mod=forumdisplay&fid=82","catId":"82","more":true,"subs":[]},{"name":"遊戲競技","url":"https://woodo.club/forum.php?mod=forumdisplay&fid=83","catId":"83","more":true,"subs":[]},{"name":"科幻靈異","url":"https://woodo.club/forum.php?mod=forumdisplay&fid=84","catId":"84","more":true,"subs":[]},{"name":"其它小說","url":"https://woodo.club/forum.php?mod=forumdisplay&fid=85","catId":"85","more":true,"subs":[]}]},{"name":"原創言情區","url":"","more":true,"subs":[{"name":"古代","url":"https://woodo.club/forum.php?mod=forumdisplay&fid=71","catId":"71","more":true,"subs":[]},{"name":"現代","url":"https://woodo.club/forum.php?mod=forumdisplay&fid=72","catId":"72","more":true,"subs":[]},{"name":"科幻網遊","url":"https://woodo.club/forum.php?mod=forumdisplay&fid=73","catId":"73","more":true,"subs":[]},{"name":"異世懸疑","url":"https://woodo.club/forum.php?mod=forumdisplay&fid=74","catId":"74","more":true,"subs":[]},{"name":"玄幻修真","url":"https://woodo.club/forum.php?mod=forumdisplay&fid=75","catId":"75","more":true,"subs":[]},{"name":"同人其它","url":"https://woodo.club/forum.php?mod=forumdisplay&fid=76","catId":"76","more":true,"subs":[]}]},{"name":"日系小說區","url":"","more":true,"subs":[{"name":"玄幻","url":"https://woodo.club/forum.php?mod=forumdisplay&fid=105","catId":"105","more":true,"subs":[]},{"name":"校園","url":"https://woodo.club/forum.php?mod=forumdisplay&fid=106","catId":"106","more":true,"subs":[]},{"name":"魔幻","url":"https://woodo.club/forum.php?mod=forumdisplay&fid=108","catId":"108","more":true,"subs":[]}]},{"name":"耽美小說區","url":"","more":true,"subs":[{"name":"綜合書庫區","url":"https://woodo.club/forum.php?mod=forumdisplay&fid=109","catId":"109","more":true,"subs":[]}]},{"name":"出版言情區","url":"","more":true,"subs":[{"name":"館藏區","url":"https://woodo.club/forum.php?mod=forumdisplay&fid=111","catId":"111","more":true,"subs":[]}]}]
