[{"name":"全本","url":"https://m.wucuoxs.com/quanben/"},{"name":"女生","url":"https://m.wucuoxs.com/fenlei1/"},{"name":"玄幻","url":"https://m.wucuoxs.com/fenlei2/"},{"name":"奇幻","url":"https://m.wucuoxs.com/fenlei3/"},{"name":"武俠","url":"https://m.wucuoxs.com/fenlei4/"},{"name":"仙俠","url":"https://m.wucuoxs.com/fenlei5/"},{"name":"都市","url":"https://m.wucuoxs.com/fenlei6/"},{"name":"歷史","url":"https://m.wucuoxs.com/fenlei7/"},{"name":"軍事","url":"https://m.wucuoxs.com/fenlei8/"},{"name":"遊戲","url":"https://m.wucuoxs.com/fenlei9/"},{"name":"科幻","url":"https://m.wucuoxs.com/fenlei10/"},{"name":"其他","url":"https://m.wucuoxs.com/fenlei11/"}]
