[{"name":"全本","url":"http://www.wutuxs.net/quanben/1"},{"name":"最近更新","url":"http://www.wutuxs.net/top/lastupdate_1.html"},{"name":"玄幻魔法","url":"http://www.wutuxs.net/list/1_1.html"},{"name":"武俠修真","url":"http://www.wutuxs.net/list/2_1.html"},{"name":"都市言情","url":"http://www.wutuxs.net/list/3_1.html"},{"name":"歷史軍事","url":"http://www.wutuxs.net/list/4_1.html"},{"name":"網遊動漫","url":"http://www.wutuxs.net/list/5_1.html"},{"name":"科幻小說","url":"http://www.wutuxs.net/list/6_1.html"},{"name":"恐怖靈異","url":"http://www.wutuxs.net/list/7_1.html"},{"name":"其他","url":"http://www.wutuxs.net/list/8_1.html"}]
