[{"name":"完本小說","url":"https://www.bqwxg8.com/quanben/"},{"name":"最近更新","url":"https://www.bqwxg8.com/"},{"name":"玄幻奇幻","url":"https://www.bqwxg8.com/sort/1/1.html"},{"name":"武俠仙俠","url":"https://www.bqwxg8.com/sort/2/1.html"},{"name":"都市言情","url":"https://www.bqwxg8.com/sort/3/1.html"},{"name":"歷史軍事","url":"https://www.bqwxg8.com/sort/4/1.html"},{"name":"科幻靈異","url":"https://www.bqwxg8.com/sort/5/1.html"},{"name":"網遊競技","url":"https://www.bqwxg8.com/sort/6/1.html"},{"name":"女頻頻道","url":"https://www.bqwxg8.com/sort/7/1.html"}]
