[{"name":"完本小說","url":"https://www.x81zw.co/quanben/"},{"name":"最近更新","url":"https://www.x81zw.co/"},{"name":"玄幻小說","url":"https://www.x81zw.co/sort1/"},{"name":"仙俠小說","url":"https://www.x81zw.co/sort3/"},{"name":"都市小說","url":"https://www.x81zw.co/sort4/"},{"name":"歷史小說","url":"https://www.x81zw.co/sort5/"},{"name":"網遊小說","url":"https://www.x81zw.co/sort6/"},{"name":"科幻小說","url":"https://www.x81zw.co/sort8/"},{"name":"言情小說","url":"https://www.x81zw.co/sort2/"}]
