[{"name":"玄幻奇幻","url":"https://www.biqufan.com/xclass/1/1.html"},{"name":"武俠仙俠","url":"https://www.biqufan.com/xclass/2/1.html"},{"name":"都市言情","url":"https://www.biqufan.com/xclass/3/1.html"},{"name":"歷史軍事","url":"https://www.biqufan.com/xclass/4/1.html"},{"name":"科幻靈異","url":"https://www.biqufan.com/xclass/5/1.html"},{"name":"網遊競技","url":"https://www.biqufan.com/xclass/6/1.html"},{"name":"女頻頻道","url":"https://www.biqufan.com/xclass/7/1.html"}]
