[{"name":"排行榜","url":"https://www.xbiquge.cc/top/","more":true,"subs":[{"name":"總點擊榜","url":"allvisit/"},{"name":"月點擊榜","url":"monthvisit/"},{"name":"周點擊榜","url":"weekvisit/"},{"name":"總推薦榜","url":"allvote/"},{"name":"月推薦榜","url":"monthvote/"},{"name":"周推薦榜","url":"weekvote/"},{"name":"總收藏榜","url":"goodnum/"},{"name":"總字數榜","url":"size/"},{"name":"本站推薦","url":"toptime/"},{"name":"最新入庫","url":"postdate/"}]},{"name":"完本小說","url":"https://m.xbiquge.cc/full/1.html"},{"name":"最近更新","url":"https://www.xbiquge.cc/top/lastupdate/"},{"name":"玄幻小說","url":"https://m.xbiquge.cc/list/1_1.html"},{"name":"修真小說","url":"https://m.xbiquge.cc/list/2_1.html"},{"name":"都市小說","url":"https://m.xbiquge.cc/list/3_1.html"},{"name":"穿越小說","url":"https://m.xbiquge.cc/list/4_1.html"},{"name":"網遊小說","url":"https://m.xbiquge.cc/list/5_1.html"},{"name":"科幻小說","url":"https://m.xbiquge.cc/list/6_1.html"}]
