[{"name":"排行榜","url":"https://m.xbiquge.la/top/","more":true,"subs":[{"name":"總點擊榜","url":"allvisit_1/"},{"name":"月點擊榜","url":"monthvisit_1/"},{"name":"周點擊榜","url":"weekvisit_1/"},{"name":"日點擊榜","url":"dayvisit_1/"},{"name":"總推薦榜","url":"allvote_1/"},{"name":"月推薦榜","url":"monthvote_1/"},{"name":"周推薦榜","url":"weekvote_1/"},{"name":"日推薦榜","url":"dayvote_1/"},{"name":"總收藏榜","url":"goodnum_1/"},{"name":"字數排行","url":"size_1/"},{"name":"最新入庫","url":"postdate_1/"}]},{"name":"最近更新","url":"https://m.xbiquge.la/top/lastupdate_1/"},{"name":"全本","url":"https://m.xbiquge.la/wapfull/1.html"},{"name":"玄幻","url":"https://m.xbiquge.la/wapsort/1_1/"},{"name":"仙俠","url":"https://m.xbiquge.la/wapsort/2_1/"},{"name":"都市","url":"https://m.xbiquge.la/wapsort/3_1/"},{"name":"歷史","url":"https://m.xbiquge.la/wapsort/4_1/"},{"name":"網遊","url":"https://m.xbiquge.la/wapsort/5_1/"},{"name":"科幻","url":"https://m.xbiquge.la/wapsort/6_1/"},{"name":"其他","url":"https://m.xbiquge.la/wapsort/7_1/"}]
