[{"name":"不限","url":"https://www.xiaojiaren.com/cat/"},{"name":"懸疑","url":"https://www.xiaojiaren.com/cat/xuanyi/1.html"},{"name":"言情","url":"https://www.xiaojiaren.com/cat/yanqing/1.html"},{"name":"都市","url":"https://www.xiaojiaren.com/cat/dushi/1.html"},{"name":"仙武","url":"https://www.xiaojiaren.com/cat/xianwu/1.html"},{"name":"歷史","url":"https://www.xiaojiaren.com/cat/lishi/1.html"},{"name":"遊戲","url":"https://www.xiaojiaren.com/cat/youxi/1.html"},{"name":"科幻","url":"https://www.xiaojiaren.com/cat/kehuan/1.html"},{"name":"玄幻","url":"https://www.xiaojiaren.com/cat/xuanhuan/1.html"},{"name":"其他","url":"https://www.xiaojiaren.com/cat/qita/1.html"}]
