[{"name":"最近更新","url":"https://www.xiaoshuowa.com/"},{"name":"玄幻小說","url":"https://www.xiaoshuowa.com/xuanhuanxiaoshuo/"},{"name":"修真小說","url":"https://www.xiaoshuowa.com/xiuzhenxiaoshuo/"},{"name":"都市小說","url":"https://www.xiaoshuowa.com/dushixiaoshuo/"},{"name":"穿越小說","url":"https://www.xiaoshuowa.com/chuanyuexiaoshuo/"},{"name":"網遊小說","url":"https://www.xiaoshuowa.com/wangyouxiaoshuo/"},{"name":"科幻小說","url":"https://www.xiaoshuowa.com/kehuanxiaoshuo/"},{"name":"女生小說","url":"https://www.xiaoshuowa.com/nvshengxiaoshuo/"}]
