[{"name":"完本","url":"https://www.xncwxw2.com/wanben/1_1"},{"name":"玄幻小說","url":"https://www.xncwxw2.com/xuanhuanxiaoshuo/"},{"name":"修真小說","url":"https://www.xncwxw2.com/xiuzhenxiaoshuo/"},{"name":"都市小說","url":"https://www.xncwxw2.com/dushixiaoshuo/"},{"name":"穿越小說","url":"https://www.xncwxw2.com/chuanyuexiaoshuo/"},{"name":"網遊小說","url":"https://www.xncwxw2.com/wangyouxiaoshuo/"},{"name":"科幻小說","url":"https://www.xncwxw2.com/kehuanxiaoshuo/"},{"name":"其他小說","url":"https://www.xncwxw2.com/qitaxiaoshuo/"}]
