[{"name":"完本","url":"https://www.xncwxw.net/wanben/1_1"},{"name":"玄幻小說","url":"https://www.xncwxw.net/xuanhuanxiaoshuo/"},{"name":"修真小說","url":"https://www.xncwxw.net/xiuzhenxiaoshuo/"},{"name":"都市小說","url":"https://www.xncwxw.net/dushixiaoshuo/"},{"name":"穿越小說","url":"https://www.xncwxw.net/chuanyuexiaoshuo/"},{"name":"網遊小說","url":"https://www.xncwxw.net/wangyouxiaoshuo/"},{"name":"科幻小說","url":"https://www.xncwxw.net/kehuanxiaoshuo/"},{"name":"其他小說","url":"https://www.xncwxw.net/qitaxiaoshuo/"}]
