[{"name":"完本小說","url":"http://www.xs5.la/quanben/"},{"name":"玄幻小說","url":"http://www.xs5.la/fenlei/1_1/"},{"name":"修真小說","url":"http://www.xs5.la/fenlei/2_1/"},{"name":"都市小說","url":"http://www.xs5.la/fenlei/3_1/"},{"name":"歷史小說","url":"http://www.xs5.la/fenlei/4_1/"},{"name":"網遊小說","url":"http://www.xs5.la/fenlei/5_1/"},{"name":"科幻小說","url":"http://www.xs5.la/fenlei/6_1/"},{"name":"恐怖小說","url":"http://www.xs5.la/fenlei/7_1/"},{"name":"其他小說","url":"http://www.xs5.la/fenlei/8_1/"}]
