[{"name":"最近更新","url":"https://www.xsggd.com/all/order/update_time+desc.html"},{"name":"排行","url":"https://www.xsggd.com/lists/41.html"},{"name":"書庫","url":"https://www.xsggd.com/all.html"},{"name":"男生","url":"https://www.xsggd.com/lists/","more":true,"subs":[{"name":"奇幻玄幻","url":"18.html"},{"name":"武俠仙俠","url":"19.html"},{"name":"歷史軍事","url":"20.html"},{"name":"都市娛樂","url":"21.html"},{"name":"科幻末日","url":"22.html"},{"name":"懸疑靈異","url":"23.html"},{"name":"遊戲競技","url":"34.html"},{"name":"其他","url":"35.html"}]},{"name":"女生","url":"https://www.xsggd.com/lists/","more":true,"subs":[{"name":"古裝言情","url":"25.html"},{"name":"都市言情","url":"26.html"},{"name":"浪漫青春","url":"27.html"},{"name":"幻想言情","url":"28.html"},{"name":"科幻空間","url":"37.html"},{"name":"靈異懸疑","url":"38.html"},{"name":"同人衍生","url":"39.html"},{"name":"耽美百合","url":"40.html"}]}]
