[{"name":"完本小說","url":"https://www.xswang.com/quanben/0/index.html"},{"name":"玄幻小說","url":"https://www.xswang.com/class/1/1.html"},{"name":"修真小說","url":"https://www.xswang.com/class/2/1.html"},{"name":"都市小說","url":"https://www.xswang.com/class/3/1.html"},{"name":"歷史小說","url":"https://www.xswang.com/class/4/1.html"},{"name":"網遊小說","url":"https://www.xswang.com/class/5/1.html"},{"name":"科幻小說","url":"https://www.xswang.com/class/6/1.html"},{"name":"其他小說","url":"https://www.xswang.com/class/7/1.html"}]
