[{"name":"最近更新","url":"https://m.yanqbook.com/top/lastupdate_1/"},{"name":"完本精品","url":"https://m.yanqbook.com/full/1/"},{"name":"玄幻言情","url":"https://m.yanqbook.com/sort/1_1/"},{"name":"武俠言情","url":"https://m.yanqbook.com/sort/2_1/"},{"name":"現代情感","url":"https://m.yanqbook.com/sort/3_1/"},{"name":"古代言情","url":"https://m.yanqbook.com/sort/4_1/"},{"name":"穿越重生","url":"https://m.yanqbook.com/sort/5_1/"},{"name":"B G 同人","url":"https://m.yanqbook.com/sort/6_1/"},{"name":"其他小說","url":"https://m.yanqbook.com/sort/7_1/"}]
