[{"name":"近代現代","url":"https://www.ydx8.com/cat/jindaixiandai/"},{"name":"穿越奇遇","url":"https://www.ydx8.com/cat/chuanyueqiyu/"},{"name":"花季青春","url":"https://www.ydx8.com/cat/huajiqingchun/"},{"name":"架空歷史","url":"https://www.ydx8.com/cat/jiakonglishi/"},{"name":"同人衍生","url":"https://www.ydx8.com/cat/tongrenyansheng/"},{"name":"仙俠奇幻","url":"https://www.ydx8.com/cat/xianxiaqihuan/"},{"name":"遊戲推理","url":"https://www.ydx8.com/cat/youxituili/"},{"name":"科幻無限","url":"https://www.ydx8.com/cat/kehuanwuxian/"}]
