[{"name":"排行榜","url":"http://www.yipinxia.net/top/","more":true,"subs":[{"name":"總排行榜","url":"allvisit_1/"},{"name":"月排行榜","url":"monthvisit_1/"},{"name":"周排行榜","url":"weekvisit_1/"},{"name":"總推薦榜","url":"allvote_1/"},{"name":"月推薦榜","url":"monthvote_1/"},{"name":"周推薦榜","url":"weekvote_1/"},{"name":"最新入庫","url":"postdate_1/"},{"name":"原創更新","url":"authorupdate_1/"},{"name":"轉載更新","url":"masterupdate_1/"},{"name":"總收藏榜","url":"goodnum_1/"},{"name":"字數排行","url":"size_1/"}]},{"name":"最近更新","url":"http://www.yipinxia.net/top/lastupdate_1/"},{"name":"全本","url":"http://www.yipinxia.net/quanben/"},{"name":"玄幻","url":"http://www.yipinxia.net/xuanhuan/"},{"name":"仙俠","url":"http://www.yipinxia.net/xianxia/"},{"name":"都市","url":"http://www.yipinxia.net/dushi/"},{"name":"歷史","url":"http://www.yipinxia.net/lishi/"},{"name":"網遊","url":"http://www.yipinxia.net/wangyou/"},{"name":"科幻","url":"http://www.yipinxia.net/kehuan/"},{"name":"靈異","url":"http://www.yipinxia.net/lingyi/"}]
