[{"name":"完本","url":"http://www.1shuge.cc/top/wanben_1"},{"name":"最近更新","url":"http://www.1shuge.cc/top/lastupdate_1.html"},{"name":"魔幻玄幻","url":"http://www.1shuge.cc/fenlei/1_1.html"},{"name":"武俠修真","url":"http://www.1shuge.cc/fenlei/2_1.html"},{"name":"都市青春","url":"http://www.1shuge.cc/fenlei/3_1.html"},{"name":"歷史軍事","url":"http://www.1shuge.cc/fenlei/4_1.html"},{"name":"網遊動漫","url":"http://www.1shuge.cc/fenlei/5_1.html"},{"name":"科幻靈異","url":"http://www.1shuge.cc/fenlei/6_1.html"},{"name":"辣文肉文","url":"http://www.1shuge.cc/fenlei/7_1.html"},{"name":"其他類型","url":"http://www.1shuge.cc/fenlei/8_1.html"}]
