[{"name":"完本","url":"http://www.yunxs.com/over.html"},{"name":"全部小說","url":"http://www.yunxs.com/shuku.html"},{"name":"玄幻·奇幻","url":"http://www.yunxs.com/xuanhuan/shuku.html"},{"name":"仙俠·武俠","url":"http://www.yunxs.com/xianxia/shuku.html"},{"name":"都市·言情","url":"http://www.yunxs.com/dushi/shuku.html"},{"name":"穿越·歷史","url":"http://www.yunxs.com/chuanyue/shuku.html"},{"name":"科幻·靈異","url":"http://www.yunxs.com/kehuan/shuku.html"},{"name":"同人·網遊","url":"http://www.yunxs.com/tongren/shuku.html"}]
