[{"name":"排行榜","url":"https://www.yz5a.com/book/","more":true,"subs":[{"name":"總排行榜","url":"allvisit-1.html"},{"name":"本週排行榜","url":"weekvisit-1.html"},{"name":"當月排行榜","url":"monthvisit-1.html"},{"name":"總推薦榜","url":"allvote-1.html"},{"name":"本週推薦榜","url":"weekvote-1.html"},{"name":"當月推薦榜","url":"monthvote-1.html"}]},{"name":"今日更新","url":"https://www.yz5a.com/book/lastupdate-1.html"},{"name":"玄幻","url":"https://www.yz5a.com/list/1-1.html"},{"name":"武俠","url":"https://www.yz5a.com/list/2-1.html"},{"name":"都市","url":"https://www.yz5a.com/list/3-1.html"},{"name":"軍史","url":"https://www.yz5a.com/list/4-1.html"},{"name":"網遊","url":"https://www.yz5a.com/list/5-1.html"},{"name":"科幻","url":"https://www.yz5a.com/list/6-1.html"},{"name":"恐怖","url":"https://www.yz5a.com/list/7-1.html"}]
