[{"name":"排行榜","url":"","more":true,"subs":[{"name":"男生","url":"https://www.zhaishuyuan.com/top/","more":true,"subs":[{"name":"周點擊","url":"nweekvisit.html"},{"name":"月點擊","url":"nmonthvisit.html"},{"name":"總點擊","url":"nallvisit.html"},{"name":"周推薦","url":"nweekvote.html"},{"name":"月推薦","url":"nmonthvote.html"},{"name":"總推薦","url":"nallvote.html"},{"name":"總收藏","url":"ncollection.html"}]},{"name":"女生","url":"https://www.zhaishuyuan.com/top/","more":true,"subs":[{"name":"周點擊","url":""},{"name":"月點擊","url":"monthvisit.html"},{"name":"總點擊","url":"allvisit.html"},{"name":"周推薦","url":"weekvote.html"},{"name":"月推薦","url":"monthvote.html"},{"name":"總推薦","url":"allvote.html"},{"name":"總收藏","url":"collection.html"}]}]},{"name":"完結","url":"","more":true,"subs":[{"name":"男生","url":"https://www.zhaishuyuan.com/shuku/","more":true,"subs":[{"name":"全部","url":"0_3_0_0_0_1_0_0"},{"name":"玄幻奇幻","url":"1_3_0_0_0_1_0_0"},{"name":"武俠仙俠","url":"2_3_0_0_0_1_0_0"},{"name":"都市青春","url":"3_3_0_0_0_1_0_0"},{"name":"歷史軍事","url":"4_3_0_0_0_1_0_0"},{"name":"科幻靈異","url":"5_3_0_0_0_1_0_0"},{"name":"遊戲競技","url":"6_3_0_0_0_1_0_0"}]},{"name":"女生","url":"https://www.zhaishuyuan.com/shuku/","more":true,"subs":[{"name":"全部","url":"9_3_0_0_0_1_0_0"},{"name":"豪門總裁","url":"9_3_0_91_0_1_0_0"},{"name":"都市生活","url":"9_3_0_92_0_1_0_0"},{"name":"青春校園","url":"9_3_0_93_0_1_0_0"},{"name":"都市異能","url":"9_3_0_94_0_1_0_0"},{"name":"星際科幻","url":"9_3_0_95_0_1_0_0"},{"name":"遊戲競技","url":"9_3_0_96_0_1_0_0"},{"name":"靈異推理","url":"9_3_0_97_0_1_0_0"},{"name":"婚戀情緣","url":"9_3_0_98_0_1_0_0"},{"name":"官場沉浮","url":"9_3_0_99_0_1_0_0"},{"name":"娛樂明星","url":"9_3_0_910_0_1_0_0"},{"name":"穿越架空","url":"9_3_0_911_0_1_0_0"},{"name":"經商種田","url":"9_3_0_912_0_1_0_0"},{"name":"玄幻仙俠","url":"9_3_0_913_0_1_0_0"},{"name":"歷史軍事","url":"9_3_0_914_0_1_0_0"},{"name":"宮闈宅斗","url":"9_3_0_915_0_1_0_0"},{"name":"重生復仇","url":"9_3_0_916_0_1_0_0"},{"name":"豪門恩怨","url":"9_3_0_917_0_1_0_0"}]}]},{"name":"男生","url":"https://www.zhaishuyuan.com/shuku/","more":true,"subs":[{"name":"全部","url":"0_1_0_0_0_1_0_0"},{"name":"玄幻奇幻","url":"1_1_0_0_0_1_0_0"},{"name":"武俠仙俠","url":"2_1_0_0_0_1_0_0"},{"name":"都市青春","url":"3_1_0_0_0_1_0_0"},{"name":"歷史軍事","url":"4_1_0_0_0_1_0_0"},{"name":"科幻靈異","url":"5_1_0_0_0_1_0_0"},{"name":"遊戲競技","url":"6_1_0_0_0_1_0_0"}]},{"name":"女生","url":"https://www.zhaishuyuan.com/shuku/","more":true,"subs":[{"name":"全部","url":"9_1_0_0_0_1_0_0"},{"name":"豪門總裁","url":"9_1_0_91_0_1_0_0"},{"name":"都市生活","url":"9_1_0_92_0_1_0_0"},{"name":"青春校園","url":"9_1_0_93_0_1_0_0"},{"name":"都市異能","url":"9_1_0_94_0_1_0_0"},{"name":"星際科幻","url":"9_1_0_95_0_1_0_0"},{"name":"遊戲競技","url":"9_1_0_96_0_1_0_0"},{"name":"靈異推理","url":"9_1_0_97_0_1_0_0"},{"name":"婚戀情緣","url":"9_1_0_98_0_1_0_0"},{"name":"官場沉浮","url":"9_1_0_99_0_1_0_0"},{"name":"娛樂明星","url":"9_1_0_910_0_1_0_0"},{"name":"穿越架空","url":"9_1_0_911_0_1_0_0"},{"name":"經商種田","url":"9_1_0_912_0_1_0_0"},{"name":"玄幻仙俠","url":"9_1_0_913_0_1_0_0"},{"name":"歷史軍事","url":"9_1_0_914_0_1_0_0"},{"name":"宮闈宅斗","url":"9_1_0_915_0_1_0_0"},{"name":"重生復仇","url":"9_1_0_916_0_1_0_0"},{"name":"豪門恩怨","url":"9_1_0_917_0_1_0_0"}]}]
