[{"name":"完結","url":"https://www.zhaishuyuan.com/shuku/","more":true,"subs":[{"name":"全部","url":"11_3_0_0_0_1_0_1"},{"name":"二次元","url":"20_3_0_0_0_1_0_1"},{"name":"玄幻奇幻","url":"1_3_0_0_0_1_0_1"},{"name":"武俠仙俠","url":"2_3_0_0_0_1_0_1"},{"name":"都市青春","url":"3_3_0_0_0_1_0_1"},{"name":"歷史軍事","url":"4_3_0_0_0_1_0_1"},{"name":"科幻靈異","url":"5_3_0_0_0_1_0_1"},{"name":"遊戲競技","url":"6_3_0_0_0_1_0_1"},{"name":"女生言情","url":"9_3_0_0_0_1_0_1"}]},{"name":"全部","url":"https://www.zhaishuyuan.com/shuku/11_1_0_0_0_1_0_1"},{"name":"二次元","url":"https://www.zhaishuyuan.com/shuku/20_1_0_0_0_1_0_1"},{"name":"玄幻奇幻","url":"https://www.zhaishuyuan.com/shuku/1_1_0_0_0_1_0_1"},{"name":"武俠仙俠","url":"https://www.zhaishuyuan.com/shuku/2_1_0_0_0_1_0_1"},{"name":"都市青春","url":"https://www.zhaishuyuan.com/shuku/3_1_0_0_0_1_0_1"},{"name":"歷史軍事","url":"https://www.zhaishuyuan.com/shuku/4_1_0_0_0_1_0_1"},{"name":"科幻靈異","url":"https://www.zhaishuyuan.com/shuku/5_1_0_0_0_1_0_1"},{"name":"遊戲競技","url":"https://www.zhaishuyuan.com/shuku/6_1_0_0_0_1_0_1"},{"name":"女生言情","url":"https://www.zhaishuyuan.com/shuku/9_1_0_0_0_1_0_1"}]
