[{"name":"全本小說","url":"https://www.ziyouge.com/full/","more":true,"subs":[{"name":"全部","url":"0/1"},{"name":"玄幻奇幻","url":"1/1"},{"name":"武俠仙俠","url":"2/1"},{"name":"都市言情","url":"3/1"},{"name":"古代言情","url":"4/1"},{"name":"軍事歷史","url":"5/1"},{"name":"網遊競技","url":"6/1"},{"name":"恐怖靈異","url":"7/1"},{"name":"耽美同人","url":"8/1"},{"name":"穿越架空","url":"9/1"},{"name":"其他書籍","url":"10/1"}]},{"name":"最近更新","url":"https://www.ziyouge.com/list/0/1"},{"name":"玄幻奇幻","url":"https://www.ziyouge.com/list/1/1"},{"name":"武俠仙俠","url":"https://www.ziyouge.com/list/2/1"},{"name":"都市言情","url":"https://www.ziyouge.com/list/3/1"},{"name":"古代言情","url":"https://www.ziyouge.com/list/4/1"},{"name":"軍事歷史","url":"https://www.ziyouge.com/list/5/1"},{"name":"網遊競技","url":"https://www.ziyouge.com/list/6/1"},{"name":"恐怖靈異","url":"https://www.ziyouge.com/list/7/1"},{"name":"耽美同人","url":"https://www.ziyouge.com/list/8/1"},{"name":"穿越架空","url":"https://www.ziyouge.com/list/9/1"},{"name":"其他書籍","url":"https://www.ziyouge.com/list/10/1"}]
