[{"name":"排行榜","url":"https://www.zizaidu.com/top/","more":true,"subs":[{"name":"總排行榜","url":"allvisit/index.html"},{"name":"月排行榜","url":"monthvisit/index.html"},{"name":"周排行榜","url":"weekvisit/index.html"},{"name":"總推薦榜","url":"allvote/index.html"},{"name":"月推薦榜","url":"monthvote/index.html"},{"name":"周推薦榜","url":"weekvote/index.html"},{"name":"最新入庫","url":"postdate/index.html"},{"name":"最近更新","url":"lastupdate/index.html"},{"name":"原創更新","url":"authorupdate/index.html","nonovels":true},{"name":"轉載更新","url":"masterupdate/index.html"},{"name":"總收藏榜","url":"goodnum/index.html"},{"name":"字數排行","url":"size/index.html"}]},{"name":"全本小說","url":"https://www.zizaidu.com/full/index.html"},{"name":"全部作品","url":"https://www.zizaidu.com/sort/0/index.html"},{"name":"玄幻奇幻","url":"https://www.zizaidu.com/sort/1/index.html"},{"name":"都市言情","url":"https://www.zizaidu.com/sort/2/index.html"},{"name":"穿越小說","url":"https://www.zizaidu.com/sort/3/index.html"},{"name":"言情小說","url":"https://www.zizaidu.com/sort/4/index.html"},{"name":"歷史軍事","url":"https://www.zizaidu.com/sort/5/index.html"},{"name":"武俠修真","url":"https://www.zizaidu.com/sort/6/index.html"},{"name":"科幻小說","url":"https://www.zizaidu.com/sort/7/index.html"},{"name":"偵探推理","url":"https://www.zizaidu.com/sort/8/index.html"},{"name":"懸疑恐怖","url":"https://www.zizaidu.com/sort/9/index.html"},{"name":"網遊動漫","url":"https://www.zizaidu.com/sort/10/index.html"}]
