[{"name":"排行榜","url":"https://www.zquanben.com/top/","more":true,"subs":[{"name":"總排行榜","url":"allvisit_1.html"},{"name":"最新新書","url":"postdate_1.html"},{"name":"日點擊榜","url":"dayvisit_1.html"},{"name":"周點擊榜","url":"weekvisit_1.html"},{"name":"月點擊榜","url":"monthvisit_1.html"},{"name":"總點擊榜","url":"allvisit_1.html"},{"name":"日推薦榜","url":"dayvote_1.html"},{"name":"周推薦榜","url":"weekvote_1.html"},{"name":"月推薦榜","url":"monthvote_1.html"},{"name":"總推薦榜","url":"allvote_1.html"},{"name":"字數排行","url":"size_1.html"},{"name":"總收藏榜","url":"goodnum_1.html"}]},{"name":"最近更新","url":"https://www.zquanben.com/top/lastupdate_1.html"},{"name":"全本玄幻小說","url":"https://www.zquanben.com/fenlei/1_1.html"},{"name":"全本武俠小說","url":"https://www.zquanben.com/fenlei/2_1.html"},{"name":"全本都市小說","url":"https://www.zquanben.com/fenlei/3_1.html"},{"name":"全本穿越小說","url":"https://www.zquanben.com/fenlei/4_1.html"},{"name":"全本網遊小說","url":"https://www.zquanben.com/fenlei/5_1.html"},{"name":"全本科幻小說","url":"https://www.zquanben.com/fenlei/6_1.html"},{"name":"全本恐怖小說","url":"https://www.zquanben.com/fenlei/7_1.html"},{"name":"全本同人小說","url":"https://www.zquanben.com/fenlei/8_1.html"},{"name":"全本其他小說","url":"https://www.zquanben.com/fenlei/8_1.html"}]
