[{"name":"全本玄幻小說","url":"https://www.zquanben.com/fenlei/1_1.html"},{"name":"全本武俠小說","url":"https://www.zquanben.com/fenlei/2_1.html"},{"name":"全本都市小說","url":"https://www.zquanben.com/fenlei/3_1.html"},{"name":"全本穿越小說","url":"https://www.zquanben.com/fenlei/4_1.html"},{"name":"全本網遊小說","url":"https://www.zquanben.com/fenlei/5_1.html"},{"name":"全本科幻小說","url":"https://www.zquanben.com/fenlei/6_1.html"},{"name":"全本恐怖小說","url":"https://www.zquanben.com/fenlei/7_1.html"},{"name":"全本同人小說","url":"https://www.zquanben.com/fenlei/8_1.html"},{"name":"全本其他小說","url":"https://www.zquanben.com/fenlei/8_1.html"}]
