[{"name":"最新完本","url":"https://www.123du.cc/dudu/end/"},{"name":"都市重生","url":"https://www.123du.cc/dudu-31/list/"},{"name":"玄幻奇幻","url":"https://www.123du.cc/dudu-32/list/"},{"name":"仙俠修真","url":"https://www.123du.cc/dudu-33/list/"},{"name":"科幻小說","url":"https://www.123du.cc/dudu-34/list/"},{"name":"美文同人","url":"https://www.123du.cc/dudu-35/list/"},{"name":"遊戲競技","url":"https://www.123du.cc/dudu-36/list/"},{"name":"女生‧言情","url":"https://www.123du.cc/dudu-37/list/"},{"name":"歷史軍事","url":"https://www.123du.cc/dudu-38/list/"},{"name":"武俠小說","url":"https://www.123du.cc/dudu-39/list/"},{"name":"靈異小說","url":"https://www.123du.cc/dudu-40/list/"}]
