[{"name":"男生","url":"https://all.17k.com/lib/book/","more":true,"subs":[{"name":"已完本","url":"https://all.17k.com/lib/book/","more":true,"subs":[{"name":"全部","url":"2_0_0_0_3_0_0_1_1.html"},{"name":"玄幻奇幻","url":"2_21_0_0_3_0_0_1_1.html"},{"name":"仙俠武俠","url":"2_24_0_0_3_0_0_1_1.html"},{"name":"都市小說","url":"2_3_0_0_3_0_0_1_1.html"},{"name":"歷史軍事","url":"2_22_0_0_3_0_0_1_1.html"},{"name":"遊戲競技","url":"2_23_0_0_3_0_0_1_1.html"},{"name":"科幻末世","url":"2_14_0_0_3_0_0_1_1.html"}]},{"name":"已完本(不包含 VIP 作品)","url":"https://all.17k.com/lib/book/","more":true,"subs":[{"name":"全部","url":"2_0_0_0_3_0_1_1_1.html"},{"name":"玄幻奇幻","url":"2_21_0_0_3_0_1_1_1.html"},{"name":"仙俠武俠","url":"2_24_0_0_3_0_1_1_1.html"},{"name":"都市小說","url":"2_3_0_0_3_0_1_1_1.html"},{"name":"歷史軍事","url":"2_22_0_0_3_0_1_1_1.html"},{"name":"遊戲競技","url":"2_23_0_0_3_0_1_1_1.html"},{"name":"科幻末世","url":"2_14_0_0_3_0_1_1_1.html"}]},{"name":"免費(不包含 VIP 作品)","url":"https://all.17k.com/lib/book/","more":true,"subs":[{"name":"全部","url":"2_0_0_0_0_0_1_1_1.html"},{"name":"玄幻奇幻","url":"2_21_0_0_0_0_1_1_1.html"},{"name":"仙俠武俠","url":"2_24_0_0_0_0_1_1_1.html"},{"name":"都市小說","url":"2_3_0_0_0_0_1_1_1.html"},{"name":"歷史軍事","url":"2_22_0_0_0_0_1_1_1.html"},{"name":"遊戲競技","url":"2_23_0_0_0_0_1_1_1.html"},{"name":"科幻末世","url":"2_14_0_0_0_0_1_1_1.html"}]},{"name":"全部","url":"2_0_0_0_0_0_0_1_1.html"},{"name":"玄幻奇幻","url":"2_21_0_0_0_0_0_1_1.html"},{"name":"仙俠武俠","url":"2_24_0_0_0_0_0_1_1.html"},{"name":"都市小說","url":"2_3_0_0_0_0_0_1_1.html"},{"name":"歷史軍事","url":"2_22_0_0_0_0_0_1_1.html"},{"name":"遊戲競技","url":"2_23_0_0_0_0_0_1_1.html"},{"name":"科幻末世","url":"2_14_0_0_0_0_0_1_1.html"}]},{"name":"女生","url":"https://all.17k.com/lib/book/","more":true,"subs":[{"name":"已完本","url":"https://all.17k.com/lib/book/","more":true,"subs":[{"name":"全部","url":"3_0_0_0_3_0_0_1_1.html"},{"name":"都市言情","url":"3_17_0_0_3_0_0_1_1.html"},{"name":"古裝言情","url":"3_5_0_0_3_0_0_1_1.html"},{"name":"幻想言情","url":"3_18_0_0_3_0_0_1_1.html"},{"name":"浪漫青春","url":"3_20_0_0_3_0_0_1_1.html"}]},{"name":"已完本(不包含 VIP 作品)","url":"https://all.17k.com/lib/book/","more":true,"subs":[{"name":"全部","url":"3_0_0_0_3_0_1_1_1.html"},{"name":"都市言情","url":"3_17_0_0_3_0_1_1_1.html"},{"name":"古裝言情","url":"3_5_0_0_3_0_1_1_1.html"},{"name":"幻想言情","url":"3_18_0_0_3_0_1_1_1.html"},{"name":"浪漫青春","url":"3_20_0_0_3_0_1_1_1.html"}]},{"name":"免費(不包含 VIP 作品)","url":"https://all.17k.com/lib/book/","more":true,"subs":[{"name":"全部","url":"3_0_0_0_0_0_1_1_1.html"},{"name":"都市言情","url":"3_17_0_0_0_0_1_1_1.html"},{"name":"古裝言情","url":"3_5_0_0_0_0_1_1_1.html"},{"name":"幻想言情","url":"3_18_0_0_0_0_1_1_1.html"},{"name":"浪漫青春","url":"3_20_0_0_0_0_1_1_1.html"}]},{"name":"全部","url":"3_0_0_0_0_0_0_1_1.html"},{"name":"都市言情","url":"3_17_0_0_0_0_0_1_1.html"},{"name":"古裝言情","url":"3_5_0_0_0_0_0_1_1.html"},{"name":"幻想言情","url":"3_18_0_0_0_0_0_1_1.html"},{"name":"浪漫青春","url":"3_20_0_0_0_0_0_1_1.html"}]},{"name":"個性化","url":"https://all.17k.com/lib/book/","more":true,"subs":[{"name":"已完本","url":"https://all.17k.com/lib/book/","more":true,"subs":[{"name":"全部","url":"4_0_0_0_3_0_0_1_1.html"},{"name":"懸疑小說","url":"4_7_0_0_3_0_0_1_1.html"},{"name":"二次元","url":"4_16_0_0_3_0_0_1_1.html"},{"name":"爆笑小說","url":"4_27_0_0_3_0_0_1_1.html"},{"name":"自述小說","url":"4_25_0_0_3_0_0_1_1.html"},{"name":"青春小說","url":"4_28_0_0_3_0_0_1_1.html"},{"name":"情感小說","url":"4_26_0_0_3_0_0_1_1.html"}]},{"name":"已完本(不包含 VIP 作品)","url":"https://all.17k.com/lib/book/","more":true,"subs":[{"name":"全部","url":"4_0_0_0_3_0_1_1_1.html"},{"name":"懸疑小說","url":"4_7_0_0_3_0_1_1_1.html"},{"name":"二次元","url":"4_16_0_0_3_0_1_1_1.html"},{"name":"爆笑小說","url":"4_27_0_0_3_0_1_1_1.html"},{"name":"自述小說","url":"4_25_0_0_3_0_1_1_1.html"},{"name":"青春小說","url":"4_28_0_0_3_0_1_1_1.html"},{"name":"情感小說","url":"4_26_0_0_3_0_1_1_1.html"}]},{"name":"免費(不包含 VIP 作品)","url":"https://all.17k.com/lib/book/","more":true,"subs":[{"name":"全部","url":"4_0_0_0_0_0_1_1_1.html"},{"name":"懸疑小說","url":"4_7_0_0_0_0_1_1_1.html"},{"name":"二次元","url":"4_16_0_0_0_0_1_1_1.html"},{"name":"爆笑小說","url":"4_27_0_0_0_0_1_1_1.html"},{"name":"自述小說","url":"4_25_0_0_0_0_1_1_1.html"},{"name":"青春小說","url":"4_28_0_0_0_0_1_1_1.html"},{"name":"情感小說","url":"4_26_0_0_0_0_1_1_1.html"}]},{"name":"全部","url":"4_0_0_0_0_0_0_1_1.html"},{"name":"懸疑小說","url":"4_7_0_0_0_0_0_1_1.html"},{"name":"二次元","url":"4_16_0_0_0_0_0_1_1.html"},{"name":"爆笑小說","url":"4_27_0_0_0_0_0_1_1.html"},{"name":"自述小說","url":"4_25_0_0_0_0_0_1_1.html"},{"name":"青春小說","url":"4_28_0_0_0_0_0_1_1.html"},{"name":"情感小說","url":"4_26_0_0_0_0_0_1_1.html"}]}]
