[{"name":"完本","url":"https://www.23qb.com/book/","more":true,"subs":[{"name":"網絡小說","url":"0-lastupdate-0-0-0-0-2-0-1.html"},{"name":"言情女生","url":"1-lastupdate-0-0-0-0-2-0-1.html"},{"name":"玄幻奇幻","url":"2-lastupdate-0-0-0-0-2-0-1.html"},{"name":"都市青春","url":"3-lastupdate-0-0-0-0-2-0-1.html"},{"name":"武俠仙俠","url":"4-lastupdate-0-0-0-0-2-0-1.html"},{"name":"耽美同人","url":"5-lastupdate-0-0-0-0-2-0-1.html"},{"name":"科幻靈異","url":"6-lastupdate-0-0-0-0-2-0-1.html"},{"name":"輕の小說","url":"7-lastupdate-0-0-0-0-2-0-1.html"},{"name":"歷史軍事","url":"8-lastupdate-0-0-0-0-2-0-1.html"}]},{"name":"網絡小說","url":"https://www.23qb.com/book/0-lastupdate-0-0-0-0-0-0-1.html"},{"name":"言情女生","url":"https://www.23qb.com/book/1-lastupdate-0-0-0-0-0-0-1.html"},{"name":"玄幻奇幻","url":"https://www.23qb.com/book/2-lastupdate-0-0-0-0-0-0-1.html"},{"name":"都市青春","url":"https://www.23qb.com/book/3-lastupdate-0-0-0-0-0-0-1.html"},{"name":"武俠仙俠","url":"https://www.23qb.com/book/4-lastupdate-0-0-0-0-0-0-1.html"},{"name":"耽美同人","url":"https://www.23qb.com/book/5-lastupdate-0-0-0-0-0-0-1.html"},{"name":"科幻靈異","url":"https://www.23qb.com/book/6-lastupdate-0-0-0-0-0-0-1.html"},{"name":"輕の小說","url":"https://www.23qb.com/book/7-lastupdate-0-0-0-0-0-0-1.html"},{"name":"歷史軍事","url":"https://www.23qb.com/book/8-lastupdate-0-0-0-0-0-0-1.html"}]
