[{"name":"排行榜","url":"https://www.23zw.me/","more":true,"subs":[{"name":"總點擊榜","url":"rank_allvisit_1.html"},{"name":"月點擊榜","url":"rank_monthvisit_1.html"},{"name":"周點擊榜","url":"rank_weekvisit_1.html"},{"name":"總推薦榜","url":"rank_allvote_1.html"},{"name":"月推薦榜","url":"rank_monthvote_1.html"},{"name":"周推薦榜","url":"rank_weekvote_1.html"},{"name":"最新入庫","url":"rank_postdate_1.html"},{"name":"總收藏榜","url":"rank_goodnum_1.html"},{"name":"總字數榜","url":"rank_size_1.html"}]},{"name":"最近更新","url":"https://www.23zw.me/rank_lastupdate_1.html"},{"name":"全本小說","url":"https://www.23zw.me/full_1.html"},{"name":"全部文章","url":"https://www.23zw.me/class_0_1.html"},{"name":"玄幻","url":"https://www.23zw.me/class_1_1.html"},{"name":"武俠","url":"https://www.23zw.me/class_2_1.html"},{"name":"都市","url":"https://www.23zw.me/class_3_1.html"},{"name":"穿越","url":"https://www.23zw.me/class_4_1.html"},{"name":"遊戲","url":"https://www.23zw.me/class_6_1.html"},{"name":"科幻","url":"https://www.23zw.me/class_7_1.html"},{"name":"同人","url":"https://www.23zw.me/class_9_1.html"},{"name":"恐怖","url":"https://www.23zw.me/class_8_1.html"}]
