[{"name":"全本小說","url":"https://www.2kxs.com/full/"},{"name":"在線書庫","url":"https://www.2kxs.com/sort/"},{"name":"玄幻小說","url":"https://www.2kxs.com/sort1/"},{"name":"武俠小說","url":"https://www.2kxs.com/sort2/"},{"name":"都市小說","url":"https://www.2kxs.com/sort3/"},{"name":"言情小說","url":"https://www.2kxs.com/sort9/"},{"name":"歷史小說","url":"https://www.2kxs.com/sort4/"},{"name":"網遊小說","url":"https://www.2kxs.com/sort5/"},{"name":"科幻小說","url":"https://www.2kxs.com/sort6/"},{"name":"偵探小說","url":"https://www.2kxs.com/sort7/"},{"name":"同人小說","url":"https://www.2kxs.com/sort8/"},{"name":"懸疑小說","url":"https://www.2kxs.com/sort10/"}]
