[{"name":"最近更新","url":"https://www.2shu8.com/last1.htm"},{"name":"奇幻","url":"https://www.2shu8.com/qihuan/1/"},{"name":"玄幻","url":"https://www.2shu8.com/xuanhuan/1/"},{"name":"言情","url":"https://www.2shu8.com/yanqing/1/"},{"name":"都市","url":"https://www.2shu8.com/dushi/1/"},{"name":"遊戲","url":"https://www.2shu8.com/youxi/1/"},{"name":"競技","url":"https://www.2shu8.com/jingji/1/"},{"name":"武俠","url":"https://www.2shu8.com/wuxia/1/"},{"name":"修真","url":"https://www.2shu8.com/xiuzhen/1/"},{"name":"歷史","url":"https://www.2shu8.com/lishi/1/"},{"name":"軍事","url":"https://www.2shu8.com/junshi/1/"},{"name":"科幻","url":"https://www.2shu8.com/kehuan/1/"},{"name":"靈異","url":"https://www.2shu8.com/lingyi/1/"},{"name":"同人","url":"https://www.2shu8.com/tongren/1/"},{"name":"校園","url":"https://www.2shu8.com/xiaoyuan/1/"},{"name":"官場","url":"https://www.2shu8.com/guanchang/1/"},{"name":"商戰","url":"https://www.2shu8.com/shangzhan/1/"},{"name":"職場","url":"https://www.2shu8.com/zhichang/1/"},{"name":"二次元","url":"https://www.2shu8.com/erciyuan/1/"},{"name":"其他","url":"https://www.2shu8.com/qita/1/"}]
