[{"name":"今日更新","url":"http://www.33yqw.com/lastupdate/1/"},{"name":"穿越","url":"http://www.33yqw.com/sort/1/1/"},{"name":"架空","url":"http://www.33yqw.com/sort/2/1/"},{"name":"玄幻","url":"http://www.33yqw.com/sort/3/1/"},{"name":"魔幻","url":"http://www.33yqw.com/sort/4/1/"},{"name":"仙俠","url":"http://www.33yqw.com/sort/5/1/"},{"name":"古言","url":"http://www.33yqw.com/sort/6/1/"},{"name":"現言","url":"http://www.33yqw.com/sort/7/1/"},{"name":"愛情","url":"http://www.33yqw.com/sort/8/1/"},{"name":"歷史","url":"http://www.33yqw.com/sort/9/1/"},{"name":"都市","url":"http://www.33yqw.com/sort/10/1/"},{"name":"恐怖","url":"http://www.33yqw.com/sort/11/1/"},{"name":"網遊","url":"http://www.33yqw.com/sort/12/1/"},{"name":"動漫","url":"http://www.33yqw.com/sort/13/1/"},{"name":"奇幻","url":"http://www.33yqw.com/sort/14/1/"},{"name":"科幻","url":"http://www.33yqw.com/sort/15/1/"},{"name":"同人","url":"http://www.33yqw.com/sort/16/1/"},{"name":"耽美","url":"http://www.33yqw.com/sort/17/1/"},{"name":"其他","url":"http://www.33yqw.com/sort/18/1/"}]
