[{"name":"完本小說","url":"http://www.69shu.com/weekvisit_0_0_0_0_1_0_1.htm"},{"name":"全部","url":"http://www.69shu.com/weekvisit_0_0_0_0_0_0_1.htm"},{"name":"玄幻魔法","url":"http://www.69shu.com/weekvisit_1_0_0_0_0_0_1.htm"},{"name":"修真武俠","url":"http://www.69shu.com/weekvisit_2_0_0_0_0_0_1.htm"},{"name":"言情小說","url":"http://www.69shu.com/weekvisit_3_0_0_0_0_0_1.htm"},{"name":"歷史軍事","url":"http://www.69shu.com/weekvisit_4_0_0_0_0_0_1.htm"},{"name":"遊戲競技","url":"http://www.69shu.com/weekvisit_5_0_0_0_0_0_1.htm"},{"name":"科幻空間","url":"http://www.69shu.com/weekvisit_6_0_0_0_0_0_1.htm"},{"name":"懸疑驚悚","url":"http://www.69shu.com/weekvisit_7_0_0_0_0_0_1.htm"},{"name":"同人小說","url":"http://www.69shu.com/weekvisit_8_0_0_0_0_0_1.htm"},{"name":"都市小說","url":"http://www.69shu.com/weekvisit_9_0_0_0_0_0_1.htm"},{"name":"官場職場","url":"http://www.69shu.com/weekvisit_10_0_0_0_0_0_1.htm"},{"name":"穿越時空","url":"http://www.69shu.com/weekvisit_11_0_0_0_0_0_1.htm"},{"name":"青春校園","url":"http://www.69shu.com/weekvisit_12_0_0_0_0_0_1.htm"}]
