[{"name":"已完結","url":"","more":true,"subs":[{"name":"全部","url":"https://www.8kana.com/home/bookclass/bookshelf/0-0-0-0-0-0-2.html"},{"name":"重幻想","url":"https://www.8kana.com/home/bookclass/bookshelf/0-1-0-0-0-0-2.html"},{"name":"輕幻想","url":"https://www.8kana.com/home/bookclass/bookshelf/0-2-0-0-0-0-2.html"},{"name":"競技","url":"https://www.8kana.com/home/bookclass/bookshelf/0-3-0-0-0-0-2.html"},{"name":"青春","url":"https://www.8kana.com/home/bookclass/bookshelf/0-4-0-0-0-0-2.html"},{"name":"燒腦","url":"https://www.8kana.com/home/bookclass/bookshelf/0-5-0-0-0-0-2.html"},{"name":"神州","url":"https://www.8kana.com/home/bookclass/bookshelf/0-6-0-0-0-0-2.html"},{"name":"不正常","url":"https://www.8kana.com/home/bookclass/bookshelf/0-7-701-0-0-0-2.html"}]},{"name":"坑","url":"","more":true,"subs":[{"name":"全部","url":"https://www.8kana.com/home/bookclass/bookshelf/0-0-0-0-0-0-3.html"},{"name":"重幻想","url":"https://www.8kana.com/home/bookclass/bookshelf/0-1-0-0-0-0-3.html"},{"name":"輕幻想","url":"https://www.8kana.com/home/bookclass/bookshelf/0-2-0-0-0-0-3.html"},{"name":"競技","url":"https://www.8kana.com/home/bookclass/bookshelf/0-3-0-0-0-0-3.html"},{"name":"青春","url":"https://www.8kana.com/home/bookclass/bookshelf/0-4-0-0-0-0-3.html"},{"name":"燒腦","url":"https://www.8kana.com/home/bookclass/bookshelf/0-5-0-0-0-0-3.html"},{"name":"神州","url":"https://www.8kana.com/home/bookclass/bookshelf/0-6-0-0-0-0-3.html"},{"name":"不正常","url":"https://www.8kana.com/home/bookclass/bookshelf/0-7-701-0-0-0-3.html"}]},{"name":"全部","url":"https://www.8kana.com/home/bookclass/bookshelf/0-0-0-0-0-0-0.html"},{"name":"重幻想","url":"https://www.8kana.com/home/bookclass/bookshelf/0-1-0-0-0-0-0.html"},{"name":"輕幻想","url":"https://www.8kana.com/home/bookclass/bookshelf/0-2-0-0-0-0-0.html"},{"name":"競技","url":"https://www.8kana.com/home/bookclass/bookshelf/0-3-0-0-0-0-0.html"},{"name":"青春","url":"https://www.8kana.com/home/bookclass/bookshelf/0-4-0-0-0-0-0.html"},{"name":"燒腦","url":"https://www.8kana.com/home/bookclass/bookshelf/0-5-0-0-0-0-0.html"},{"name":"神州","url":"https://www.8kana.com/home/bookclass/bookshelf/0-6-0-0-0-0-0.html"},{"name":"不正常","url":"https://www.8kana.com/home/bookclass/bookshelf/0-7-701-0-0-0-0.html"}]
