[{"name":"新書熱書","url":"http://91baby.mama.cn/forum.php?mod=forumdisplay&fid=171","catId":"171","more":true,"subs":[{"name":"未完結區","url":"http://91baby.mama.cn/forum.php?mod=forumdisplay&fid=172","catId":"172","more":true,"subs":[{"name":"全部","url":""},{"name":"浪漫言情","url":"&typeid=300"},{"name":"穿越重生","url":"&typeid=301"},{"name":"玄幻仙俠","url":"&typeid=302"},{"name":"青春校園","url":"&typeid=620"},{"name":"玄幻靈異","url":"&typeid=621"},{"name":"架空古風","url":"&typeid=305"},{"name":"科幻未來","url":"&typeid=622"},{"name":"精彩貼文","url":"&typeid=303"}]},{"name":"全部","url":""},{"name":"古代言情","url":"&typeid=420"},{"name":"現代言情","url":"&typeid=291"},{"name":"穿越重生","url":"&typeid=292"},{"name":"玄幻仙俠","url":"&typeid=293"},{"name":"架空古風","url":"&typeid=296"},{"name":"青春校園","url":"&typeid=417"},{"name":"懸疑靈異","url":"&typeid=419"},{"name":"科幻未來","url":"&typeid=418"},{"name":"精彩貼文","url":"&typeid=294"}]},{"name":"原創專區","url":"http://91baby.mama.cn/forum.php?mod=forumdisplay&fid=201","catId":"201","more":true,"subs":[{"name":"全部","url":""},{"name":"現代言情","url":"&typeid=651"},{"name":"古代言情","url":"&typeid=653"},{"name":"架空古風","url":"&typeid=659"},{"name":"穿越重生","url":"&typeid=655"},{"name":"仙俠奇緣","url":"&typeid=657"},{"name":"青春純愛","url":"&typeid=661"},{"name":"科幻未來","url":"&typeid=665"},{"name":"懸疑靈異","url":"&typeid=663"},{"name":"散文","url":"&typeid=667"}]},{"name":"經典好文","url":"http://91baby.mama.cn/forum.php?mod=forumdisplay&fid=200","catId":"200","more":true,"subs":[{"name":"全部","url":""},{"name":"小說傳記","url":"&typeid=389"},{"name":"詩歌散文","url":"&typeid=638"},{"name":"兒童文學","url":"&typeid=640"},{"name":"哲學宗教","url":"&typeid=642"},{"name":"古文鑑賞","url":"&typeid=644"},{"name":"歷史典籍","url":"&typeid=646"},{"name":"古典神話","url":"&typeid=648"},{"name":"雜文精選","url":"&typeid=650"}]}]
