[{"name":"排行榜","url":"https://www.9itan.com/paihang/","more":true,"subs":[{"name":"總點擊榜","url":"allvisit_1.html"},{"name":"月點擊榜","url":"monthvisit_1.html"},{"name":"周點擊榜","url":"weekvisit_1.html"},{"name":"總推薦榜","url":"allvote_1.html"},{"name":"月推薦榜","url":"monthvote_1.html"},{"name":"周推薦榜","url":"weekvote_1.html"},{"name":"總收藏榜","url":"goodnum_1.html"},{"name":"總字數榜","url":"size_1.html"},{"name":"最新入庫","url":"postdate_1.html"}]},{"name":"完結小說","url":"https://www.9itan.com/full/1"},{"name":"最近更新","url":"https://www.9itan.com/paihang/lastupdate_1.html"},{"name":"玄幻小說","url":"https://www.9itan.com/xuanhuan/1.html"},{"name":"仙俠小說","url":"https://www.9itan.com/xianxia/1.html"},{"name":"都市小說","url":"https://www.9itan.com/dushi/1.html"},{"name":"軍史小說","url":"https://www.9itan.com/junshi/1.html"},{"name":"網遊小說","url":"https://www.9itan.com/wangyou/1.html"},{"name":"科幻小說","url":"https://www.9itan.com/kehuan/1.html"},{"name":"恐怖小說","url":"https://www.9itan.com/kongbu/1.html"},{"name":"其他小說","url":"https://www.9itan.com/qita/1.html"}]
