[{"name":"強力推薦","url":"https://www.9pwx.com/top/recommend0/index.html"},{"name":"排行榜","url":"https://www.9pwx.com/top/monthvisit0/index.html"},{"name":"全本小說","url":"https://www.9pwx.com/top/lastupdate99/index.html"},{"name":"玄幻小說","url":"https://www.9pwx.com/top/lastupdate1/index.html"},{"name":"武俠修真","url":"https://www.9pwx.com/top/lastupdate2/index.html"},{"name":"都市言情","url":"https://www.9pwx.com/top/lastupdate3/index.html"},{"name":"穿越重生","url":"https://www.9pwx.com/top/lastupdate4/index.html"},{"name":"軍事歷史","url":"https://www.9pwx.com/top/lastupdate5/index.html"},{"name":"遊戲動漫","url":"https://www.9pwx.com/top/lastupdate6/index.html"},{"name":"科幻小說","url":"https://www.9pwx.com/top/lastupdate7/index.html"},{"name":"靈異小說","url":"https://www.9pwx.com/top/lastupdate8/index.html"},{"name":"同人小說","url":"https://www.9pwx.com/top/lastupdate9/index.html"}]
