[{"name":"全部輕小說","url":"http://novel.acg.gg/fenlei/_1/"},{"name":"電擊文庫","url":"http://novel.acg.gg/fenlei/1_1/"},{"name":"富士見文庫","url":"http://novel.acg.gg/fenlei/2_1/"},{"name":"角川文庫","url":"http://novel.acg.gg/fenlei/3_1/"},{"name":"MF文庫J","url":"http://novel.acg.gg/fenlei/4_1/"},{"name":"Fami通文庫","url":"http://novel.acg.gg/fenlei/5_1/"},{"name":"GA文庫","url":"http://novel.acg.gg/fenlei/6_1/"},{"name":"其他文庫","url":"http://novel.acg.gg/fenlei/7_1/"}]
