[{"name":"最近更新","url":"http://map.ilovetxt.com/"},{"name":"異界修仙","url":"http://www.aishutxt.com/XiuXian/"},{"name":"都市社會","url":"http://www.aishutxt.com/HouGong/"},{"name":"言情浪漫","url":"http://www.aishutxt.com/YanQing/"},{"name":"清純校園","url":"http://www.aishutxt.com/XiaoYuan/"},{"name":"穿越重生","url":"http://www.aishutxt.com/ChuanYue/"},{"name":"驚悚科幻","url":"http://www.aishutxt.com/KeHuan/"},{"name":"另類鄉土","url":"http://www.aishutxt.com/LingLei/"},{"name":"女生頻道","url":"http://www.aishutxt.com/NvSheng/"}]
