[{"name":"排行榜","url":"http://www.baishulou8.com/","more":true,"subs":[{"name":"總排行榜","url":"page_allvisit/1.html"},{"name":"月排行榜","url":"page_monthvisit/1.html"},{"name":"周排行榜","url":"page_weekvisit/1.html"},{"name":"日排行榜","url":"page_dayvisit/1.html"},{"name":"總推薦榜","url":"page_allvote/1.html"},{"name":"月推薦榜","url":"page_monthvisit/1.html"},{"name":"周推薦榜","url":"page_weekvote/1.html"},{"name":"日推薦榜","url":"page_dayvote/1.html"},{"name":"最新入庫","url":"page_postdate/1.html"},{"name":"轉載更新","url":"page_allvisit/1.html"},{"name":"字數排行","url":"page_toptime/1.html"}]},{"name":"最新更新","url":"http://www.baishulou8.com/page_lastupdate/1.html"},{"name":"完本作品","url":"http://www.baishulou8.com/modules/article/index.php?fullflag=1"},{"name":"武俠仙俠","url":"http://www.baishulou8.com/sort_1/1.html"},{"name":"玄幻魔法","url":"http://www.baishulou8.com/sort_2/1.html"},{"name":"歷史軍事","url":"http://www.baishulou8.com/sort_3/1.html"},{"name":"現代都市","url":"http://www.baishulou8.com/sort_5/1.html"},{"name":"科幻小說","url":"http://www.baishulou8.com/sort_6/1.html"},{"name":"網遊競技","url":"http://www.baishulou8.com/sort_7/1.html"},{"name":"恐怖懸疑","url":"http://www.baishulou8.com/sort_8/1.html"},{"name":"古代言情","url":"http://www.baishulou8.com/sort_4/1.html"},{"name":"現代言情","url":"http://www.baishulou8.com/sort_9/1.html"},{"name":"魔幻言情","url":"http://www.baishulou8.com/sort_10/1.html"},{"name":"耽美言情","url":"http://www.baishulou8.com/sort_11/1.html"},{"name":"精品小說","url":"http://www.baishulou8.com/sort_18/1.html"}]
