[{"name":"最新更新","url":"http://m.baishulou8.com/top-lastupdate-1/"},{"name":"完本作品","url":"http://m.baishulou8.com/full-1/"},{"name":"武俠仙俠","url":"http://m.baishulou8.com/sort-1-1/"},{"name":"玄幻魔法","url":"http://m.baishulou8.com/sort-2-1/"},{"name":"歷史軍事","url":"http://m.baishulou8.com/sort-3-1/"},{"name":"女生言情","url":"http://m.baishulou8.com/sort-4-1/"},{"name":"現代都市","url":"http://m.baishulou8.com/sort-5-1/"},{"name":"科幻小說","url":"http://m.baishulou8.com/sort-6-1/"},{"name":"網遊競技","url":"http://m.baishulou8.com/sort-7-1/"},{"name":"恐怖懸疑","url":"http://m.baishulou8.com/sort-8-1/"},{"name":"精品小說","url":"http://m.baishulou8.com/sort-18-1/"}]
