[{"name":"排行榜","url":"http://www.fengyunla.com/","more":true,"subs":[{"name":"總點擊榜","url":"allvisit_1.html"},{"name":"月點擊榜","url":"monthvisit_1.html"},{"name":"周點擊榜","url":"weekvisit_1.html"},{"name":"總推薦榜","url":"allvote_1.html"},{"name":"月推薦榜","url":"monthvote_1.html"},{"name":"周推薦榜","url":"weekvote_1.html"},{"name":"最新入庫","url":"postdate_1.html"},{"name":"總收藏榜","url":"goodnum_1.html"},{"name":"總字數榜","url":"size_1.html"}]},{"name":"更新","url":"http://www.fengyunla.com/lastupdate_1.html"},{"name":"玄幻","url":"http://www.fengyunla.com/sort_1_1.html"},{"name":"武俠","url":"http://www.fengyunla.com/sort_2_1.html"},{"name":"都市","url":"http://www.fengyunla.com/sort_3_1.html"},{"name":"穿越","url":"http://www.fengyunla.com/sort_4_1.html"},{"name":"網遊","url":"http://www.fengyunla.com/sort_5_1.html"},{"name":"科幻","url":"http://www.fengyunla.com/sort_6_1.html"},{"name":"其他","url":"http://www.fengyunla.com/sort_7_1.html"}]
