[{"name":"站長推薦","url":"https://www.book100.com/html/c-1.html"},{"name":"女生推薦","url":"https://www.book100.com/html/f-1.html"},{"name":"重點更新","url":"https://www.book100.com/category/14-1.html"},{"name":"魔法異界","url":"https://www.book100.com/category/1-1.html"},{"name":"仙武異能","url":"https://www.book100.com/category/2-1.html"},{"name":"言情敘事","url":"https://www.book100.com/category/3-1.html"},{"name":"時光穿越","url":"https://www.book100.com/category/4-1.html"},{"name":"科幻太空","url":"https://www.book100.com/category/8-1.html"},{"name":"靈異軍事","url":"https://www.book100.com/category/5-1.html"},{"name":"遊戲體育","url":"https://www.book100.com/category/6-1.html"},{"name":"動漫日輕","url":"https://www.book100.com/category/9-1.html"},{"name":"歷史紀實","url":"https://www.book100.com/category/10-1.html"},{"name":"名著古典","url":"https://www.book100.com/category/11-1.html"},{"name":"本站原創","url":"https://www.book100.com/category/15-1.html"}]
