[{"name":"完本小說","url":"http://www.booksrc.net/list/6_1.html"},{"name":"玄幻","url":"http://www.booksrc.net/list/227_1.html"},{"name":"奇幻","url":"http://www.booksrc.net/list/219_1.html"},{"name":"仙俠","url":"http://www.booksrc.net/list/231_1.html"},{"name":"武俠","url":"http://www.booksrc.net/list/225_1.html"},{"name":"穿越","url":"http://www.booksrc.net/list/201_1.html"},{"name":"修真","url":"http://www.booksrc.net/list/228_1.html"},{"name":"言情","url":"http://www.booksrc.net/list/232_1.html"},{"name":"校園","url":"http://www.booksrc.net/list/229_1.html"},{"name":"都市","url":"http://www.booksrc.net/list/202_1.html"},{"name":"豪門","url":"http://www.booksrc.net/list/205_1.html"},{"name":"青春","url":"http://www.booksrc.net/list/218_1.html"},{"name":"軍事","url":"http://www.booksrc.net/list/208_1.html"},{"name":"歷史","url":"http://www.booksrc.net/list/215_1.html"},{"name":"科幻","url":"http://www.booksrc.net/list/212_1.html"},{"name":"遊戲","url":"http://www.booksrc.net/list/226_1.html"}]
