[{"name":"作家列表","url":"http://www.cherry123.com/data/writer/index","more":true,"subs":[{"name":"A","url":"A.html"},{"name":"B","url":"B.html"},{"name":"C","url":"C.html"},{"name":"D","url":"D.html"},{"name":"E","url":"E.html"},{"name":"F","url":"F.html"},{"name":"G","url":"G.html"},{"name":"H","url":"H.html"},{"name":"I","url":"I.html"},{"name":"J","url":"J.html"},{"name":"K","url":"K.html"},{"name":"L","url":"L.html"},{"name":"M","url":"M.html"},{"name":"N","url":"N.html"},{"name":"O","url":"O.html"},{"name":"P","url":"P.html"},{"name":"Q","url":"Q.html"},{"name":"R","url":"R.html"},{"name":"S","url":"S.html"},{"name":"T","url":"T.html"},{"name":"U","url":"U.html","nonovels":true},{"name":"V","url":"V.html","nonovels":true},{"name":"W","url":"W.html"},{"name":"X","url":"X.html"},{"name":"Y","url":"Y.html"},{"name":"Z","url":"Z.html"}]}]
