[{"name":"全本小說","url":"https://www.ck101.org/quanben/"},{"name":"小說更新","url":"https://www.ck101.org/top/lastupdate.html"},{"name":"玄幻魔法","url":"https://www.ck101.org/mulu/1-1.html"},{"name":"武俠修真","url":"https://www.ck101.org/mulu/2-1.html"},{"name":"言情小說","url":"https://www.ck101.org/mulu/3-1.html"},{"name":"歷史軍事","url":"https://www.ck101.org/mulu/4-1.html"},{"name":"偵探推理","url":"https://www.ck101.org/mulu/5-1.html"},{"name":"網遊動漫","url":"https://www.ck101.org/mulu/6-1.html"},{"name":"科幻小說","url":"https://www.ck101.org/mulu/7-1.html"},{"name":"恐怖靈異","url":"https://www.ck101.org/mulu/8-1.html"},{"name":"穿越小說","url":"https://www.ck101.org/mulu/9-1.html"},{"name":"其他類型","url":"https://www.ck101.org/mulu/10-1.html"}]
