[{"name":"長篇小說","url":"https://ck101.com/forum.php?mod=forumdisplay&fid=237","catId":"237,3419","more":true,"subs":[{"name":"全篇小說","url":"https://ck101.com/forum.php?mod=forumdisplay&fid=3419","catId":"3419","more":true,"subs":[{"name":"全部","url":""},{"name":"玄幻奇幻","url":"&typeid=2399"},{"name":"武俠仙俠","url":"&typeid=2400"},{"name":"都市言情","url":"&typeid=2401"},{"name":"歷史軍事","url":"&typeid=2402"},{"name":"遊戲競技","url":"&typeid=2403"},{"name":"科幻靈異","url":"&typeid=2404"},{"name":"其它小說","url":"&typeid=2405"}]},{"name":"全部","url":""},{"name":"全本小說","url":"&typeid=2407"},{"name":"玄幻奇幻","url":"&typeid=133"},{"name":"武俠仙俠","url":"&typeid=134"},{"name":"都市言情","url":"&typeid=135"},{"name":"歷史軍事","url":"&typeid=136"},{"name":"遊戲競技","url":"&typeid=137"},{"name":"科幻靈異","url":"&typeid=138"},{"name":"其它小說","url":"&typeid=139"}]},{"name":"原創言情","url":"https://ck101.com/forum.php?mod=forumdisplay&fid=3451","catId":"3451,3474","more":true,"subs":[{"name":"原創全本","url":"https://ck101.com/forum.php?mod=forumdisplay&fid=3474","catId":"3474","more":true,"subs":[{"name":"全部","url":""},{"name":"古典言情","url":"&typeid=2869"},{"name":"現代愛情","url":"&typeid=2870"},{"name":"玄幻仙俠","url":"&typeid=2871"},{"name":"奇幻異界","url":"&typeid=2872"},{"name":"穿越重生","url":"&typeid=2873"},{"name":"科幻網遊","url":"&typeid=2874"},{"name":"虐戀情深","url":"&typeid=3399"},{"name":"肉慾橫流","url":"&typeid=4472"},{"name":"袖珍言情","url":"&typeid=3427"},{"name":"其它類型","url":"&typeid=2875"}]},{"name":"全部","url":""},{"name":"古典言情","url":"&typeid=2627"},{"name":"現代愛情","url":"&typeid=2629"},{"name":"玄幻仙俠","url":"&typeid=2645"},{"name":"奇幻異界","url":"&typeid=2635"},{"name":"穿越重生","url":"&typeid=2640"},{"name":"科幻網遊","url":"&typeid=2637"},{"name":"虐戀情深","url":"&typeid=3398"},{"name":"肉慾橫流","url":"&typeid=4469"},{"name":"袖珍言情","url":"&typeid=3426"},{"name":"其它類型","url":"&typeid=2702"},{"name":"待整理","url":"&typeid=2867"}]},{"name":"出版言情","url":"https://ck101.com/forum.php?mod=forumdisplay&fid=1308","catId":"1308","more":true,"subs":[{"name":"全部","url":""},{"name":"古典言情","url":"&typeid=2850"},{"name":"現代愛情","url":"&typeid=2851"},{"name":"玄幻仙俠","url":"&typeid=2852"},{"name":"奇幻異界","url":"&typeid=2853"},{"name":"穿越重生","url":"&typeid=2854"},{"name":"科幻網遊","url":"&typeid=2855"},{"name":"其它類型","url":"&typeid=2856"}]},{"name":"耽美小說","url":"https://ck101.com/forum.php?mod=forumdisplay&fid=3446","catId":"3446","more":true,"subs":[{"name":"全部","url":""},{"name":"現代耽美","url":"&typeid=2559"},{"name":"古代架空","url":"&typeid=2569"},{"name":"穿越重生","url":"&typeid=2570"},{"name":"溫馨甜蜜","url":"&typeid=2577"},{"name":"血緣羈絆","url":"&typeid=2571"},{"name":"玄幻魔法","url":"&typeid=2572"},{"name":"網遊網配","url":"&typeid=2573"},{"name":"未來末日","url":"&typeid=2578"},{"name":"獸之世界","url":"&typeid=2574"},{"name":"同人耽美","url":"&typeid=2575"},{"name":"工口肉文","url":"&typeid=2576"},{"name":"虐戀情深","url":"&typeid=2579"},{"name":"連載特區","url":"&typeid=2899"}]},{"name":"日系小說","url":"https://ck101.com/forum.php?mod=forumdisplay&fid=1288","catId":"1288","more":true,"subs":[{"name":"全部","url":""},{"name":"奇幻動作","url":"&typeid=2025"},{"name":"科幻機戰","url":"&typeid=2703"},{"name":"推理懸疑","url":"&typeid=2026"},{"name":"歷史傳記","url":"&typeid=2027"},{"name":"青春校園","url":"&typeid=2028"},{"name":"戀愛喜劇","url":"&typeid=2029"},{"name":"魔法冒險","url":"&typeid=2040"},{"name":"其他類型","url":"&typeid=2030"}]},{"name":"短篇小說","url":"https://ck101.com/forum.php?mod=forumdisplay&fid=855","catId":"855","more":true,"subs":[{"name":"全部","url":""},{"name":"玄幻奇幻","url":"&typeid=1071"},{"name":"武俠仙俠","url":"&typeid=1072"},{"name":"歷史軍事","url":"&typeid=1074"},{"name":"科幻靈異","url":"&typeid=1075"},{"name":"其它小說","url":"&typeid=1076"},{"name":"全本小說","url":"&typeid=1077"},{"name":"輕小說","url":"&typeid=2551"}]}]
