[{"name":"完結","url":"http://www.clewx.com/class/cat/","more":true,"subs":[{"name":"全部","url":"0/status/2"},{"name":"懸疑","url":"49/status/2/"},{"name":"言情","url":"39/status/2/"},{"name":"都市","url":"41/status/2/"},{"name":"仙武","url":"37/status/2/"},{"name":"歷史","url":"46/status/2/"},{"name":"遊戲","url":"38/status/2/"},{"name":"科幻","url":"48/status/2/"},{"name":"玄幻","url":"36/status/2/"},{"name":"青春","url":"52/status/2/"},{"name":"二次元","url":"50/status/2/"},{"name":"其他","url":"53/status/2/"}]},{"name":"全部","url":"http://www.clewx.com/class/cat/0/"},{"name":"懸疑","url":"http://www.clewx.com/class/cat/49/"},{"name":"言情","url":"http://www.clewx.com/class/cat/39/"},{"name":"都市","url":"http://www.clewx.com/class/cat/41/"},{"name":"仙武","url":"http://www.clewx.com/class/cat/37/"},{"name":"歷史","url":"http://www.clewx.com/class/cat/46/"},{"name":"遊戲","url":"http://www.clewx.com/class/cat/38/"},{"name":"科幻","url":"http://www.clewx.com/class/cat/48/"},{"name":"玄幻","url":"http://www.clewx.com/class/cat/36/"},{"name":"青春","url":"http://www.clewx.com/class/cat/52/"},{"name":"二次元","url":"http://www.clewx.com/class/cat/50/"},{"name":"其他","url":"http://www.clewx.com/class/cat/53/"}]
