[{"name":"全本","url":"https://www.cuiweiju88.com/modules/article/index.php?fullflag=1"},{"name":"玄幻魔法","url":"https://www.cuiweiju88.com/modules/article/articlelist.php?class=1"},{"name":"武俠修真","url":"https://www.cuiweiju88.com/modules/article/articlelist.php?class=2"},{"name":"都市言情","url":"https://www.cuiweiju88.com/modules/article/articlelist.php?class=3"},{"name":"歷史軍事","url":"https://www.cuiweiju88.com/modules/article/articlelist.php?class=4"},{"name":"偵探推理","url":"https://www.cuiweiju88.com/modules/article/articlelist.php?class=5"},{"name":"網遊動漫","url":"https://www.cuiweiju88.com/modules/article/articlelist.php?class=6"},{"name":"科幻小說","url":"https://www.cuiweiju88.com/modules/article/articlelist.php?class=7"},{"name":"恐怖靈異","url":"https://www.cuiweiju88.com/modules/article/articlelist.php?class=8"},{"name":"散文詩詞","url":"https://www.cuiweiju88.com/modules/article/articlelist.php?class=9"},{"name":"其他","url":"https://www.cuiweiju88.com/modules/article/articlelist.php?class=10"}]
