[{"name":"玄幻魔法","url":"http://www.laoqu123.com/list1/1.html"},{"name":"武俠修真","url":"http://www.laoqu123.com/list2/1.html"},{"name":"都市言情","url":"http://www.laoqu123.com/list3/1.html"},{"name":"歷史軍事","url":"http://www.laoqu123.com/list4/1.html"},{"name":"網遊動漫","url":"http://www.laoqu123.com/list5/1.html"},{"name":"恐怖靈異","url":"http://www.laoqu123.com/list6/1.html"},{"name":"科幻小說","url":"http://www.laoqu123.com/list7/1.html"},{"name":"美文同人","url":"http://www.laoqu123.com/list8/1.html"},{"name":"其他小說","url":"http://www.laoqu123.com/list9/1.html"}]
