[{"name":"排行榜","url":"https://www.8kzw.com/files/article/","more":true,"subs":[{"name":"總排行榜","url":"topallvisit/0/1.htm"},{"name":"月排行榜","url":"topmonthvisit/0/1.htm"},{"name":"周排行榜","url":"topweekvisit/0/1.htm"},{"name":"總推薦榜","url":"topallvote/0/1.htm"},{"name":"月推薦榜","url":"topmonthvote/0/1.htm"},{"name":"周推薦榜","url":"topweekvote/0/1.htm"},{"name":"最新入庫","url":"toppostdate/0/1.htm"},{"name":"總收藏榜","url":"topgoodnum/0/1.htm"},{"name":"轉載更新","url":"topmasterupdate/0/1.htm"},{"name":"字數排行","url":"topsize/0/1.htm"}]},{"name":"全本","url":"https://www.8kzw.com/modules/article/index.php?fullflag=1"},{"name":"連載更新","url":"https://www.8kzw.com/files/article/toplastupdate/0/1.htm"},{"name":"全部文章","url":"https://www.8kzw.com/files/article/sort/0/1.htm"},{"name":"玄幻奇幻","url":"https://www.8kzw.com/files/article/sort1/0/1.htm"},{"name":"仙俠武俠","url":"https://www.8kzw.com/files/article/sort2/0/1.htm"},{"name":"都市娛樂","url":"https://www.8kzw.com/files/article/sort3/0/1.htm"},{"name":"歷史軍事","url":"https://www.8kzw.com/files/article/sort4/0/1.htm"},{"name":"網游競技","url":"https://www.8kzw.com/files/article/sort5/0/1.htm"},{"name":"科幻靈異","url":"https://www.8kzw.com/files/article/sort6/0/1.htm"},{"name":"偵探同人","url":"https://www.8kzw.com/files/article/sort7/0/1.htm"}]
