[{"name":"更新列表","url":"http://www.dhzw.org/toplastupdate/1.html"},{"name":"全本小說","url":"http://www.dhzw.org/quanben/"},{"name":"玄幻小說","url":"http://www.dhzw.org/sort1/1.html"},{"name":"修真小說","url":"http://www.dhzw.org/sort2/1.html"},{"name":"都市小說","url":"http://www.dhzw.org/sort3/1.html"},{"name":"穿越小說","url":"http://www.dhzw.org/sort4/1.html"},{"name":"網遊小說","url":"http://www.dhzw.org/sort5/1.html"},{"name":"科幻小說","url":"http://www.dhzw.org/sort6/1.html"},{"name":"恐怖小說","url":"http://www.dhzw.org/sort7/1.html"},{"name":"其他小說","url":"http://www.dhzw.org/sort8/1.html"}]
