[{"name":"最近更新","url":"http://q.dmzj.com/"},{"name":"已完結","url":"http://q.dmzj.com/tags/yiwanjie.shtml"},{"name":"連載中","url":"http://q.dmzj.com/tags/lianzaizhong.shtml"},{"name":"恐怖","url":"http://q.dmzj.com/tags/kongbu.shtml"},{"name":"科幻","url":"http://q.dmzj.com/tags/kehuan.shtml"},{"name":"偵探","url":"http://q.dmzj.com/tags/zhentan.shtml"},{"name":"愛情","url":"http://q.dmzj.com/tags/aiqing.shtml"},{"name":"校園","url":"http://q.dmzj.com/tags/xiaoyuan.shtml"},{"name":"神鬼","url":"http://q.dmzj.com/tags/shengui.shtml"},{"name":"魔法","url":"http://q.dmzj.com/tags/mofa.shtml"},{"name":"冒險","url":"http://q.dmzj.com/tags/maoxian.shtml"},{"name":"其它","url":"http://q.dmzj.com/tags/qita.shtml"},{"name":"搞笑","url":"http://q.dmzj.com/tags/gaoxiao.shtml"},{"name":"格鬥","url":"http://q.dmzj.com/tags/gedou.shtml"},{"name":"機戰","url":"http://q.dmzj.com/tags/jizhan.shtml"},{"name":"仙俠","url":"http://q.dmzj.com/tags/xianxia.shtml"},{"name":"都市","url":"http://q.dmzj.com/tags/dushi.shtml"},{"name":"歷史","url":"http://q.dmzj.com/tags/lishi.shtml"},{"name":"戰爭","url":"http://q.dmzj.com/tags/zhanzheng.shtml"},{"name":"治癒","url":"http://q.dmzj.com/tags/zhiyu.shtml"},{"name":"勵志","url":"http://q.dmzj.com/tags/lizhi.shtml"},{"name":"後宮","url":"http://q.dmzj.com/tags/hougong.shtml"},{"name":"百合","url":"http://q.dmzj.com/tags/baihe.shtml"},{"name":"耽美","url":"http://q.dmzj.com/tags/danmei.shtml"},{"name":"異界","url":"http://q.dmzj.com/tags/yijie.shtml"},{"name":"異能","url":"http://q.dmzj.com/tags/yineng.shtml"},{"name":"穿越","url":"http://q.dmzj.com/tags/chuanyue.shtml"},{"name":"奇幻","url":"http://q.dmzj.com/tags/qihuan.shtml"}]
