[{"name":"最新更新","url":"https://m.ftxs.org/top-lastupdate-1/"},{"name":"全本小說","url":"https://m.ftxs.org/full-1/"},{"name":"玄幻小說","url":"https://m.ftxs.org/sort-1-1/"},{"name":"仙俠小說","url":"https://m.ftxs.org/sort-2-1/"},{"name":"言情小說","url":"https://m.ftxs.org/sort-3-1/"},{"name":"歷史小說","url":"https://m.ftxs.org/sort-4-1/"},{"name":"推理小說","url":"https://m.ftxs.org/sort-5-1/"},{"name":"網遊小說","url":"https://m.ftxs.org/sort-6-1/"},{"name":"科幻小說","url":"https://m.ftxs.org/sort-7-1/"},{"name":"恐怖小說","url":"https://m.ftxs.org/sort-8-1/"},{"name":"穿越小說","url":"https://m.ftxs.org/sort-9-1/"}]
