[{"name":"本站推薦","url":"http://m.01xiang.com/s/bzhtj"},{"name":"腐書專題","url":"http://m.01xiang.com/s/","more":true,"subs":[{"name":"重生文專題","url":"chshwzt/"},{"name":"修真文專題","url":"xzhwzt/"},{"name":"穿越文專題","url":"chywzt/"},{"name":"獸人文專題","url":"shrwzt/"},{"name":"末世文專題","url":"mshwzt/"},{"name":"機甲文專題","url":"jijia/"}]},{"name":"年度分類","url":"http://m.01xiang.com/","more":true,"subs":[{"name":"2017年","url":"2017y/"},{"name":"2016年","url":"2016y/"},{"name":"2015年","url":"2015y/"},{"name":"2014年","url":"2014y/"},{"name":"2013年","url":"2013y/"},{"name":"2012年","url":"2012nian/"},{"name":"2011年","url":"2011nian/"},{"name":"2010年","url":"2010nian/"},{"name":"2009年","url":"2009nian/"}]},{"name":"作品類型","url":"http://m.01xiang.com/","more":true,"subs":[{"name":"完結新區","url":"wanjiexinqu/"},{"name":"完結文庫","url":"wanjie/"},{"name":"穿越轉世","url":"chuanyuezhuanshi/"},{"name":"玄幻網遊","url":"xuanhuanwangyou/"},{"name":"港台小說","url":"gangtaixiaoshuo/"},{"name":"同人王道","url":"tongrenwangdao/"}]}]
