[{"name":"書庫","url":"http://www.fxnzw.com/fxnlist/_1.html"},{"name":"全本","url":"http://www.fxnzw.com/fxnlist/%E5%85%A8%E6%9C%AC_1.html"},{"name":"玄幻","url":"http://www.fxnzw.com/fxnlist/%E7%8E%84%E5%B9%BB_1.html"},{"name":"奇幻","url":"http://www.fxnzw.com/fxnlist/%E5%A5%87%E5%B9%BB_1.html"},{"name":"武俠","url":"http://www.fxnzw.com/fxnlist/%E6%AD%A6%E4%BE%A0_1.html"},{"name":"仙俠","url":"http://www.fxnzw.com/fxnlist/%E4%BB%99%E4%BE%A0_1.html"},{"name":"都市","url":"http://www.fxnzw.com/fxnlist/%E9%83%BD%E5%B8%82_1.html"},{"name":"言情","url":"http://www.fxnzw.com/fxnlist/%E8%A8%80%E6%83%85_1.html"},{"name":"歷史","url":"http://www.fxnzw.com/fxnlist/%E5%8E%86%E5%8F%B2_1.html"},{"name":"軍事","url":"http://www.fxnzw.com/fxnlist/%E5%86%9B%E4%BA%8B_1.html"},{"name":"遊戲","url":"http://www.fxnzw.com/fxnlist/%E6%B8%B8%E6%88%8F_1.html"},{"name":"競技","url":"http://www.fxnzw.com/fxnlist/%E7%AB%9E%E6%8A%80_1.html"},{"name":"科幻","url":"http://www.fxnzw.com/fxnlist/%E7%A7%91%E5%B9%BB_1.html"},{"name":"靈異","url":"http://www.fxnzw.com/fxnlist/%E7%81%B5%E5%BC%82_1.html"}]
