[{"name":"最近更新","url":"http://www.ggdown.com/top/lastupdate_1.html"},{"name":"玄幻魔法","url":"http://www.ggdown.com/lc/1_1.html"},{"name":"武俠修真","url":"http://www.ggdown.com/lc/2_1.html"},{"name":"都市言情","url":"http://www.ggdown.com/lc/3_1.html"},{"name":"穿越歷史","url":"http://www.ggdown.com/lc/4_1.html"},{"name":"青春校園","url":"http://www.ggdown.com/lc/5_1.html"},{"name":"網遊動漫","url":"http://www.ggdown.com/lc/6_1.html"},{"name":"科幻空間","url":"http://www.ggdown.com/lc/7_1.html"},{"name":"恐怖靈異","url":"http://www.ggdown.com/lc/8_1.html"},{"name":"耽美同人","url":"http://www.ggdown.com/lc/9_1.html"},{"name":"其它類型","url":"http://www.ggdown.com/lc/10_1.html"}]
