[{"name":"完結","url":"http://www.gongzicp.com/index/novel/stacks.php?stype=0&tag=0&process=2&number=0&sort=new&page=1","catId":"1","more":true,"subs":[{"name":"全部","url":"&type=0"},{"name":"古代架空","url":"&type=3"},{"name":"近代現代","url":"&type=1"},{"name":"星際科幻","url":"&type=4"},{"name":"恐怖懸疑","url":"&type=6"},{"name":"玄幻奇幻","url":"&type=9"},{"name":"同人衍生","url":"&type=16"},{"name":"唯美百合","url":"&type=17"},{"name":"短佩","url":"&type=66"},{"name":"無CP","url":"&type=73"},{"name":"言情","url":"&type=74"}]},{"name":"全部","url":"http://www.gongzicp.com/index/novel/stacks.php?stype=0&tag=0&process=0&number=0&sort=new&page=1&type=0"},{"name":"古代架空","url":"http://www.gongzicp.com/index/novel/stacks.php?stype=0&tag=0&process=0&number=0&sort=new&page=1&type=3"},{"name":"近代現代","url":"http://www.gongzicp.com/index/novel/stacks.php?stype=0&tag=0&process=0&number=0&sort=new&page=1&type=1"},{"name":"星際科幻","url":"http://www.gongzicp.com/index/novel/stacks.php?stype=0&tag=0&process=0&number=0&sort=new&page=1&type=4"},{"name":"恐怖懸疑","url":"http://www.gongzicp.com/index/novel/stacks.php?stype=0&tag=0&process=0&number=0&sort=new&page=1&type=6"},{"name":"玄幻奇幻","url":"http://www.gongzicp.com/index/novel/stacks.php?stype=0&tag=0&process=0&number=0&sort=new&page=1&type=9"},{"name":"同人衍生","url":"http://www.gongzicp.com/index/novel/stacks.php?stype=0&tag=0&process=0&number=0&sort=new&page=1&type=16"},{"name":"唯美百合","url":"http://www.gongzicp.com/index/novel/stacks.php?stype=0&tag=0&process=0&number=0&sort=new&page=1&type=17"},{"name":"短佩","url":"http://www.gongzicp.com/index/novel/stacks.php?stype=0&tag=0&process=0&number=0&sort=new&page=1&type=66"},{"name":"無CP","url":"http://www.gongzicp.com/index/novel/stacks.php?stype=0&tag=0&process=0&number=0&sort=new&page=1&type=73"},{"name":"言情","url":"http://www.gongzicp.com/index/novel/stacks.php?stype=0&tag=0&process=0&number=0&sort=new&page=1&type=74"}]
