[{"name":"古代架空","url":"https://www.gongzicp.com/home/type/id/3"},{"name":"近代現代","url":"https://www.gongzicp.com/home/type/id/1"},{"name":"星際科幻","url":"https://www.gongzicp.com/home/type/id/4"},{"name":"恐怖懸疑","url":"https://www.gongzicp.com/home/type/id/6"},{"name":"玄幻奇幻","url":"https://www.gongzicp.com/home/type/id/9"},{"name":"唯美百合","url":"https://www.gongzicp.com/home/type/id/17"},{"name":"短佩","url":"https://www.gongzicp.com/home/type/id/66"},{"name":"無CP","url":"https://www.gongzicp.com/home/type/id/73"},{"name":"言情","url":"https://www.gongzicp.com/home/yq"},{"name":"同人","url":"https://www.gongzicp.com/home/tr"}]
