[{"name":"小說","url":"http://www.gongzicp.com/module/novel/type.php?page=1&tagid=0","catId":"1","more":true,"subs":[{"name":"全部","url":"&tid=0"},{"name":"古代架空","url":"&tid=3"},{"name":"近代現代","url":"&tid=1"},{"name":"星際科幻","url":"&tid=4"},{"name":"恐怖懸疑","url":"&tid=6"},{"name":"玄幻奇幻","url":"&tid=9"},{"name":"同人衍生","url":"&tid=16"},{"name":"唯美百合","url":"&tid=17"},{"name":"其他","url":"&tid=60"}]},{"name":"短佩","url":"http://www.gongzicp.com/module/article/type.php?page=1","catId":"3","more":true,"subs":[{"name":"全部","url":"&tid=2"},{"name":"短篇小說","url":"&tid=5"},{"name":"段子萌梗","url":"&tid=7"},{"name":"腦洞大綱","url":"&tid=6"},{"name":"同人衍生","url":"&tid=9"},{"name":"散文隨筆","url":"&tid=10"},{"name":"短佩徵文","url":"&tid=16"}]}]
