[{"name":"作家列表","url":"https://www.guishuji.com/writer/"},{"name":"恐怖小說","url":"https://www.guishuji.com/kongbu/"},{"name":"道士小說","url":"https://www.guishuji.com/daoshi/"},{"name":"盜墓小說","url":"https://www.guishuji.com/daomu/"},{"name":"言情小說","url":"https://www.guishuji.com/yanqing/"},{"name":"都市小說","url":"https://www.guishuji.com/dushi/"},{"name":"武俠小說","url":"https://www.guishuji.com/wuxia/"},{"name":"科幻小說","url":"https://www.guishuji.com/kehuan/"},{"name":"官場小說","url":"https://www.guishuji.com/guanchang/"},{"name":"古典文學","url":"https://www.guishuji.com/gudian/"},{"name":"網絡小說","url":"https://www.guishuji.com/wangluo/"},{"name":"外國小說","url":"https://www.guishuji.com/waiguo/"},{"name":"現代小說","url":"https://www.guishuji.com/xiandai/"},{"name":"兒童小說","url":"https://www.guishuji.com/ertong/"},{"name":"國學小說","url":"https://www.guishuji.com/guoxue/"},{"name":"邏輯思維小說","url":"https://www.guishuji.com/luojisiwei/"},{"name":"創業小說","url":"https://www.guishuji.com/chuangye/"},{"name":"互聯網小說","url":"https://www.guishuji.com/hulianwang/"},{"name":"青春小說","url":"https://www.guishuji.com/qingchun/"}]
