[{"name":"完本","url":"http://www.ciweimao.com/book_list/","more":true,"subs":[{"name":"全部","url":"0-0-0-0-0-1/%E5%85%A8%E9%83%A8/1"},{"name":"青春日常","url":"1-27-0-0-0-1/%E5%85%A8%E9%83%A8/1"},{"name":"異界幻想","url":"1-8-0-0-0-1/%E5%85%A8%E9%83%A8/1"},{"name":"動漫穿越","url":"1-10-0-0-0-1/%E5%85%A8%E9%83%A8/1"},{"name":"神秘未知","url":"1-1-0-0-0-1/%E5%85%A8%E9%83%A8/1"},{"name":"戰爭歷史","url":"1-30-0-0-0-1/%E5%85%A8%E9%83%A8/1"},{"name":"推理靈異","url":"1-7-0-0-0-1/%E5%85%A8%E9%83%A8/1"},{"name":"未來幻想","url":"1-6-0-0-0-1/%E5%85%A8%E9%83%A8/1"},{"name":"遊戲世界","url":"1-3-0-0-0-1/%E5%85%A8%E9%83%A8/1"},{"name":"熱血競技","url":"1-5-0-0-0-1/%E5%85%A8%E9%83%A8/1"},{"name":"超現實都市","url":"1-29-0-0-0-1/%E5%85%A8%E9%83%A8/1"},{"name":"同人","url":"1-24-0-0-0-1/%E5%85%A8%E9%83%A8/1"},{"name":"女頻","url":"2-11-0-0-0-1/%E5%85%A8%E9%83%A8/1"}]},{"name":"免費","url":"http://www.ciweimao.com/book_list/","more":true,"subs":[{"name":"全部","url":"0-0-0-0-0-2/%E5%85%A8%E9%83%A8/1"},{"name":"青春日常","url":"1-27-0-0-0-2/%E5%85%A8%E9%83%A8/1"},{"name":"異界幻想","url":"1-8-0-0-0-2/%E5%85%A8%E9%83%A8/1"},{"name":"動漫穿越","url":"1-10-0-0-0-2/%E5%85%A8%E9%83%A8/1"},{"name":"神秘未知","url":"1-1-0-0-0-2/%E5%85%A8%E9%83%A8/1"},{"name":"戰爭歷史","url":"1-30-0-0-0-2/%E5%85%A8%E9%83%A8/1"},{"name":"推理靈異","url":"1-7-0-0-0-2/%E5%85%A8%E9%83%A8/1"},{"name":"未來幻想","url":"1-6-0-0-0-2/%E5%85%A8%E9%83%A8/1"},{"name":"遊戲世界","url":"1-3-0-0-0-2/%E5%85%A8%E9%83%A8/1"},{"name":"熱血競技","url":"1-5-0-0-0-2/%E5%85%A8%E9%83%A8/1"},{"name":"超現實都市","url":"1-29-0-0-0-2/%E5%85%A8%E9%83%A8/1"},{"name":"同人","url":"1-24-0-0-0-2/%E5%85%A8%E9%83%A8/1"},{"name":"女頻","url":"2-11-0-0-0-2/%E5%85%A8%E9%83%A8/1"}]},{"name":"全部","url":"http://www.ciweimao.com/book_list/0-0-0-0-0-0/%E5%85%A8%E9%83%A8/1"},{"name":"青春日常","url":"http://www.ciweimao.com/book_list/1-27-0-0-0-0/%E5%85%A8%E9%83%A8/1"},{"name":"異界幻想","url":"http://www.ciweimao.com/book_list/1-8-0-0-0-0/%E5%85%A8%E9%83%A8/1"},{"name":"動漫穿越","url":"http://www.ciweimao.com/book_list/1-10-0-0-0-0/%E5%85%A8%E9%83%A8/1"},{"name":"神秘未知","url":"http://www.ciweimao.com/book_list/1-1-0-0-0-0/%E5%85%A8%E9%83%A8/1"},{"name":"戰爭歷史","url":"http://www.ciweimao.com/book_list/1-30-0-0-0-0/%E5%85%A8%E9%83%A8/1"},{"name":"推理靈異","url":"http://www.ciweimao.com/book_list/1-7-0-0-0-0/%E5%85%A8%E9%83%A8/1"},{"name":"未來幻想","url":"http://www.ciweimao.com/book_list/1-6-0-0-0-0/%E5%85%A8%E9%83%A8/1"},{"name":"遊戲世界","url":"http://www.ciweimao.com/book_list/1-3-0-0-0-0/%E5%85%A8%E9%83%A8/1"},{"name":"熱血競技","url":"http://www.ciweimao.com/book_list/1-5-0-0-0-0/%E5%85%A8%E9%83%A8/1"},{"name":"超現實都市","url":"http://www.ciweimao.com/book_list/1-29-0-0-0-0/%E5%85%A8%E9%83%A8/1"},{"name":"同人","url":"http://www.ciweimao.com/book_list/1-24-0-0-0-0/%E5%85%A8%E9%83%A8/1"},{"name":"女頻","url":"http://www.ciweimao.com/book_list/2-11-0-0-0-0/%E5%85%A8%E9%83%A8/1"}]
