[{"name":"完本","url":"http://www.hbooker.com/book_list/","more":true,"subs":[{"name":"全部","url":"0-0-0-0-0-1/1"},{"name":"宅文","url":"http://www.hbooker.com/book_list/","more":true,"subs":[{"name":"全部","url":"1-0-0-0-0-1/1"},{"name":"神秘未知","url":"1-1-0-0-0-1/1"},{"name":"都市","url":"1-2-0-0-0-1/1"},{"name":"遊戲世界","url":"1-3-0-0-0-1/1"},{"name":"軍事","url":"1-4-0-0-0-1/1"},{"name":"熱血競技","url":"1-5-0-0-0-1/1"},{"name":"未來幻想","url":"1-6-0-0-0-1/1"},{"name":"推理靈異","url":"1-7-0-0-0-1/1"},{"name":"異界幻想","url":"1-8-0-0-0-1/1"},{"name":"仙俠","url":"1-9-0-0-0-1/1"},{"name":"動漫穿越","url":"1-10-0-0-0-1/1"},{"name":"青春日常","url":"1-27-0-0-0-1/1"},{"name":"奇幻","url":"1-28-0-0-0-1/1"},{"name":"超現實都市","url":"1-29-0-0-0-1/1"},{"name":"戰爭歷史","url":"1-30-0-0-0-1/1"}]},{"name":"女生","url":"http://www.hbooker.com/book_list/","more":true,"subs":[{"name":"全部","url":"2-0-0-0-0-1/1"},{"name":"女頻","url":"2-11-0-0-0-1/1"},{"name":"現言","url":"2-13-0-0-0-1/1"},{"name":"青春","url":"2-14-0-0-0-1/1"},{"name":"仙俠","url":"2-15-0-0-0-1/1"},{"name":"奇幻","url":"2-16-0-0-0-1/1"},{"name":"科幻","url":"2-17-0-0-0-1/1"},{"name":"靈異","url":"2-26-0-0-0-1/1"},{"name":"遊戲","url":"2-31-0-0-0-1/1"},{"name":"懸疑","url":"2-32-0-0-0-1/1"},{"name":"玄幻","url":"2-33-0-0-0-1/1"},{"name":"耽美","url":"2-34-0-0-0-1/1"}]}]},{"name":"免費","url":"http://www.hbooker.com/book_list/","more":true,"subs":[{"name":"全部","url":"0-0-0-0-0-2/1"},{"name":"宅文","url":"http://www.hbooker.com/book_list/","more":true,"subs":[{"name":"全部","url":"1-0-0-0-0-2/1"},{"name":"神秘未知","url":"1-1-0-0-0-2/1"},{"name":"都市","url":"1-2-0-0-0-2/1"},{"name":"遊戲世界","url":"1-3-0-0-0-2/1"},{"name":"軍事","url":"1-4-0-0-0-2/1"},{"name":"熱血競技","url":"1-5-0-0-0-2/1"},{"name":"未來幻想","url":"1-6-0-0-0-2/1"},{"name":"推理靈異","url":"1-7-0-0-0-2/1"},{"name":"異界幻想","url":"1-8-0-0-0-2/1"},{"name":"仙俠","url":"1-9-0-0-0-2/1"},{"name":"動漫穿越","url":"1-10-0-0-0-2/1"},{"name":"青春日常","url":"1-27-0-0-0-2/1"},{"name":"奇幻","url":"1-28-0-0-0-2/1"},{"name":"超現實都市","url":"1-29-0-0-0-2/1"},{"name":"戰爭歷史","url":"1-30-0-0-0-2/1"}]},{"name":"同人","url":"5-0-0-0-0-2/1"},{"name":"女生","url":"http://www.hbooker.com/book_list/","more":true,"subs":[{"name":"全部","url":"2-0-0-0-0-2/1"},{"name":"女頻","url":"2-11-0-0-0-2/1"},{"name":"現言","url":"2-13-0-0-0-2/1"},{"name":"青春","url":"2-14-0-0-0-2/1"},{"name":"仙俠","url":"2-15-0-0-0-2/1"},{"name":"奇幻","url":"2-16-0-0-0-2/1"},{"name":"科幻","url":"2-17-0-0-0-2/1"},{"name":"靈異","url":"2-26-0-0-0-2/1"},{"name":"遊戲","url":"2-31-0-0-0-2/1"},{"name":"懸疑","url":"2-32-0-0-0-2/1"},{"name":"玄幻","url":"2-33-0-0-0-2/1"},{"name":"耽美","url":"2-34-0-0-0-2/1"}]}]},{"name":"全部","url":"http://www.hbooker.com/book_list/0-0-0-0-0-0/1"},{"name":"宅文","url":"http://www.hbooker.com/book_list/","more":true,"subs":[{"name":"全部","url":"1-0-0-0-0-0/1"},{"name":"神秘未知","url":"1-1-0-0-0-0/1"},{"name":"都市","url":"1-2-0-0-0-0/1"},{"name":"遊戲世界","url":"1-3-0-0-0-0/1"},{"name":"軍事","url":"1-4-0-0-0-0/1"},{"name":"熱血競技","url":"1-5-0-0-0-0/1"},{"name":"未來幻想","url":"1-6-0-0-0-0/1"},{"name":"推理靈異","url":"1-7-0-0-0-0/1"},{"name":"異界幻想","url":"1-8-0-0-0-0/1"},{"name":"仙俠","url":"1-9-0-0-0-0/1"},{"name":"動漫穿越","url":"1-10-0-0-0-0/1"},{"name":"青春日常","url":"1-27-0-0-0-0/1"},{"name":"奇幻","url":"1-28-0-0-0-0/1"},{"name":"超現實都市","url":"1-29-0-0-0-0/1"},{"name":"戰爭歷史","url":"1-30-0-0-0-0/1"}]},{"name":"同人","url":"http://www.hbooker.com/book_list/5-0-0-0-0-0/1"},{"name":"女生","url":"http://www.hbooker.com/book_list/","more":true,"subs":[{"name":"全部","url":"2-0-0-0-0-0/1"},{"name":"女頻","url":"2-11-0-0-0-0/1"},{"name":"現言","url":"2-13-0-0-0-0/1"},{"name":"青春","url":"2-14-0-0-0-0/1"},{"name":"仙俠","url":"2-15-0-0-0-0/1"},{"name":"奇幻","url":"2-16-0-0-0-0/1"},{"name":"科幻","url":"2-17-0-0-0-0/1"},{"name":"靈異","url":"2-26-0-0-0-0/1"},{"name":"遊戲","url":"2-31-0-0-0-0/1"},{"name":"懸疑","url":"2-32-0-0-0-0/1"},{"name":"玄幻","url":"2-33-0-0-0-0/1"},{"name":"耽美","url":"2-34-0-0-0-0/1"}]}]
