[{"name":"完本","url":"http://www.hbooker.com/book_list/","more":true,"subs":[{"name":"全部","url":"0-0-0-0-0-1/%E5%85%A8%E9%83%A8/1"},{"name":"異界幻想","url":"0-8-0-0-0-1/%E5%85%A8%E9%83%A8/1"},{"name":"青春日常","url":"0-27-0-0-0-1/%E5%85%A8%E9%83%A8/1"},{"name":"動漫穿越","url":"0-10-0-0-0-1/%E5%85%A8%E9%83%A8/1"},{"name":"神秘未知","url":"0-1-0-0-0-1/%E5%85%A8%E9%83%A8/1"},{"name":"青春","url":"0-14-0-0-0-1/%E5%85%A8%E9%83%A8/1","nonovels":true},{"name":"戰爭歷史","url":"0-30-0-0-0-1/%E5%85%A8%E9%83%A8/1"},{"name":"推理靈異","url":"0-7-0-0-0-1/%E5%85%A8%E9%83%A8/1"},{"name":"未來幻想","url":"0-6-0-0-0-1/%E5%85%A8%E9%83%A8/1"},{"name":"遊戲世界","url":"0-3-0-0-0-1/%E5%85%A8%E9%83%A8/1"},{"name":"熱血競技","url":"0-5-0-0-0-1/%E5%85%A8%E9%83%A8/1"},{"name":"超現實都市","url":"0-29-0-0-0-1/%E5%85%A8%E9%83%A8/1"},{"name":"同人","url":"0-24-0-0-0-1/%E5%85%A8%E9%83%A8/1"},{"name":"女頻","url":"0-11-0-0-0-1/%E5%85%A8%E9%83%A8/1"}]},{"name":"免費","url":"http://www.hbooker.com/book_list/","more":true,"subs":[{"name":"全部","url":"0-0-0-0-0-2/%E5%85%A8%E9%83%A8/1"},{"name":"異界幻想","url":"0-8-0-0-0-2/%E5%85%A8%E9%83%A8/1"},{"name":"青春日常","url":"0-27-0-0-0-2/%E5%85%A8%E9%83%A8/1"},{"name":"動漫穿越","url":"0-10-0-0-0-2/%E5%85%A8%E9%83%A8/1"},{"name":"神秘未知","url":"0-1-0-0-0-2/%E5%85%A8%E9%83%A8/1"},{"name":"青春","url":"0-14-0-0-0-2/%E5%85%A8%E9%83%A8/1"},{"name":"戰爭歷史","url":"0-30-0-0-0-2/%E5%85%A8%E9%83%A8/1"},{"name":"推理靈異","url":"0-7-0-0-0-2/%E5%85%A8%E9%83%A8/1"},{"name":"未來幻想","url":"0-6-0-0-0-2/%E5%85%A8%E9%83%A8/1"},{"name":"遊戲世界","url":"0-3-0-0-0-2/%E5%85%A8%E9%83%A8/1"},{"name":"熱血競技","url":"0-5-0-0-0-2/%E5%85%A8%E9%83%A8/1"},{"name":"超現實都市","url":"0-29-0-0-0-2/%E5%85%A8%E9%83%A8/1"},{"name":"同人","url":"0-24-0-0-0-2/%E5%85%A8%E9%83%A8/1"},{"name":"女頻","url":"0-11-0-0-0-2/%E5%85%A8%E9%83%A8/1"}]},{"name":"全部","url":"http://www.hbooker.com/book_list/0-0-0-0-0-0/%E5%85%A8%E9%83%A8/1"},{"name":"異界幻想","url":"http://www.hbooker.com/book_list/0-8-0-0-0-0/%E5%85%A8%E9%83%A8/1"},{"name":"青春日常","url":"http://www.hbooker.com/book_list/0-27-0-0-0-0/%E5%85%A8%E9%83%A8/1"},{"name":"動漫穿越","url":"http://www.hbooker.com/book_list/0-10-0-0-0-0/%E5%85%A8%E9%83%A8/1"},{"name":"神秘未知","url":"http://www.hbooker.com/book_list/0-1-0-0-0-0/%E5%85%A8%E9%83%A8/1"},{"name":"青春","url":"http://www.hbooker.com/book_list/0-14-0-0-0-0/%E5%85%A8%E9%83%A8/1"},{"name":"戰爭歷史","url":"http://www.hbooker.com/book_list/0-30-0-0-0-0/%E5%85%A8%E9%83%A8/1"},{"name":"推理靈異","url":"http://www.hbooker.com/book_list/0-7-0-0-0-0/%E5%85%A8%E9%83%A8/1"},{"name":"未來幻想","url":"http://www.hbooker.com/book_list/0-6-0-0-0-0/%E5%85%A8%E9%83%A8/1"},{"name":"遊戲世界","url":"http://www.hbooker.com/book_list/0-3-0-0-0-0/%E5%85%A8%E9%83%A8/1"},{"name":"熱血競技","url":"http://www.hbooker.com/book_list/0-5-0-0-0-0/%E5%85%A8%E9%83%A8/1"},{"name":"超現實都市","url":"http://www.hbooker.com/book_list/0-29-0-0-0-0/%E5%85%A8%E9%83%A8/1"},{"name":"同人","url":"http://www.hbooker.com/book_list/0-24-0-0-0-0/%E5%85%A8%E9%83%A8/1"},{"name":"女頻","url":"http://www.hbooker.com/book_list/0-11-0-0-0-0/%E5%85%A8%E9%83%A8/1"}]
