[{"name":"最近更新","url":"https://www.heihei66.com/top/lastupdate/1.shtml"},{"name":"玄幻奇幻","url":"https://www.heihei66.com/list/1_1.shtml"},{"name":"武俠仙俠","url":"https://www.heihei66.com/list/2_1.shtml"},{"name":"都市言情","url":"https://www.heihei66.com/list/3_1.shtml"},{"name":"歷史軍事","url":"https://www.heihei66.com/list/4_1.shtml"},{"name":"同人漫畫","url":"https://www.heihei66.com/list/5_1.shtml"},{"name":"網遊小說","url":"https://www.heihei66.com/list/6_1.shtml"},{"name":"科幻小說","url":"https://www.heihei66.com/list/7_1.shtml"},{"name":"靈異小說","url":"https://www.heihei66.com/list/8_1.shtml"},{"name":"其他小說","url":"https://www.heihei66.com/list/9_1.shtml"}]
