[{"name":"男頻","url":"http://wap.yc.ireader.com.cn/books/nan/c0/mc0/","more":true,"subs":[{"name":"已完結 (免費)","url":"l2/v1/default/"},{"name":"已完結","url":"l2/v0/default/"},{"name":"免費","url":"l0/v1/default/"},{"name":"全部","url":"l0/v0/default/"}]},{"name":"女頻","url":"http://wap.yc.ireader.com.cn/books/nv/c0/mc0/","more":true,"subs":[{"name":"已完結 (免費)","url":"l2/v1/default/"},{"name":"已完結","url":"l2/v0/default/"},{"name":"免費","url":"l0/v1/default/"},{"name":"全部","url":"l0/v0/default/"}]}]
