[{"name":"全部","url":"http://www.kuuhuu.com/modules/article/articlefilter.php?order=lastupdate&page=1"},{"name":"玄幻","url":"http://www.kuuhuu.com/modules/article/articlefilter.php?order=lastupdate&page=1&sortid=1"},{"name":"仙俠","url":"http://www.kuuhuu.com/modules/article/articlefilter.php?order=lastupdate&page=1&sortid=2"},{"name":"都市","url":"http://www.kuuhuu.com/modules/article/articlefilter.php?order=lastupdate&page=1&sortid=3"},{"name":"歷史","url":"http://www.kuuhuu.com/modules/article/articlefilter.php?order=lastupdate&page=1&sortid=4"},{"name":"軍事","url":"http://www.kuuhuu.com/modules/article/articlefilter.php?order=lastupdate&page=1&sortid=5"},{"name":"靈異","url":"http://www.kuuhuu.com/modules/article/articlefilter.php?order=lastupdate&page=1&sortid=6"},{"name":"科幻","url":"http://www.kuuhuu.com/modules/article/articlefilter.php?order=lastupdate&page=1&sortid=7"},{"name":"遊戲","url":"http://www.kuuhuu.com/modules/article/articlefilter.php?order=lastupdate&page=1&sortid=8"},{"name":"現言","url":"http://www.kuuhuu.com/modules/article/articlefilter.php?order=lastupdate&page=1&sortid=9"},{"name":"古言","url":"http://www.kuuhuu.com/modules/article/articlefilter.php?order=lastupdate&page=1&sortid=10"},{"name":"幻想","url":"http://www.kuuhuu.com/modules/article/articlefilter.php?order=lastupdate&page=1&sortid=11"},{"name":"其他","url":"http://www.kuuhuu.com/modules/article/articlefilter.php?order=lastupdate&page=1&sortid=12"}]
