[{"name":"全本小說","url":"https://www.lingdiankanshu.co/quanben/"},{"name":"玄幻奇幻","url":"https://www.lingdiankanshu.co/class/1_1.html"},{"name":"武俠仙俠","url":"https://www.lingdiankanshu.co/class/2_1.html"},{"name":"都市言情","url":"https://www.lingdiankanshu.co/class/3_1.html"},{"name":"歷史軍事","url":"https://www.lingdiankanshu.co/class/4_1.html"},{"name":"科幻靈異","url":"https://www.lingdiankanshu.co/class/5_1.html"},{"name":"網遊競技","url":"https://www.lingdiankanshu.co/class/6_1.html"},{"name":"女頻頻道","url":"https://www.lingdiankanshu.co/class/7_1.html"}]
