[{"name":"玄幻","url":"http://www.lread.net/sort/1/1.html"},{"name":"都市","url":"http://www.lread.net/sort/2/1.html"},{"name":"歷史軍事","url":"http://www.lread.net/sort/3/1.html"},{"name":"科幻","url":"http://www.lread.net/sort/4/1.html"},{"name":"懸疑","url":"http://www.lread.net/sort/5/1.html"},{"name":"遊戲","url":"http://www.lread.net/sort/6/1.html"},{"name":"女生穿越","url":"http://www.lread.net/sort/7/1.html"},{"name":"現言","url":"http://www.lread.net/sort/15/1.html"},{"name":"古言","url":"http://www.lread.net/sort/16/1.html"},{"name":"豪門","url":"http://www.lread.net/sort/17/1.html"},{"name":"青春","url":"http://www.lread.net/sort/18/1.html"}]
