[{"name":"全本小說","url":"https://www.mywenxue.com/Book/ShowBookOver.aspx"},{"name":"最新更新","url":"https://www.mywenxue.com/Book/ShowBookList.aspx"},{"name":"武俠·仙俠","url":"https://www.mywenxue.com/Book/LC/6.shtml"},{"name":"都市·言情","url":"https://www.mywenxue.com/Book/LC/7.shtml"},{"name":"歷史·軍事","url":"https://www.mywenxue.com/Book/LC/8.shtml"},{"name":"網遊·競技","url":"https://www.mywenxue.com/Book/LC/10.shtml"},{"name":"恐怖·靈異","url":"https://www.mywenxue.com/Book/LC/12.shtml"},{"name":"偵探·推理","url":"https://www.mywenxue.com/Book/LC/9.shtml"},{"name":"玄幻·奇幻","url":"https://www.mywenxue.com/Book/LC/5.shtml"},{"name":"科幻小說","url":"https://www.mywenxue.com/Book/LC/11.shtml"},{"name":"其他類型","url":"https://www.mywenxue.com/Book/LC/14.shtml"}]
