[{"name":"全本小說","url":"https://www.mzsw123.com/modules/article/index.php?fullflag=1"},{"name":"最近更新","url":"https://www.mzsw123.com/toplastupdate/"},{"name":"玄幻小說","url":"https://www.mzsw123.com/sortid_1/"},{"name":"網遊小說","url":"https://www.mzsw123.com/sortid_5/"},{"name":"修真小說","url":"https://www.mzsw123.com/sortid_2/"},{"name":"都市小說","url":"https://www.mzsw123.com/sortid_3/"},{"name":"穿越小說","url":"https://www.mzsw123.com/sortid_4/"},{"name":"科幻小說","url":"https://www.mzsw123.com/sortid_6/"},{"name":"美文同人","url":"https://www.mzsw123.com/sortid_7/"},{"name":"其他小說","url":"https://www.mzsw123.com/sortid_8/"}]
