[{"name":"排行榜","url":"http://www.paomov.com/shuku/","more":true,"subs":[{"name":"完本","url":"http://www.paomov.com/shuku/","more":true,"subs":[{"name":"總點擊榜","url":"daquan_allvisit_0_0_0_0_2_0_1.html"},{"name":"月點擊榜","url":"daquan_monthvisit_0_0_0_0_2_0_1.html"},{"name":"周點擊榜","url":"daquan_weekvisit_0_0_0_0_2_0_1.html"},{"name":"日點擊榜","url":"daquan_dayvisit_0_0_0_0_2_0_1.html"},{"name":"總推薦榜","url":"daquan_allvote_0_0_0_0_2_0_1.html"},{"name":"月推薦榜","url":"daquan_monthvote_0_0_0_0_2_0_1.html"},{"name":"周推薦榜","url":"daquan_weekvote_0_0_0_0_2_0_1.html"},{"name":"日推薦榜","url":"daquan_dayvote_0_0_0_0_2_0_1.html"},{"name":"總收藏榜","url":"daquan_goodnum_0_0_0_0_2_0_1.html"},{"name":"總字數榜","url":"daquan_size_0_0_0_0_2_0_1.html"},{"name":"最新入庫","url":"daquan_postdate_0_0_0_0_2_0_1.html"}]},{"name":"總點擊榜","url":"daquan_allvisit_0_0_0_0_0_0_1.html"},{"name":"月點擊榜","url":"daquan_monthvisit_0_0_0_0_0_0_1.html"},{"name":"周點擊榜","url":"daquan_weekvisit_0_0_0_0_0_0_1.html"},{"name":"日點擊榜","url":"daquan_dayvisit_0_0_0_0_0_0_1.html"},{"name":"總推薦榜","url":"daquan_allvote_0_0_0_0_0_0_1.html"},{"name":"月推薦榜","url":"daquan_monthvote_0_0_0_0_0_0_1.html"},{"name":"周推薦榜","url":"daquan_weekvote_0_0_0_0_0_0_1.html"},{"name":"日推薦榜","url":"daquan_dayvote_0_0_0_0_0_0_1.html"},{"name":"總收藏榜","url":"daquan_goodnum_0_0_0_0_0_0_1.html"},{"name":"總字數榜","url":"daquan_size_0_0_0_0_0_0_1.html"},{"name":"最新入庫","url":"daquan_postdate_0_0_0_0_0_0_1.html"}]},{"name":"完本","url":"http://www.paomov.com/shuku/","more":true,"subs":[{"name":"最近更新","url":"http://www.paomov.com/shuku/daquan_lastupdate_0_0_0_0_2_0_1.html"},{"name":"全部小說","url":"http://www.paomov.com/shuku/daquan_default_0_0_0_0_2_0_1.html"},{"name":"玄幻","url":"http://www.paomov.com/shuku/xh_default_0_0_0_0_2_0_1.html"},{"name":"奇幻","url":"http://www.paomov.com/shuku/wx_default_0_0_0_0_2_0_1.html"},{"name":"武俠","url":"http://www.paomov.com/shuku/ds_default_0_0_0_0_2_0_1.html"},{"name":"仙俠","url":"http://www.paomov.com/shuku/ls_default_0_0_0_0_2_0_1.html"},{"name":"都市","url":"http://www.paomov.com/shuku/kh_default_0_0_0_0_2_0_1.html"},{"name":"職場","url":"http://www.paomov.com/shuku/yq_default_0_0_0_0_2_0_1.html"},{"name":"歷史","url":"http://www.paomov.com/shuku/cy_default_0_0_0_0_2_0_1.html"},{"name":"軍事","url":"http://www.paomov.com/shuku/dm_default_0_0_0_0_2_0_1.html"},{"name":"遊戲","url":"http://www.paomov.com/shuku/kb_default_0_0_0_0_2_0_1.html"},{"name":"競技","url":"http://www.paomov.com/shuku/wy_default_0_0_0_0_2_0_1.html"},{"name":"科幻","url":"http://www.paomov.com/shuku/tl_default_0_0_0_0_2_0_1.html"},{"name":"靈異","url":"http://www.paomov.com/shuku/dp_default_0_0_0_0_2_0_1.html"},{"name":"同人","url":"http://www.paomov.com/shuku/mz_default_0_0_0_0_2_0_1.html"}]},{"name":"最近更新","url":"http://www.paomov.com/shuku/daquan_lastupdate_0_0_0_0_0_0_1.html"},{"name":"全部小說","url":"http://www.paomov.com/shuku/daquan_default_0_0_0_0_0_0_1.html"},{"name":"玄幻","url":"http://www.paomov.com/shuku/xh_default_0_0_0_0_0_0_1.html"},{"name":"奇幻","url":"http://www.paomov.com/shuku/wx_default_0_0_0_0_0_0_1.html"},{"name":"武俠","url":"http://www.paomov.com/shuku/ds_default_0_0_0_0_0_0_1.html"},{"name":"仙俠","url":"http://www.paomov.com/shuku/ls_default_0_0_0_0_0_0_1.html"},{"name":"都市","url":"http://www.paomov.com/shuku/kh_default_0_0_0_0_0_0_1.html"},{"name":"職場","url":"http://www.paomov.com/shuku/yq_default_0_0_0_0_0_0_1.html"},{"name":"歷史","url":"http://www.paomov.com/shuku/cy_default_0_0_0_0_0_0_1.html"},{"name":"軍事","url":"http://www.paomov.com/shuku/dm_default_0_0_0_0_0_0_1.html"},{"name":"遊戲","url":"http://www.paomov.com/shuku/kb_default_0_0_0_0_0_0_1.html"},{"name":"競技","url":"http://www.paomov.com/shuku/wy_default_0_0_0_0_0_0_1.html"},{"name":"科幻","url":"http://www.paomov.com/shuku/tl_default_0_0_0_0_0_0_1.html"},{"name":"靈異","url":"http://www.paomov.com/shuku/dp_default_0_0_0_0_0_0_1.html"},{"name":"同人","url":"http://www.paomov.com/shuku/mz_default_0_0_0_0_0_0_1.html"}]
