[{"name":"全本","url":"http://www.phpwx.com/phplist/%E5%85%A8%E6%9C%AC.html"},{"name":"奇幻","url":"http://www.phpwx.com/phplist/%E5%A5%87%E5%B9%BB.html"},{"name":"玄幻","url":"http://www.phpwx.com/phplist/%E7%8E%84%E5%B9%BB.html"},{"name":"武俠","url":"http://www.phpwx.com/phplist/%E6%AD%A6%E4%BE%A0.html"},{"name":"仙俠","url":"http://www.phpwx.com/phplist/%E4%BB%99%E4%BE%A0.html"},{"name":"歷史","url":"http://www.phpwx.com/phplist/%E5%8E%86%E5%8F%B2.html"},{"name":"軍事","url":"http://www.phpwx.com/phplist/%E5%86%9B%E4%BA%8B.html"},{"name":"都市","url":"http://www.phpwx.com/phplist/%E9%83%BD%E5%B8%82.html"},{"name":"娛樂","url":"http://www.phpwx.com/phplist/%E5%A8%B1%E4%B9%90.html"},{"name":"競技","url":"http://www.phpwx.com/phplist/%E7%AB%9E%E6%8A%80.html"},{"name":"同人","url":"http://www.phpwx.com/phplist/%E5%90%8C%E4%BA%BA.html"},{"name":"科幻","url":"http://www.phpwx.com/phplist/%E7%A7%91%E5%B9%BB.html"},{"name":"遊戲","url":"http://www.phpwx.com/phplist/%E6%B8%B8%E6%88%8F.html"}]
