[{"name":"排行榜","url":"https://www.piaotianzw.com/top/","more":true,"subs":[{"name":"總排行榜","url":"allvisit/1.html"},{"name":"最新新書","url":"postdate/1.html"},{"name":"日點擊榜","url":"dayvisit/1.html"},{"name":"周點擊榜","url":"weekvisit/1.html"},{"name":"月點擊榜","url":"monthvisit/1.html"},{"name":"總點擊榜","url":"allvisit/1.html"},{"name":"日推薦榜","url":"dayvote/1.html"},{"name":"周推薦榜","url":"weekvote/1.html"},{"name":"月推薦榜","url":"monthvote/1.html"},{"name":"總推薦榜","url":"allvote/1.html"},{"name":"字數排行","url":"size/1.html"},{"name":"總收藏榜","url":"goodnum/1.html"},{"name":"本站推薦","url":"toptime/1.html"}]},{"name":"完本小說","url":"https://www.piaotianzw.com/quanben/"},{"name":"最近更新","url":"https://www.piaotianzw.com/top/lastupdate/1.html"},{"name":"玄幻魔法","url":"https://www.piaotianzw.com/fenlei/1_1.html"},{"name":"言情小說","url":"https://www.piaotianzw.com/fenlei/2_1.html"},{"name":"仙俠修真","url":"https://www.piaotianzw.com/fenlei/3_1.html"},{"name":"都市小說","url":"https://www.piaotianzw.com/fenlei/4_1.html"},{"name":"歷史小說","url":"https://www.piaotianzw.com/fenlei/5_1.html"},{"name":"網遊小說","url":"https://www.piaotianzw.com/fenlei/6_1.html"},{"name":"競技小說","url":"https://www.piaotianzw.com/fenlei/7_1.html"},{"name":"科幻小說","url":"https://www.piaotianzw.com/fenlei/8_1.html"}]
