[{"name":"玄幻魔幻","url":"http://www.qbxs5.com/class/1_1/"},{"name":"現代都市","url":"http://www.qbxs5.com/class/2_1/"},{"name":"仙俠武俠","url":"http://www.qbxs5.com/class/3_1/"},{"name":"歷史軍事","url":"http://www.qbxs5.com/class/4_1/"},{"name":"言情小說","url":"http://www.qbxs5.com/class/5_1/"},{"name":"遊戲競技","url":"http://www.qbxs5.com/class/6_1/"},{"name":"科幻靈異","url":"http://www.qbxs5.com/class/7_1/"},{"name":"美文同人","url":"http://www.qbxs5.com/class/8_1/"},{"name":"其他類型","url":"http://www.qbxs5.com/class/10_1/"}]
