[{"name":"已完結 (不包含 VIP 作品)","url":"http://a.qidian.com/mm?size=-1&sign=-1&tag=-1&subCateId=-1&orderId=11&update=-1&page=1&month=-1&style=1&action=1&vip=0","more":true,"subs":[{"name":"全部","url":"&chanId=-1"},{"name":"古代言情","url":"&chanId=80"},{"name":"仙俠奇緣","url":"&chanId=81"},{"name":"現代言情","url":"&chanId=82"},{"name":"浪漫青春","url":"&chanId=83"},{"name":"玄幻言情","url":"&chanId=84"},{"name":"懸疑靈異","url":"&chanId=85"},{"name":"科幻空間","url":"&chanId=86"},{"name":"遊戲競技","url":"&chanId=88"}]},{"name":"已完結","url":"http://a.qidian.com/mm?size=-1&sign=-1&tag=-1&subCateId=-1&orderId=11&update=-1&page=1&month=-1&style=1&action=1&vip=-1","more":true,"subs":[{"name":"全部","url":"&chanId=-1"},{"name":"古代言情","url":"&chanId=80"},{"name":"仙俠奇緣","url":"&chanId=81"},{"name":"現代言情","url":"&chanId=82"},{"name":"浪漫青春","url":"&chanId=83"},{"name":"玄幻言情","url":"&chanId=84"},{"name":"懸疑靈異","url":"&chanId=85"},{"name":"科幻空間","url":"&chanId=86"},{"name":"遊戲競技","url":"&chanId=88"}]},{"name":"排行榜 (不包含 VIP 作品)","url":"","more":true,"subs":[{"name":"總收藏榜","url":"http://a.qidian.com/mm?size=-1&sign=-1&tag=-1&subCateId=-1&orderId=11&update=-1&page=1&month=-1&style=1&action=-1&vip=0","more":true,"subs":[{"name":"全部","url":"&chanId=-1"},{"name":"古代言情","url":"&chanId=80"},{"name":"仙俠奇緣","url":"&chanId=81"},{"name":"現代言情","url":"&chanId=82"},{"name":"浪漫青春","url":"&chanId=83"},{"name":"玄幻言情","url":"&chanId=84"},{"name":"懸疑靈異","url":"&chanId=85"},{"name":"科幻空間","url":"&chanId=86"},{"name":"遊戲競技","url":"&chanId=88"}]},{"name":"總字數榜","url":"http://a.qidian.com/mm?size=-1&sign=-1&tag=-1&subCateId=-1&orderId=3&update=-1&page=1&month=-1&style=1&action=-1&vip=0","more":true,"subs":[{"name":"全部","url":"&chanId=-1"},{"name":"古代言情","url":"&chanId=80"},{"name":"仙俠奇緣","url":"&chanId=81"},{"name":"現代言情","url":"&chanId=82"},{"name":"浪漫青春","url":"&chanId=83"},{"name":"玄幻言情","url":"&chanId=84"},{"name":"懸疑靈異","url":"&chanId=85"},{"name":"科幻空間","url":"&chanId=86"},{"name":"遊戲競技","url":"&chanId=88"}]},{"name":"會員點擊榜","url":"","more":true,"subs":[{"name":"周榜","url":"http://a.qidian.com/mm?size=-1&sign=-1&tag=-1&subCateId=-1&orderId=1&update=-1&page=1&month=-1&style=1&action=-1&vip=0","more":true,"subs":[{"name":"全部","url":"&chanId=-1"},{"name":"古代言情","url":"&chanId=80"},{"name":"仙俠奇緣","url":"&chanId=81"},{"name":"現代言情","url":"&chanId=82"},{"name":"浪漫青春","url":"&chanId=83"},{"name":"玄幻言情","url":"&chanId=84"},{"name":"懸疑靈異","url":"&chanId=85"},{"name":"科幻空間","url":"&chanId=86"},{"name":"遊戲競技","url":"&chanId=88"}]},{"name":"月榜","url":"http://a.qidian.com/mm?size=-1&sign=-1&tag=-1&subCateId=-1&orderId=7&update=-1&page=1&month=-1&style=1&action=-1&vip=0","more":true,"subs":[{"name":"全部","url":"&chanId=-1"},{"name":"古代言情","url":"&chanId=80"},{"name":"仙俠奇緣","url":"&chanId=81"},{"name":"現代言情","url":"&chanId=82"},{"name":"浪漫青春","url":"&chanId=83"},{"name":"玄幻言情","url":"&chanId=84"},{"name":"懸疑靈異","url":"&chanId=85"},{"name":"科幻空間","url":"&chanId=86"},{"name":"遊戲競技","url":"&chanId=88"}]},{"name":"總榜","url":"http://a.qidian.com/mm?size=-1&sign=-1&tag=-1&subCateId=-1&orderId=8&update=-1&page=1&month=-1&style=1&action=-1&vip=0","more":true,"subs":[{"name":"全部","url":"&chanId=-1"},{"name":"古代言情","url":"&chanId=80"},{"name":"仙俠奇緣","url":"&chanId=81"},{"name":"現代言情","url":"&chanId=82"},{"name":"浪漫青春","url":"&chanId=83"},{"name":"玄幻言情","url":"&chanId=84"},{"name":"懸疑靈異","url":"&chanId=85"},{"name":"科幻空間","url":"&chanId=86"},{"name":"遊戲競技","url":"&chanId=88"}]}]},{"name":"推薦票榜","url":"","more":true,"subs":[{"name":"周榜","url":"http://a.qidian.com/mm?size=-1&sign=-1&tag=-1&subCateId=-1&orderId=9&update=-1&page=1&month=-1&style=1&action=-1&vip=0","more":true,"subs":[{"name":"全部","url":"&chanId=-1"},{"name":"古代言情","url":"&chanId=80"},{"name":"仙俠奇緣","url":"&chanId=81"},{"name":"現代言情","url":"&chanId=82"},{"name":"浪漫青春","url":"&chanId=83"},{"name":"玄幻言情","url":"&chanId=84"},{"name":"懸疑靈異","url":"&chanId=85"},{"name":"科幻空間","url":"&chanId=86"},{"name":"遊戲競技","url":"&chanId=88"}]},{"name":"月榜","url":"http://a.qidian.com/mm?size=-1&sign=-1&tag=-1&subCateId=-1&orderId=10&update=-1&page=1&month=-1&style=1&action=-1&vip=0","more":true,"subs":[{"name":"全部","url":"&chanId=-1"},{"name":"古代言情","url":"&chanId=80"},{"name":"仙俠奇緣","url":"&chanId=81"},{"name":"現代言情","url":"&chanId=82"},{"name":"浪漫青春","url":"&chanId=83"},{"name":"玄幻言情","url":"&chanId=84"},{"name":"懸疑靈異","url":"&chanId=85"},{"name":"科幻空間","url":"&chanId=86"},{"name":"遊戲競技","url":"&chanId=88"}]},{"name":"總榜","url":"http://a.qidian.com/mm?size=-1&sign=-1&tag=-1&subCateId=-1&orderId=2&update=-1&page=1&month=-1&style=1&action=-1&vip=0","more":true,"subs":[{"name":"全部","url":"&chanId=-1"},{"name":"古代言情","url":"&chanId=80"},{"name":"仙俠奇緣","url":"&chanId=81"},{"name":"現代言情","url":"&chanId=82"},{"name":"浪漫青春","url":"&chanId=83"},{"name":"玄幻言情","url":"&chanId=84"},{"name":"懸疑靈異","url":"&chanId=85"},{"name":"科幻空間","url":"&chanId=86"},{"name":"遊戲競技","url":"&chanId=88"}]}]}]},{"name":"排行榜","url":"","more":true,"subs":[{"name":"總收藏榜","url":"http://a.qidian.com/mm?size=-1&sign=-1&tag=-1&subCateId=-1&orderId=11&update=-1&page=1&month=-1&style=1&action=-1&vip=-1","more":true,"subs":[{"name":"全部","url":"&chanId=-1"},{"name":"古代言情","url":"&chanId=80"},{"name":"仙俠奇緣","url":"&chanId=81"},{"name":"現代言情","url":"&chanId=82"},{"name":"浪漫青春","url":"&chanId=83"},{"name":"玄幻言情","url":"&chanId=84"},{"name":"懸疑靈異","url":"&chanId=85"},{"name":"科幻空間","url":"&chanId=86"},{"name":"遊戲競技","url":"&chanId=88"}]},{"name":"總字數榜","url":"http://a.qidian.com/mm?size=-1&sign=-1&tag=-1&subCateId=-1&orderId=3&update=-1&page=1&month=-1&style=1&action=-1&vip=-1","more":true,"subs":[{"name":"全部","url":"&chanId=-1"},{"name":"古代言情","url":"&chanId=80"},{"name":"仙俠奇緣","url":"&chanId=81"},{"name":"現代言情","url":"&chanId=82"},{"name":"浪漫青春","url":"&chanId=83"},{"name":"玄幻言情","url":"&chanId=84"},{"name":"懸疑靈異","url":"&chanId=85"},{"name":"科幻空間","url":"&chanId=86"},{"name":"遊戲競技","url":"&chanId=88"}]},{"name":"會員點擊榜","url":"","more":true,"subs":[{"name":"周榜","url":"http://a.qidian.com/mm?size=-1&sign=-1&tag=-1&subCateId=-1&orderId=1&update=-1&page=1&month=-1&style=1&action=-1&vip=-1","more":true,"subs":[{"name":"全部","url":"&chanId=-1"},{"name":"古代言情","url":"&chanId=80"},{"name":"仙俠奇緣","url":"&chanId=81"},{"name":"現代言情","url":"&chanId=82"},{"name":"浪漫青春","url":"&chanId=83"},{"name":"玄幻言情","url":"&chanId=84"},{"name":"懸疑靈異","url":"&chanId=85"},{"name":"科幻空間","url":"&chanId=86"},{"name":"遊戲競技","url":"&chanId=88"}]},{"name":"月榜","url":"http://a.qidian.com/mm?size=-1&sign=-1&tag=-1&subCateId=-1&orderId=7&update=-1&page=1&month=-1&style=1&action=-1&vip=-1","more":true,"subs":[{"name":"全部","url":"&chanId=-1"},{"name":"古代言情","url":"&chanId=80"},{"name":"仙俠奇緣","url":"&chanId=81"},{"name":"現代言情","url":"&chanId=82"},{"name":"浪漫青春","url":"&chanId=83"},{"name":"玄幻言情","url":"&chanId=84"},{"name":"懸疑靈異","url":"&chanId=85"},{"name":"科幻空間","url":"&chanId=86"},{"name":"遊戲競技","url":"&chanId=88"}]},{"name":"總榜","url":"http://a.qidian.com/mm?size=-1&sign=-1&tag=-1&subCateId=-1&orderId=8&update=-1&page=1&month=-1&style=1&action=-1&vip=-1","more":true,"subs":[{"name":"全部","url":"&chanId=-1"},{"name":"古代言情","url":"&chanId=80"},{"name":"仙俠奇緣","url":"&chanId=81"},{"name":"現代言情","url":"&chanId=82"},{"name":"浪漫青春","url":"&chanId=83"},{"name":"玄幻言情","url":"&chanId=84"},{"name":"懸疑靈異","url":"&chanId=85"},{"name":"科幻空間","url":"&chanId=86"},{"name":"遊戲競技","url":"&chanId=88"}]}]},{"name":"推薦票榜","url":"","more":true,"subs":[{"name":"周榜","url":"http://a.qidian.com/mm?size=-1&sign=-1&tag=-1&subCateId=-1&orderId=9&update=-1&page=1&month=-1&style=1&action=-1&vip=-1","more":true,"subs":[{"name":"全部","url":"&chanId=-1"},{"name":"古代言情","url":"&chanId=80"},{"name":"仙俠奇緣","url":"&chanId=81"},{"name":"現代言情","url":"&chanId=82"},{"name":"浪漫青春","url":"&chanId=83"},{"name":"玄幻言情","url":"&chanId=84"},{"name":"懸疑靈異","url":"&chanId=85"},{"name":"科幻空間","url":"&chanId=86"},{"name":"遊戲競技","url":"&chanId=88"}]},{"name":"月榜","url":"http://a.qidian.com/mm?size=-1&sign=-1&tag=-1&subCateId=-1&orderId=10&update=-1&page=1&month=-1&style=1&action=-1&vip=-1","more":true,"subs":[{"name":"全部","url":"&chanId=-1"},{"name":"古代言情","url":"&chanId=80"},{"name":"仙俠奇緣","url":"&chanId=81"},{"name":"現代言情","url":"&chanId=82"},{"name":"浪漫青春","url":"&chanId=83"},{"name":"玄幻言情","url":"&chanId=84"},{"name":"懸疑靈異","url":"&chanId=85"},{"name":"科幻空間","url":"&chanId=86"},{"name":"遊戲競技","url":"&chanId=88"}]},{"name":"總榜","url":"http://a.qidian.com/mm?size=-1&sign=-1&tag=-1&subCateId=-1&orderId=2&update=-1&page=1&month=-1&style=1&action=-1&vip=1","more":true,"subs":[{"name":"全部","url":"&chanId=-1"},{"name":"古代言情","url":"&chanId=80"},{"name":"仙俠奇緣","url":"&chanId=81"},{"name":"現代言情","url":"&chanId=82"},{"name":"浪漫青春","url":"&chanId=83"},{"name":"玄幻言情","url":"&chanId=84"},{"name":"懸疑靈異","url":"&chanId=85"},{"name":"科幻空間","url":"&chanId=86"},{"name":"遊戲競技","url":"&chanId=88"}]}]}]},{"name":"免費 (不包含 VIP 作品)","url":"http://a.qidian.com/mm?size=-1&sign=-1&tag=-1&subCateId=-1&orderId=5&update=-1&page=1&month=-1&style=1&action=-1&vip=0","more":true,"subs":[{"name":"全部","url":"&chanId=-1"},{"name":"古代言情","url":"&chanId=80"},{"name":"仙俠奇緣","url":"&chanId=81"},{"name":"現代言情","url":"&chanId=82"},{"name":"浪漫青春","url":"&chanId=83"},{"name":"玄幻言情","url":"&chanId=84"},{"name":"懸疑靈異","url":"&chanId=85"},{"name":"科幻空間","url":"&chanId=86"},{"name":"遊戲競技","url":"&chanId=88"}]},{"name":"全部","url":"http://a.qidian.com/mm?size=-1&sign=-1&tag=-1&chanId=-1&subCateId=-1&orderId=5&update=-1&page=1&month=-1&style=1&action=-1&vip=-1"},{"name":"古代言情","url":"http://a.qidian.com/mm?size=-1&sign=-1&tag=-1&chanId=80&subCateId=-1&orderId=5&update=-1&page=1&month=-1&style=1&action=-1&vip=-1"},{"name":"仙俠奇緣","url":"http://a.qidian.com/mm?size=-1&sign=-1&tag=-1&chanId=81&subCateId=-1&orderId=5&update=-1&page=1&month=-1&style=1&action=-1&vip=-1"},{"name":"現代言情","url":"http://a.qidian.com/mm?size=-1&sign=-1&tag=-1&chanId=82&subCateId=-1&orderId=5&update=-1&page=1&month=-1&style=1&action=-1&vip=-1"},{"name":"浪漫青春","url":"http://a.qidian.com/mm?size=-1&sign=-1&tag=-1&chanId=83&subCateId=-1&orderId=5&update=-1&page=1&month=-1&style=1&action=-1&vip=-1"},{"name":"玄幻言情","url":"http://a.qidian.com/mm?size=-1&sign=-1&tag=-1&chanId=84&subCateId=-1&orderId=5&update=-1&page=1&month=-1&style=1&action=-1&vip=-1"},{"name":"懸疑靈異","url":"http://a.qidian.com/mm?size=-1&sign=-1&tag=-1&chanId=85&subCateId=-1&orderId=5&update=-1&page=1&month=-1&style=1&action=-1&vip=-1"},{"name":"科幻空間","url":"http://a.qidian.com/mm?size=-1&sign=-1&tag=-1&chanId=86&subCateId=-1&orderId=5&update=-1&page=1&month=-1&style=1&action=-1&vip=-1"},{"name":"遊戲競技","url":"http://a.qidian.com/mm?size=-1&sign=-1&tag=-1&chanId=88&subCateId=-1&orderId=5&update=-1&page=1&month=-1&style=1&action=-1&vip=-1"}]
