[{"name":"已完結 (不包含 VIP 作品)","url":"https://www.qidian.com/mm/all?action=1&orderId=5&page=1&vip=0&style=1&pageSize=20&siteid=0&pubflag=0&hiddenField=0","more":true,"subs":[{"name":"全部","url":""},{"name":"古代言情","url":"&chanId=80"},{"name":"仙俠奇緣","url":"&chanId=81"},{"name":"現代言情","url":"&chanId=82"},{"name":"浪漫青春","url":"&chanId=83"},{"name":"玄幻言情","url":"&chanId=84"},{"name":"懸疑靈異","url":"&chanId=85"},{"name":"科幻空間","url":"&chanId=86"},{"name":"遊戲競技","url":"&chanId=88"},{"name":"N次元","url":"&chanId=87"}]},{"name":"已完結","url":"https://www.qidian.com/mm/all?action=1&orderId=5&page=1&style=1&pageSize=20&siteid=0&pubflag=0&hiddenField=0","more":true,"subs":[{"name":"全部","url":""},{"name":"古代言情","url":"&chanId=80"},{"name":"仙俠奇緣","url":"&chanId=81"},{"name":"現代言情","url":"&chanId=82"},{"name":"浪漫青春","url":"&chanId=83"},{"name":"玄幻言情","url":"&chanId=84"},{"name":"懸疑靈異","url":"&chanId=85"},{"name":"科幻空間","url":"&chanId=86"},{"name":"遊戲競技","url":"&chanId=88"},{"name":"N次元","url":"&chanId=87"}]},{"name":"排行榜 (不包含 VIP 作品)","url":"","more":true,"subs":[{"name":"總收藏榜","url":"https://www.qidian.com/mm/all?orderId=11&page=1&vip=0&style=1&pageSize=20&siteid=0&pubflag=0&hiddenField=0","more":true,"subs":[{"name":"全部","url":""},{"name":"古代言情","url":"&chanId=80"},{"name":"仙俠奇緣","url":"&chanId=81"},{"name":"現代言情","url":"&chanId=82"},{"name":"浪漫青春","url":"&chanId=83"},{"name":"玄幻言情","url":"&chanId=84"},{"name":"懸疑靈異","url":"&chanId=85"},{"name":"科幻空間","url":"&chanId=86"},{"name":"遊戲競技","url":"&chanId=88"},{"name":"N次元","url":"&chanId=87"}]},{"name":"總字數榜","url":"https://www.qidian.com/mm/all?orderId=3&page=1&vip=0&style=1&pageSize=20&siteid=0&pubflag=0&hiddenField=0","more":true,"subs":[{"name":"全部","url":""},{"name":"古代言情","url":"&chanId=80"},{"name":"仙俠奇緣","url":"&chanId=81"},{"name":"現代言情","url":"&chanId=82"},{"name":"浪漫青春","url":"&chanId=83"},{"name":"玄幻言情","url":"&chanId=84"},{"name":"懸疑靈異","url":"&chanId=85"},{"name":"科幻空間","url":"&chanId=86"},{"name":"遊戲競技","url":"&chanId=88"},{"name":"N次元","url":"&chanId=87"}]},{"name":"會員點擊榜","url":"","more":true,"subs":[{"name":"周榜","url":"https://www.qidian.com/mm/all?size=-1&sign=-1&tag=-1&chanId=-1&subCateId=-1&orderId=1&update=-1&page=1&month=-1&style=1&action=-1&vip=0","more":true,"subs":[{"name":"全部","url":""},{"name":"古代言情","url":"&chanId=80"},{"name":"仙俠奇緣","url":"&chanId=81"},{"name":"現代言情","url":"&chanId=82"},{"name":"浪漫青春","url":"&chanId=83"},{"name":"玄幻言情","url":"&chanId=84"},{"name":"懸疑靈異","url":"&chanId=85"},{"name":"科幻空間","url":"&chanId=86"},{"name":"遊戲競技","url":"&chanId=88"},{"name":"N次元","url":"&chanId=87"}]},{"name":"月榜","url":"https://www.qidian.com/mm/all?size=-1&sign=-1&tag=-1&chanId=-1&subCateId=-1&orderId=7&update=-1&page=1&month=-1&style=1&action=-1&vip=0","more":true,"subs":[{"name":"全部","url":""},{"name":"古代言情","url":"&chanId=80"},{"name":"仙俠奇緣","url":"&chanId=81"},{"name":"現代言情","url":"&chanId=82"},{"name":"浪漫青春","url":"&chanId=83"},{"name":"玄幻言情","url":"&chanId=84"},{"name":"懸疑靈異","url":"&chanId=85"},{"name":"科幻空間","url":"&chanId=86"},{"name":"遊戲競技","url":"&chanId=88"},{"name":"N次元","url":"&chanId=87"}]},{"name":"總榜","url":"https://www.qidian.com/mm/all?size=-1&sign=-1&tag=-1&chanId=-1&subCateId=-1&orderId=8&update=-1&page=1&month=-1&style=1&action=-1&vip=0","more":true,"subs":[{"name":"全部","url":""},{"name":"古代言情","url":"&chanId=80"},{"name":"仙俠奇緣","url":"&chanId=81"},{"name":"現代言情","url":"&chanId=82"},{"name":"浪漫青春","url":"&chanId=83"},{"name":"玄幻言情","url":"&chanId=84"},{"name":"懸疑靈異","url":"&chanId=85"},{"name":"科幻空間","url":"&chanId=86"},{"name":"遊戲競技","url":"&chanId=88"},{"name":"N次元","url":"&chanId=87"}]}]},{"name":"推薦票榜","url":"","more":true,"subs":[{"name":"周榜","url":"https://www.qidian.com/mm/all?size=-1&sign=-1&tag=-1&chanId=-1&subCateId=-1&orderId=9&update=-1&page=1&month=-1&style=1&action=-1&vip=0","more":true,"subs":[{"name":"全部","url":""},{"name":"古代言情","url":"&chanId=80"},{"name":"仙俠奇緣","url":"&chanId=81"},{"name":"現代言情","url":"&chanId=82"},{"name":"浪漫青春","url":"&chanId=83"},{"name":"玄幻言情","url":"&chanId=84"},{"name":"懸疑靈異","url":"&chanId=85"},{"name":"科幻空間","url":"&chanId=86"},{"name":"遊戲競技","url":"&chanId=88"},{"name":"N次元","url":"&chanId=87"}]},{"name":"月榜","url":"https://www.qidian.com/mm/all?size=-1&sign=-1&tag=-1&chanId=-1&subCateId=-1&orderId=10&update=-1&page=1&month=-1&style=1&action=-1&vip=0","more":true,"subs":[{"name":"全部","url":""},{"name":"古代言情","url":"&chanId=80"},{"name":"仙俠奇緣","url":"&chanId=81"},{"name":"現代言情","url":"&chanId=82"},{"name":"浪漫青春","url":"&chanId=83"},{"name":"玄幻言情","url":"&chanId=84"},{"name":"懸疑靈異","url":"&chanId=85"},{"name":"科幻空間","url":"&chanId=86"},{"name":"遊戲競技","url":"&chanId=88"},{"name":"N次元","url":"&chanId=87"}]},{"name":"總榜","url":"https://www.qidian.com/mm/all?size=-1&sign=-1&tag=-1&chanId=-1&subCateId=-1&orderId=2&update=-1&page=1&month=-1&style=1&action=-1&vip=0","more":true,"subs":[{"name":"全部","url":""},{"name":"古代言情","url":"&chanId=80"},{"name":"仙俠奇緣","url":"&chanId=81"},{"name":"現代言情","url":"&chanId=82"},{"name":"浪漫青春","url":"&chanId=83"},{"name":"玄幻言情","url":"&chanId=84"},{"name":"懸疑靈異","url":"&chanId=85"},{"name":"科幻空間","url":"&chanId=86"},{"name":"遊戲競技","url":"&chanId=88"},{"name":"N次元","url":"&chanId=87"}]}]}]},{"name":"排行榜","url":"","more":true,"subs":[{"name":"總收藏榜","url":"https://www.qidian.com/mm/all?orderId=11&page=1&style=1&pageSize=20&siteid=0&pubflag=0&hiddenField=0","more":true,"subs":[{"name":"全部","url":""},{"name":"古代言情","url":"&chanId=80"},{"name":"仙俠奇緣","url":"&chanId=81"},{"name":"現代言情","url":"&chanId=82"},{"name":"浪漫青春","url":"&chanId=83"},{"name":"玄幻言情","url":"&chanId=84"},{"name":"懸疑靈異","url":"&chanId=85"},{"name":"科幻空間","url":"&chanId=86"},{"name":"遊戲競技","url":"&chanId=88"},{"name":"N次元","url":"&chanId=87"}]},{"name":"總字數榜","url":"https://www.qidian.com/mm/all?orderId=3&page=1&style=1&pageSize=20&siteid=0&pubflag=0&hiddenField=0","more":true,"subs":[{"name":"全部","url":""},{"name":"古代言情","url":"&chanId=80"},{"name":"仙俠奇緣","url":"&chanId=81"},{"name":"現代言情","url":"&chanId=82"},{"name":"浪漫青春","url":"&chanId=83"},{"name":"玄幻言情","url":"&chanId=84"},{"name":"懸疑靈異","url":"&chanId=85"},{"name":"科幻空間","url":"&chanId=86"},{"name":"遊戲競技","url":"&chanId=88"},{"name":"N次元","url":"&chanId=87"}]},{"name":"會員點擊榜","url":"","more":true,"subs":[{"name":"周榜","url":"https://www.qidian.com/mm/all?size=-1&sign=-1&tag=-1&chanId=-1&subCateId=-1&orderId=1&update=-1&page=1&month=-1&style=1&action=-1&vip=-1","more":true,"subs":[{"name":"全部","url":""},{"name":"古代言情","url":"&chanId=80"},{"name":"仙俠奇緣","url":"&chanId=81"},{"name":"現代言情","url":"&chanId=82"},{"name":"浪漫青春","url":"&chanId=83"},{"name":"玄幻言情","url":"&chanId=84"},{"name":"懸疑靈異","url":"&chanId=85"},{"name":"科幻空間","url":"&chanId=86"},{"name":"遊戲競技","url":"&chanId=88"},{"name":"N次元","url":"&chanId=87"}]},{"name":"月榜","url":"https://www.qidian.com/mm/all?size=-1&sign=-1&tag=-1&chanId=-1&subCateId=-1&orderId=7&update=-1&page=1&month=-1&style=1&action=-1&vip=-1","more":true,"subs":[{"name":"全部","url":""},{"name":"古代言情","url":"&chanId=80"},{"name":"仙俠奇緣","url":"&chanId=81"},{"name":"現代言情","url":"&chanId=82"},{"name":"浪漫青春","url":"&chanId=83"},{"name":"玄幻言情","url":"&chanId=84"},{"name":"懸疑靈異","url":"&chanId=85"},{"name":"科幻空間","url":"&chanId=86"},{"name":"遊戲競技","url":"&chanId=88"},{"name":"N次元","url":"&chanId=87"}]},{"name":"總榜","url":"https://www.qidian.com/mm/all?size=-1&sign=-1&tag=-1&chanId=-1&subCateId=-1&orderId=8&update=-1&page=1&month=-1&style=1&action=-1&vip=-1","more":true,"subs":[{"name":"全部","url":""},{"name":"古代言情","url":"&chanId=80"},{"name":"仙俠奇緣","url":"&chanId=81"},{"name":"現代言情","url":"&chanId=82"},{"name":"浪漫青春","url":"&chanId=83"},{"name":"玄幻言情","url":"&chanId=84"},{"name":"懸疑靈異","url":"&chanId=85"},{"name":"科幻空間","url":"&chanId=86"},{"name":"遊戲競技","url":"&chanId=88"},{"name":"N次元","url":"&chanId=87"}]}]},{"name":"推薦票榜","url":"","more":true,"subs":[{"name":"周榜","url":"https://www.qidian.com/mm/all?size=-1&sign=-1&tag=-1&chanId=-1&subCateId=-1&orderId=9&update=-1&page=1&month=-1&style=1&action=-1&vip=-1","more":true,"subs":[{"name":"全部","url":""},{"name":"古代言情","url":"&chanId=80"},{"name":"仙俠奇緣","url":"&chanId=81"},{"name":"現代言情","url":"&chanId=82"},{"name":"浪漫青春","url":"&chanId=83"},{"name":"玄幻言情","url":"&chanId=84"},{"name":"懸疑靈異","url":"&chanId=85"},{"name":"科幻空間","url":"&chanId=86"},{"name":"遊戲競技","url":"&chanId=88"},{"name":"N次元","url":"&chanId=87"}]},{"name":"月榜","url":"https://www.qidian.com/mm/all?size=-1&sign=-1&tag=-1&chanId=-1&subCateId=-1&orderId=10&update=-1&page=1&month=-1&style=1&action=-1&vip=-1","more":true,"subs":[{"name":"全部","url":""},{"name":"古代言情","url":"&chanId=80"},{"name":"仙俠奇緣","url":"&chanId=81"},{"name":"現代言情","url":"&chanId=82"},{"name":"浪漫青春","url":"&chanId=83"},{"name":"玄幻言情","url":"&chanId=84"},{"name":"懸疑靈異","url":"&chanId=85"},{"name":"科幻空間","url":"&chanId=86"},{"name":"遊戲競技","url":"&chanId=88"},{"name":"N次元","url":"&chanId=87"}]},{"name":"總榜","url":"https://www.qidian.com/mm/all?size=-1&sign=-1&tag=-1&chanId=-1&subCateId=-1&orderId=2&update=-1&page=1&month=-1&style=1&action=-1&vip=-1","more":true,"subs":[{"name":"全部","url":""},{"name":"古代言情","url":"&chanId=80"},{"name":"仙俠奇緣","url":"&chanId=81"},{"name":"現代言情","url":"&chanId=82"},{"name":"浪漫青春","url":"&chanId=83"},{"name":"玄幻言情","url":"&chanId=84"},{"name":"懸疑靈異","url":"&chanId=85"},{"name":"科幻空間","url":"&chanId=86"},{"name":"遊戲競技","url":"&chanId=88"},{"name":"N次元","url":"&chanId=87"}]}]}]},{"name":"免費 (不包含 VIP 作品)","url":"https://www.qidian.com/mm/all?orderId=5&page=1&vip=0&style=1&pageSize=20&siteid=0&pubflag=0&hiddenField=0","more":true,"subs":[{"name":"全部","url":""},{"name":"古代言情","url":"&chanId=80"},{"name":"仙俠奇緣","url":"&chanId=81"},{"name":"現代言情","url":"&chanId=82"},{"name":"浪漫青春","url":"&chanId=83"},{"name":"玄幻言情","url":"&chanId=84"},{"name":"懸疑靈異","url":"&chanId=85"},{"name":"科幻空間","url":"&chanId=86"},{"name":"遊戲競技","url":"&chanId=88"},{"name":"N次元","url":"&chanId=87"}]},{"name":"全部","url":"https://www.qidian.com/mm/all?orderId=5&page=1&style=1&pageSize=20&siteid=0&pubflag=0&hiddenField=0"},{"name":"古代言情","url":"https://www.qidian.com/mm/all?chanId=80&orderId=5&page=1&style=1&pageSize=20&siteid=0&pubflag=0&hiddenField=0"},{"name":"仙俠奇緣","url":"https://www.qidian.com/mm/all?chanId=81&orderId=5&page=1&style=1&pageSize=20&siteid=0&pubflag=0&hiddenField=0"},{"name":"現代言情","url":"https://www.qidian.com/mm/all?chanId=82&orderId=5&page=1&style=1&pageSize=20&siteid=0&pubflag=0&hiddenField=0"},{"name":"浪漫青春","url":"https://www.qidian.com/mm/all?chanId=83&orderId=5&page=1&style=1&pageSize=20&siteid=0&pubflag=0&hiddenField=0"},{"name":"玄幻言情","url":"https://www.qidian.com/mm/all?chanId=84&orderId=5&page=1&style=1&pageSize=20&siteid=0&pubflag=0&hiddenField=0"},{"name":"懸疑靈異","url":"https://www.qidian.com/mm/all?chanId=85&orderId=5&page=1&style=1&pageSize=20&siteid=0&pubflag=0&hiddenField=0"},{"name":"科幻空間","url":"https://www.qidian.com/mm/all?chanId=86&orderId=5&page=1&style=1&pageSize=20&siteid=0&pubflag=0&hiddenField=0"},{"name":"遊戲競技","url":"https://www.qidian.com/mm/all?chanId=88&orderId=5&page=1&style=1&pageSize=20&siteid=0&pubflag=0&hiddenField=0"},{"name":"N次元","url":"https://www.qidian.com/mm/all?chanId=87&orderId=5&page=1&style=1&pageSize=20&siteid=0&pubflag=0&hiddenField=0"}]
