[{"name":"已完結 (不包含 VIP 作品)","url":"https://www.qidian.com/all?action=1&orderId=&page=1&vip=0&style=1&pageSize=20&siteid=1&pubflag=0&hiddenField=0","more":true,"subs":[{"name":"全部","url":""},{"name":"玄幻","url":"&chanId=21"},{"name":"奇幻","url":"&chanId=1"},{"name":"武俠","url":"&chanId=2"},{"name":"仙俠","url":"&chanId=22"},{"name":"都市","url":"&chanId=4"},{"name":"現實","url":"&chanId=15"},{"name":"軍事","url":"&chanId=6"},{"name":"歷史","url":"&chanId=5"},{"name":"遊戲","url":"&chanId=7"},{"name":"體育","url":"&chanId=8"},{"name":"科幻","url":"&chanId=9"},{"name":"靈異","url":"&chanId=10"},{"name":"二次元","url":"&chanId=12"},{"name":"短篇","url":"&chanId=20076"}]},{"name":"已完結","url":"https://www.qidian.com/all?action=1&orderId=&page=1&style=1&pageSize=20&siteid=1&pubflag=0&hiddenField=0","more":true,"subs":[{"name":"全部","url":""},{"name":"玄幻","url":"&chanId=21"},{"name":"奇幻","url":"&chanId=1"},{"name":"武俠","url":"&chanId=2"},{"name":"仙俠","url":"&chanId=22"},{"name":"都市","url":"&chanId=4"},{"name":"現實","url":"&chanId=15"},{"name":"軍事","url":"&chanId=6"},{"name":"歷史","url":"&chanId=5"},{"name":"遊戲","url":"&chanId=7"},{"name":"體育","url":"&chanId=8"},{"name":"科幻","url":"&chanId=9"},{"name":"靈異","url":"&chanId=10"},{"name":"二次元","url":"&chanId=12"},{"name":"短篇","url":"&chanId=20076"}]},{"name":"排行榜 (不包含 VIP 作品)","url":"","more":true,"subs":[{"name":"總收藏榜","url":"https://www.qidian.com/all/?size=-1&sign=-1&tag=-1&subCateId=-1&orderId=11&update=-1&page=1&month=-1&style=1&action=-1&vip=0","more":true,"subs":[{"name":"全部","url":""},{"name":"玄幻","url":"&chanId=21"},{"name":"奇幻","url":"&chanId=1"},{"name":"武俠","url":"&chanId=2"},{"name":"仙俠","url":"&chanId=22"},{"name":"都市","url":"&chanId=4"},{"name":"現實","url":"&chanId=15"},{"name":"軍事","url":"&chanId=6"},{"name":"歷史","url":"&chanId=5"},{"name":"遊戲","url":"&chanId=7"},{"name":"體育","url":"&chanId=8"},{"name":"科幻","url":"&chanId=9"},{"name":"靈異","url":"&chanId=10"},{"name":"二次元","url":"&chanId=12"},{"name":"短篇","url":"&chanId=20076"}]},{"name":"總字數榜","url":"https://www.qidian.com/all/?size=-1&sign=-1&tag=-1&subCateId=-1&orderId=3&update=-1&page=1&month=-1&style=1&action=-1&vip=0","more":true,"subs":[{"name":"全部","url":""},{"name":"玄幻","url":"&chanId=21"},{"name":"奇幻","url":"&chanId=1"},{"name":"武俠","url":"&chanId=2"},{"name":"仙俠","url":"&chanId=22"},{"name":"都市","url":"&chanId=4"},{"name":"現實","url":"&chanId=15"},{"name":"軍事","url":"&chanId=6"},{"name":"歷史","url":"&chanId=5"},{"name":"遊戲","url":"&chanId=7"},{"name":"體育","url":"&chanId=8"},{"name":"科幻","url":"&chanId=9"},{"name":"靈異","url":"&chanId=10"},{"name":"二次元","url":"&chanId=12"},{"name":"短篇","url":"&chanId=20076"}]},{"name":"會員點擊榜","url":"","more":true,"subs":[{"name":"周榜","url":"https://www.qidian.com/all/?size=-1&sign=-1&tag=-1&subCateId=-1&orderId=1&update=-1&page=1&month=-1&style=1&action=-1&vip=0","more":true,"subs":[{"name":"全部","url":""},{"name":"玄幻","url":"&chanId=21"},{"name":"奇幻","url":"&chanId=1"},{"name":"武俠","url":"&chanId=2"},{"name":"仙俠","url":"&chanId=22"},{"name":"都市","url":"&chanId=4"},{"name":"現實","url":"&chanId=15"},{"name":"軍事","url":"&chanId=6"},{"name":"歷史","url":"&chanId=5"},{"name":"遊戲","url":"&chanId=7"},{"name":"體育","url":"&chanId=8"},{"name":"科幻","url":"&chanId=9"},{"name":"靈異","url":"&chanId=10"},{"name":"二次元","url":"&chanId=12"},{"name":"短篇","url":"&chanId=20076"}]},{"name":"月榜","url":"https://www.qidian.com/all?size=-1&sign=-1&tag=-1&chanId=-1&subCateId=-1&orderId=7&update=-1&page=1&month=-1&style=1&action=-1&vip=0","more":true,"subs":[{"name":"全部","url":""},{"name":"玄幻","url":"&chanId=21"},{"name":"奇幻","url":"&chanId=1"},{"name":"武俠","url":"&chanId=2"},{"name":"仙俠","url":"&chanId=22"},{"name":"都市","url":"&chanId=4"},{"name":"現實","url":"&chanId=15"},{"name":"軍事","url":"&chanId=6"},{"name":"歷史","url":"&chanId=5"},{"name":"遊戲","url":"&chanId=7"},{"name":"體育","url":"&chanId=8"},{"name":"科幻","url":"&chanId=9"},{"name":"靈異","url":"&chanId=10"},{"name":"二次元","url":"&chanId=12"},{"name":"短篇","url":"&chanId=20076"}]},{"name":"總榜","url":"https://www.qidian.com/all?size=-1&sign=-1&tag=-1&chanId=-1&subCateId=-1&orderId=8&update=-1&page=1&month=-1&style=1&action=-1&vip=0","more":true,"subs":[{"name":"全部","url":""},{"name":"玄幻","url":"&chanId=21"},{"name":"奇幻","url":"&chanId=1"},{"name":"武俠","url":"&chanId=2"},{"name":"仙俠","url":"&chanId=22"},{"name":"都市","url":"&chanId=4"},{"name":"現實","url":"&chanId=15"},{"name":"軍事","url":"&chanId=6"},{"name":"歷史","url":"&chanId=5"},{"name":"遊戲","url":"&chanId=7"},{"name":"體育","url":"&chanId=8"},{"name":"科幻","url":"&chanId=9"},{"name":"靈異","url":"&chanId=10"},{"name":"二次元","url":"&chanId=12"},{"name":"短篇","url":"&chanId=20076"}]}]},{"name":"推薦票榜","url":"","more":true,"subs":[{"name":"周榜","url":"https://www.qidian.com/all?size=-1&sign=-1&tag=-1&chanId=-1&subCateId=-1&orderId=9&update=-1&page=1&month=-1&style=1&action=-1&vip=0","more":true,"subs":[{"name":"全部","url":""},{"name":"玄幻","url":"&chanId=21"},{"name":"奇幻","url":"&chanId=1"},{"name":"武俠","url":"&chanId=2"},{"name":"仙俠","url":"&chanId=22"},{"name":"都市","url":"&chanId=4"},{"name":"現實","url":"&chanId=15"},{"name":"軍事","url":"&chanId=6"},{"name":"歷史","url":"&chanId=5"},{"name":"遊戲","url":"&chanId=7"},{"name":"體育","url":"&chanId=8"},{"name":"科幻","url":"&chanId=9"},{"name":"靈異","url":"&chanId=10"},{"name":"二次元","url":"&chanId=12"},{"name":"短篇","url":"&chanId=20076"}]},{"name":"月榜","url":"https://www.qidian.com/all?size=-1&sign=-1&tag=-1&chanId=-1&subCateId=-1&orderId=10&update=-1&page=1&month=-1&style=1&action=-1&vip=0","more":true,"subs":[{"name":"全部","url":""},{"name":"玄幻","url":"&chanId=21"},{"name":"奇幻","url":"&chanId=1"},{"name":"武俠","url":"&chanId=2"},{"name":"仙俠","url":"&chanId=22"},{"name":"都市","url":"&chanId=4"},{"name":"現實","url":"&chanId=15"},{"name":"軍事","url":"&chanId=6"},{"name":"歷史","url":"&chanId=5"},{"name":"遊戲","url":"&chanId=7"},{"name":"體育","url":"&chanId=8"},{"name":"科幻","url":"&chanId=9"},{"name":"靈異","url":"&chanId=10"},{"name":"二次元","url":"&chanId=12"},{"name":"短篇","url":"&chanId=20076"}]},{"name":"總榜","url":"https://www.qidian.com/all?size=-1&sign=-1&tag=-1&chanId=-1&subCateId=-1&orderId=2&update=-1&page=1&month=-1&style=1&action=-1&vip=0","more":true,"subs":[{"name":"全部","url":""},{"name":"玄幻","url":"&chanId=21"},{"name":"奇幻","url":"&chanId=1"},{"name":"武俠","url":"&chanId=2"},{"name":"仙俠","url":"&chanId=22"},{"name":"都市","url":"&chanId=4"},{"name":"現實","url":"&chanId=15"},{"name":"軍事","url":"&chanId=6"},{"name":"歷史","url":"&chanId=5"},{"name":"遊戲","url":"&chanId=7"},{"name":"體育","url":"&chanId=8"},{"name":"科幻","url":"&chanId=9"},{"name":"靈異","url":"&chanId=10"},{"name":"二次元","url":"&chanId=12"},{"name":"短篇","url":"&chanId=20076"}]}]}]},{"name":"排行榜","url":"","more":true,"subs":[{"name":"總收藏榜","url":"https://www.qidian.com/all?orderId=11&page=1&style=1&pageSize=20&siteid=1&pubflag=0&hiddenField=0","more":true,"subs":[{"name":"全部","url":""},{"name":"玄幻","url":"&chanId=21"},{"name":"奇幻","url":"&chanId=1"},{"name":"武俠","url":"&chanId=2"},{"name":"仙俠","url":"&chanId=22"},{"name":"都市","url":"&chanId=4"},{"name":"現實","url":"&chanId=15"},{"name":"軍事","url":"&chanId=6"},{"name":"歷史","url":"&chanId=5"},{"name":"遊戲","url":"&chanId=7"},{"name":"體育","url":"&chanId=8"},{"name":"科幻","url":"&chanId=9"},{"name":"靈異","url":"&chanId=10"},{"name":"二次元","url":"&chanId=12"},{"name":"短篇","url":"&chanId=20076"}]},{"name":"總字數榜","url":"https://www.qidian.com/all?orderId=3&page=1&style=1&pageSize=20&siteid=1&pubflag=0&hiddenField=0","more":true,"subs":[{"name":"全部","url":""},{"name":"玄幻","url":"&chanId=21"},{"name":"奇幻","url":"&chanId=1"},{"name":"武俠","url":"&chanId=2"},{"name":"仙俠","url":"&chanId=22"},{"name":"都市","url":"&chanId=4"},{"name":"現實","url":"&chanId=15"},{"name":"軍事","url":"&chanId=6"},{"name":"歷史","url":"&chanId=5"},{"name":"遊戲","url":"&chanId=7"},{"name":"體育","url":"&chanId=8"},{"name":"科幻","url":"&chanId=9"},{"name":"靈異","url":"&chanId=10"},{"name":"二次元","url":"&chanId=12"},{"name":"短篇","url":"&chanId=20076"}]},{"name":"會員點擊榜","url":"","more":true,"subs":[{"name":"周榜","url":"https://www.qidian.com/all?size=-1&sign=-1&tag=-1&chanId=-1&subCateId=-1&orderId=1&update=-1&page=1&month=-1&style=1&action=-1&vip=-1","more":true,"subs":[{"name":"全部","url":""},{"name":"玄幻","url":"&chanId=21"},{"name":"奇幻","url":"&chanId=1"},{"name":"武俠","url":"&chanId=2"},{"name":"仙俠","url":"&chanId=22"},{"name":"都市","url":"&chanId=4"},{"name":"現實","url":"&chanId=15"},{"name":"軍事","url":"&chanId=6"},{"name":"歷史","url":"&chanId=5"},{"name":"遊戲","url":"&chanId=7"},{"name":"體育","url":"&chanId=8"},{"name":"科幻","url":"&chanId=9"},{"name":"靈異","url":"&chanId=10"},{"name":"二次元","url":"&chanId=12"},{"name":"短篇","url":"&chanId=20076"}]},{"name":"月榜","url":"https://www.qidian.com/all?size=-1&sign=-1&tag=-1&chanId=-1&subCateId=-1&orderId=7&update=-1&page=1&month=-1&style=1&action=-1&vip=-1","more":true,"subs":[{"name":"全部","url":""},{"name":"玄幻","url":"&chanId=21"},{"name":"奇幻","url":"&chanId=1"},{"name":"武俠","url":"&chanId=2"},{"name":"仙俠","url":"&chanId=22"},{"name":"都市","url":"&chanId=4"},{"name":"現實","url":"&chanId=15"},{"name":"軍事","url":"&chanId=6"},{"name":"歷史","url":"&chanId=5"},{"name":"遊戲","url":"&chanId=7"},{"name":"體育","url":"&chanId=8"},{"name":"科幻","url":"&chanId=9"},{"name":"靈異","url":"&chanId=10"},{"name":"二次元","url":"&chanId=12"},{"name":"短篇","url":"&chanId=20076"}]},{"name":"總榜","url":"https://www.qidian.com/all?size=-1&sign=-1&tag=-1&chanId=-1&subCateId=-1&orderId=8&update=-1&page=1&month=-1&style=1&action=-1&vip=-1","more":true,"subs":[{"name":"全部","url":""},{"name":"玄幻","url":"&chanId=21"},{"name":"奇幻","url":"&chanId=1"},{"name":"武俠","url":"&chanId=2"},{"name":"仙俠","url":"&chanId=22"},{"name":"都市","url":"&chanId=4"},{"name":"現實","url":"&chanId=15"},{"name":"軍事","url":"&chanId=6"},{"name":"歷史","url":"&chanId=5"},{"name":"遊戲","url":"&chanId=7"},{"name":"體育","url":"&chanId=8"},{"name":"科幻","url":"&chanId=9"},{"name":"靈異","url":"&chanId=10"},{"name":"二次元","url":"&chanId=12"},{"name":"短篇","url":"&chanId=20076"}]}]},{"name":"推薦票榜","url":"","more":true,"subs":[{"name":"周榜","url":"https://www.qidian.com/all?size=-1&sign=-1&tag=-1&chanId=-1&subCateId=-1&orderId=9&update=-1&page=1&month=-1&style=1&action=-1&vip=-1","more":true,"subs":[{"name":"全部","url":""},{"name":"玄幻","url":"&chanId=21"},{"name":"奇幻","url":"&chanId=1"},{"name":"武俠","url":"&chanId=2"},{"name":"仙俠","url":"&chanId=22"},{"name":"都市","url":"&chanId=4"},{"name":"現實","url":"&chanId=15"},{"name":"軍事","url":"&chanId=6"},{"name":"歷史","url":"&chanId=5"},{"name":"遊戲","url":"&chanId=7"},{"name":"體育","url":"&chanId=8"},{"name":"科幻","url":"&chanId=9"},{"name":"靈異","url":"&chanId=10"},{"name":"二次元","url":"&chanId=12"},{"name":"短篇","url":"&chanId=20076"}]},{"name":"月榜","url":"https://www.qidian.com/all?size=-1&sign=-1&tag=-1&chanId=-1&subCateId=-1&orderId=10&update=-1&page=1&month=-1&style=1&action=-1&vip=-1","more":true,"subs":[{"name":"全部","url":""},{"name":"玄幻","url":"&chanId=21"},{"name":"奇幻","url":"&chanId=1"},{"name":"武俠","url":"&chanId=2"},{"name":"仙俠","url":"&chanId=22"},{"name":"都市","url":"&chanId=4"},{"name":"現實","url":"&chanId=15"},{"name":"軍事","url":"&chanId=6"},{"name":"歷史","url":"&chanId=5"},{"name":"遊戲","url":"&chanId=7"},{"name":"體育","url":"&chanId=8"},{"name":"科幻","url":"&chanId=9"},{"name":"靈異","url":"&chanId=10"},{"name":"二次元","url":"&chanId=12"},{"name":"短篇","url":"&chanId=20076"}]},{"name":"總榜","url":"https://www.qidian.com/all?size=-1&sign=-1&tag=-1&chanId=-1&subCateId=-1&orderId=2&update=-1&page=1&month=-1&style=1&action=-1&vip=-1","more":true,"subs":[{"name":"全部","url":""},{"name":"玄幻","url":"&chanId=21"},{"name":"奇幻","url":"&chanId=1"},{"name":"武俠","url":"&chanId=2"},{"name":"仙俠","url":"&chanId=22"},{"name":"都市","url":"&chanId=4"},{"name":"現實","url":"&chanId=15"},{"name":"軍事","url":"&chanId=6"},{"name":"歷史","url":"&chanId=5"},{"name":"遊戲","url":"&chanId=7"},{"name":"體育","url":"&chanId=8"},{"name":"科幻","url":"&chanId=9"},{"name":"靈異","url":"&chanId=10"},{"name":"二次元","url":"&chanId=12"},{"name":"短篇","url":"&chanId=20076"}]}]}]},{"name":"免費 (不包含 VIP 作品)","url":"https://www.qidian.com/all?orderId=&page=1&vip=0&style=1&pageSize=20&siteid=1&pubflag=0&hiddenField=0","more":true,"subs":[{"name":"全部","url":""},{"name":"玄幻","url":"&chanId=21"},{"name":"奇幻","url":"&chanId=1"},{"name":"武俠","url":"&chanId=2"},{"name":"仙俠","url":"&chanId=22"},{"name":"都市","url":"&chanId=4"},{"name":"現實","url":"&chanId=15"},{"name":"軍事","url":"&chanId=6"},{"name":"歷史","url":"&chanId=5"},{"name":"遊戲","url":"&chanId=7"},{"name":"體育","url":"&chanId=8"},{"name":"科幻","url":"&chanId=9"},{"name":"靈異","url":"&chanId=10"},{"name":"二次元","url":"&chanId=12"},{"name":"短篇","url":"&chanId=20076"}]},{"name":"全部","url":"https://www.qidian.com/all?orderId=&page=1&style=1&pageSize=20&siteid=1&pubflag=0&hiddenField=0"},{"name":"玄幻","url":"https://www.qidian.com/all?chanId=21&orderId=&page=1&style=1&pageSize=20&siteid=1&pubflag=0&hiddenField=0"},{"name":"奇幻","url":"https://www.qidian.com/all?chanId=1&orderId=&page=1&style=1&pageSize=20&siteid=1&pubflag=0&hiddenField=0"},{"name":"武俠","url":"https://www.qidian.com/all?chanId=2&orderId=&page=1&style=1&pageSize=20&siteid=1&pubflag=0&hiddenField=0"},{"name":"仙俠","url":"https://www.qidian.com/all?chanId=22&orderId=&page=1&style=1&pageSize=20&siteid=1&pubflag=0&hiddenField=0"},{"name":"都市","url":"https://www.qidian.com/all?chanId=4&orderId=&page=1&style=1&pageSize=20&siteid=1&pubflag=0&hiddenField=0"},{"name":"現實","url":"https://www.qidian.com/all?chanId=15&orderId=&page=1&style=1&pageSize=20&siteid=1&pubflag=0&hiddenField=0"},{"name":"軍事","url":"https://www.qidian.com/all?chanId=6&orderId=&page=1&style=1&pageSize=20&siteid=1&pubflag=0&hiddenField=0"},{"name":"歷史","url":"https://www.qidian.com/all?chanId=5&orderId=&page=1&style=1&pageSize=20&siteid=1&pubflag=0&hiddenField=0"},{"name":"遊戲","url":"https://www.qidian.com/all?chanId=7&orderId=&page=1&style=1&pageSize=20&siteid=1&pubflag=0&hiddenField=0"},{"name":"體育","url":"https://www.qidian.com/all?chanId=8&orderId=&page=1&style=1&pageSize=20&siteid=1&pubflag=0&hiddenField=0"},{"name":"科幻","url":"https://www.qidian.com/all?chanId=9&orderId=&page=1&style=1&pageSize=20&siteid=1&pubflag=0&hiddenField=0"},{"name":"靈異","url":"https://www.qidian.com/all?chanId=10&orderId=&page=1&style=1&pageSize=20&siteid=1&pubflag=0&hiddenField=0"},{"name":"二次元","url":"https://www.qidian.com/all?chanId=12&orderId=&page=1&style=1&pageSize=20&siteid=1&pubflag=0&hiddenField=0"},{"name":"短篇","url":"https://www.qidian.com/all?chanId=20076&orderId=&page=1&style=1&pageSize=20&siteid=1&pubflag=0&hiddenField=0"}]
