[{"name":"全本小說","url":"https://www.ranwena.com/quanben/"},{"name":"最近更新","url":"https://www.ranwena.com/"},{"name":"玄幻小說","url":"https://www.ranwena.com/xuanhuan/"},{"name":"修真小說","url":"https://www.ranwena.com/xiuzhen/"},{"name":"都市小說","url":"https://www.ranwena.com/dushi/"},{"name":"歷史小說","url":"https://www.ranwena.com/lishi/"},{"name":"網遊小說","url":"https://www.ranwena.com/wangyou/"},{"name":"科幻小說","url":"https://www.ranwena.com/kehuan/"},{"name":"言情小說","url":"https://www.ranwena.com/yanqing/"},{"name":"其他小說","url":"https://www.ranwena.com/qita/"}]
