[{"name":"言情•閱讀","url":"http://www.read789.com/forum.php?mod=forumdisplay&fid=37","catId":"37","more":true,"subs":[{"name":"全部","url":""},{"name":"現代","url":"&typeid=1"},{"name":"古代","url":"&typeid=2"},{"name":"穿越","url":"&typeid=3"},{"name":"重生","url":"&typeid=4"},{"name":"玄幻","url":"&typeid=9"},{"name":"網遊","url":"&typeid=6"},{"name":"同人","url":"&typeid=8"},{"name":"架空","url":"&typeid=7"},{"name":"女尊","url":"&typeid=5"}]},{"name":"耽美•閱讀","url":"http://www.read789.com/forum.php?mod=forumdisplay&fid=38","catId":"38","more":true,"subs":[{"name":"全部","url":""},{"name":"現代","url":"&typeid=19"},{"name":"古代","url":"&typeid=20"},{"name":"穿越","url":"&typeid=21"},{"name":"重生","url":"&typeid=22"},{"name":"玄幻","url":"&typeid=23"},{"name":"網遊","url":"&typeid=24"},{"name":"同人","url":"&typeid=25"},{"name":"架空","url":"&typeid=26"}]},{"name":"百合•閱讀","url":"http://www.read789.com/forum.php?mod=forumdisplay&fid=39","catId":"39","more":true,"subs":[{"name":"全部","url":""},{"name":"現代","url":"&typeid=35"},{"name":"古代","url":"&typeid=36"},{"name":"穿越","url":"&typeid=37"},{"name":"重生","url":"&typeid=38"},{"name":"玄幻","url":"&typeid=39"},{"name":"網遊","url":"&typeid=40"},{"name":"同人","url":"&typeid=41"},{"name":"架空","url":"&typeid=42"}]}]
