[{"name":"已完結","url":"http://book.sfacg.com/List/Default.aspx?if=1&","more":true,"subs":[{"name":"全部","url":"tid=-1&PageIndex=1"},{"name":"魔幻","url":"tid=21&PageIndex=1"},{"name":"玄幻","url":"tid=22&PageIndex=1"},{"name":"古風","url":"tid=23&PageIndex=1"},{"name":"科幻","url":"tid=24&PageIndex=1"},{"name":"校園","url":"tid=25&PageIndex=1"},{"name":"都市","url":"tid=26&PageIndex=1"},{"name":"遊戲","url":"tid=27&PageIndex=1"},{"name":"同人","url":"tid=28&PageIndex=1"},{"name":"懸疑","url":"tid=29&PageIndex=1"}]},{"name":"全部","url":"http://book.sfacg.com/List/default.aspx?tid=-1&PageIndex=1"},{"name":"魔幻","url":"http://book.sfacg.com/List/Default.aspx?tid=21&PageIndex=1"},{"name":"玄幻","url":"http://book.sfacg.com/List/Default.aspx?tid=22&PageIndex=1"},{"name":"古風","url":"http://book.sfacg.com/List/Default.aspx?tid=23&PageIndex=1"},{"name":"科幻","url":"http://book.sfacg.com/List/Default.aspx?tid=24&PageIndex=1"},{"name":"校園","url":"http://book.sfacg.com/List/Default.aspx?tid=25&PageIndex=1"},{"name":"都市","url":"http://book.sfacg.com/List/Default.aspx?tid=26&PageIndex=1"},{"name":"遊戲","url":"http://book.sfacg.com/List/Default.aspx?tid=27&PageIndex=1"},{"name":"同人","url":"http://book.sfacg.com/List/Default.aspx?tid=28&PageIndex=1"},{"name":"懸疑","url":"http://book.sfacg.com/List/Default.aspx?tid=29&PageIndex=1"}]
