[{"name":"已完結","url":"http://book.sfacg.com/List/Default.aspx?if=1&","more":true,"subs":[{"name":"全部","url":"tid=-1&PageIndex=1"},{"name":"熱血類","url":"tid=1&PageIndex=1"},{"name":"冒險類","url":"tid=2&PageIndex=1"},{"name":"運動類","url":"tid=3&PageIndex=1"},{"name":"魔幻類","url":"tid=4&PageIndex=1"},{"name":"武俠類","url":"tid=5&PageIndex=1"},{"name":"校園類","url":"tid=6&PageIndex=1"},{"name":"同人類","url":"tid=7&PageIndex=1"},{"name":"搞笑類","url":"tid=8&PageIndex=1"},{"name":"愛情類","url":"tid=9&PageIndex=1"},{"name":"溫情類","url":"tid=10&PageIndex=1"},{"name":"推理類","url":"tid=11&PageIndex=1"},{"name":"機戰類","url":"tid=12&PageIndex=1"},{"name":"科幻類","url":"tid=13&PageIndex=1"},{"name":"驚悚類","url":"tid=14&PageIndex=1"},{"name":"社會類","url":"tid=15&PageIndex=1"}]},{"name":"全部","url":"http://book.sfacg.com/List/Default.aspx?tid=-1&PageIndex=1"},{"name":"熱血類","url":"http://book.sfacg.com/List/Default.aspx?tid=1&PageIndex=1"},{"name":"冒險類","url":"http://book.sfacg.com/List/Default.aspx?tid=2&PageIndex=1"},{"name":"運動類","url":"http://book.sfacg.com/List/Default.aspx?tid=3&PageIndex=1"},{"name":"魔幻類","url":"http://book.sfacg.com/List/Default.aspx?tid=4&PageIndex=1"},{"name":"武俠類","url":"http://book.sfacg.com/List/Default.aspx?tid=5&PageIndex=1"},{"name":"校園類","url":"http://book.sfacg.com/List/Default.aspx?tid=6&PageIndex=1"},{"name":"同人類","url":"http://book.sfacg.com/List/Default.aspx?tid=7&PageIndex=1"},{"name":"搞笑類","url":"http://book.sfacg.com/List/Default.aspx?tid=8&PageIndex=1"},{"name":"愛情類","url":"http://book.sfacg.com/List/Default.aspx?tid=9&PageIndex=1"},{"name":"溫情類","url":"http://book.sfacg.com/List/Default.aspx?tid=10&PageIndex=1"},{"name":"推理類","url":"http://book.sfacg.com/List/Default.aspx?tid=11&PageIndex=1"},{"name":"機戰類","url":"http://book.sfacg.com/List/Default.aspx?tid=12&PageIndex=1"},{"name":"科幻類","url":"http://book.sfacg.com/List/Default.aspx?tid=13&PageIndex=1"},{"name":"驚悚類","url":"http://book.sfacg.com/List/Default.aspx?tid=14&PageIndex=1"},{"name":"社會類","url":"http://book.sfacg.com/List/Default.aspx?tid=15&PageIndex=1"}]
