[{"name":"最近更新","url":"http://www.shumil.co/genxing.php"},{"name":"玄幻奇幻","url":"http://www.shumil.co/list-1.html"},{"name":"武俠仙俠","url":"http://www.shumil.co/list-2.html"},{"name":"都市言情","url":"http://www.shumil.co/list-3.html"},{"name":"歷史軍事","url":"http://www.shumil.co/list-4.html"},{"name":"遊戲競技","url":"http://www.shumil.co/list-5.html"},{"name":"科幻靈異","url":"http://www.shumil.co/list-6.html"},{"name":"同人美文","url":"http://www.shumil.co/list-7.html"},{"name":"女生專區","url":"http://www.shumil.co/list-8.html"},{"name":"其它小說","url":"http://www.shumil.co/list-9.html"},{"name":"名蓍紀實","url":"http://www.shumil.co/list-10.html"}]
