[{"name":"長篇小說","url":"http://http://www.p2p101.com/forum.php?mod=forumdisplay&fid=1008","catId":"1008,1009","more":true,"subs":[{"name":"全篇小說","url":"http://http://www.p2p101.com/forum.php?mod=forumdisplay&fid=1009","catId":"1009","more":true,"subs":[{"name":"全部","url":""},{"name":"都市言情","url":"&typeid=1847"},{"name":"武俠仙俠","url":"&typeid=1846"},{"name":"玄幻奇幻","url":"&typeid=1845"},{"name":"歷史軍事","url":"&typeid=1848"},{"name":"遊戲競技","url":"&typeid=1849"},{"name":"科幻靈異","url":"&typeid=1850"},{"name":"其它小說","url":"&typeid=1851"}]},{"name":"全部","url":""},{"name":"都市言情","url":"&typeid=1847"},{"name":"武俠仙俠","url":"&typeid=1846"},{"name":"玄幻奇幻","url":"&typeid=1845"},{"name":"歷史軍事","url":"&typeid=1848"},{"name":"遊戲競技","url":"&typeid=1849"},{"name":"科幻靈異","url":"&typeid=1850"},{"name":"其它小說","url":"&typeid=1851"}]},{"name":"耽美小說","url":"http://http://www.p2p101.com/forum.php?mod=forumdisplay&fid=1022","catId":"1022","more":true,"subs":[{"name":"全部","url":""},{"name":"現代耽美","url":"&typeid=1975"},{"name":"古代架空","url":"&typeid=1976"},{"name":"穿越重生","url":"&typeid=1977"},{"name":"血緣羈絆","url":"&typeid=1978"},{"name":"玄幻魔法","url":"&typeid=1979"},{"name":"網遊網配","url":"&typeid=1980"},{"name":"獸之世界","url":"&typeid=1981"},{"name":"同人耽美","url":"&typeid=1982"},{"name":"工口肉文","url":"&typeid=1983"},{"name":"溫馨甜蜜","url":"&typeid=1984"},{"name":"未來末日","url":"&typeid=1985"},{"name":"虐戀情深","url":"&typeid=1986"},{"name":"連載特區","url":"&typeid=1987"}]}]
