[{"name":"全部輕小說","url":"http://book.suixw.com/modules/article/index.php"},{"name":"電擊文庫","url":"http://book.suixw.com/modules/article/articlelist.php?class=1"},{"name":"富士見文庫","url":"http://book.suixw.com/modules/article/articlelist.php?class=2"},{"name":"角川文庫","url":"http://book.suixw.com/modules/article/articlelist.php?class=3"},{"name":"MF文庫J","url":"http://book.suixw.com/modules/article/articlelist.php?class=4"},{"name":"Fami通文庫","url":"http://book.suixw.com/modules/article/articlelist.php?class=5"},{"name":"其他文庫","url":"http://book.suixw.com/modules/article/articlelist.php?class=6"}]
