[{"name":"華人文學","url":"http://www.tianyabooks.com/cn/"},{"name":"世界文學","url":"http://www.tianyabooks.com/world/"},{"name":"校園小說","url":"http://www.tianyabooks.com/xyqc/"},{"name":"都市小說","url":"http://www.tianyabooks.com/dushi/"},{"name":"網絡小說","url":"http://www.tianyabooks.com/net/"},{"name":"恐怖","url":"http://www.tianyabooks.com/horror/"},{"name":"推理","url":"http://www.tianyabooks.com/spy/"},{"name":"科幻","url":"http://www.tianyabooks.com/sf/"},{"name":"玄幻","url":"http://www.tianyabooks.com/fantasy/"},{"name":"武俠","url":"http://wx.tianyabooks.com/","more":true,"subs":[{"name":"小說列表","url":"book/"},{"name":"作家","url":"writer.html"}]},{"name":"言情","url":"http://www.tianyabooks.com/romance/"},{"name":"作家","url":"http://www.tianyabooks.com/author/"}]
