[{"name":"完結","url":"http://www.tywxw.la/","more":true,"subs":[{"name":"玄幻小說","url":"tianyibooksort13/0/1.htm"},{"name":"武俠仙俠","url":"tianyibooksort14/0/1.htm"},{"name":"都市小說","url":"tianyibooksort15/0/1.htm"},{"name":"網遊小說","url":"tianyibooksort18/0/1.htm"},{"name":"科幻小說","url":"tianyibooksort19/0/1.htm"},{"name":"歷史軍事","url":"tianyibooksort20/0/1.htm"},{"name":"恐怖懸疑","url":"tianyibooksort21/0/1.htm"},{"name":"古代言情","url":"tianyibooksort16/0/1.htm"},{"name":"現代言情","url":"tianyibooksort17/0/1.htm"},{"name":"魔幻言情","url":"tianyibooksort22/0/1.htm"},{"name":"耽美言情","url":"tianyibooksort23/0/1.htm"}]},{"name":"最近更新","url":"http://www.tywxw.la/tianyibooktoplastupdate/0/1.htm"},{"name":"玄幻小說","url":"http://www.tywxw.la/tianyibooksort1/0/1.htm"},{"name":"武俠仙俠","url":"http://www.tywxw.la/tianyibooksort2/0/1.htm"},{"name":"都市小說","url":"http://www.tywxw.la/tianyibooksort3/0/1.htm"},{"name":"網遊小說","url":"http://www.tywxw.la/tianyibooksort6/0/1.htm"},{"name":"科幻小說","url":"http://www.tywxw.la/tianyibooksort7/0/1.htm"},{"name":"歷史軍事","url":"http://www.tywxw.la/tianyibooksort8/0/1.htm"},{"name":"恐怖懸疑","url":"http://www.tywxw.la/tianyibooksort9/0/1.htm"},{"name":"古代言情","url":"http://www.tywxw.la/tianyibooksort4/0/1.htm"},{"name":"現代言情","url":"http://www.tywxw.la/tianyibooksort5/0/1.htm"},{"name":"魔幻言情","url":"http://www.tywxw.la/tianyibooksort10/0/1.htm"},{"name":"耽美言情","url":"http://www.tywxw.la/tianyibooksort11/0/1.htm"}]
