[{"name":"全本小說","url":"http://www.ucxsw.com/Book/ShowBookOver.aspx"},{"name":"男生小說","url":"http://www.ucxsw.com/Class/50.aspx"},{"name":"言情小說","url":"http://www.ucxsw.com/Class/3.aspx"},{"name":"耽美小說","url":"http://www.ucxsw.com/Class/5.aspx"},{"name":"清穿小說","url":"http://www.ucxsw.com/Class/2.aspx"},{"name":"女尊小說","url":"http://www.ucxsw.com/Class/4.aspx"},{"name":"奇幻仙俠","url":"http://www.ucxsw.com/Class/1.aspx"},{"name":"同人小說","url":"http://www.ucxsw.com/Class/6.aspx"},{"name":"百合小說","url":"http://www.ucxsw.com/Class/45.aspx"},{"name":"網遊小說","url":"http://www.ucxsw.com/Class/46.aspx"},{"name":"傳統言情","url":"http://www.ucxsw.com/Class/8.aspx"},{"name":"現代耽美","url":"http://www.ucxsw.com/Class/9.aspx"},{"name":"架空歷史","url":"http://www.ucxsw.com/Class/10.aspx"},{"name":"其他小說","url":"http://www.ucxsw.com/Class/7.aspx"}]
