[{"name":"全本小說","url":"http://www.uuxs.la/index/quanben-1"},{"name":"最近更新","url":"http://www.uuxs.la/toplist/lastupdate-1"},{"name":"玄幻小說","url":"http://www.uuxs.la/index/type-1-1"},{"name":"仙俠小說","url":"http://www.uuxs.la/index/type-2-1"},{"name":"都市小說","url":"http://www.uuxs.la/index/type-3-1"},{"name":"歷史小說","url":"http://www.uuxs.la/index/type-4-1"},{"name":"網遊小說","url":"http://www.uuxs.la/index/type-5-1"},{"name":"科幻小說","url":"http://www.uuxs.la/index/type-6-1"},{"name":"言情小說","url":"http://www.uuxs.la/index/type-7-1"}]
