[{"name":"完本小說","url":"http://www.vv44.net/top/allbook"},{"name":"最近更新","url":"http://www.vv44.net/index.html"},{"name":"玄幻魔法","url":"http://www.vv44.net/sort/xuanhuanmofa"},{"name":"武俠修真","url":"http://www.vv44.net/sort/wuxiaxiuzhen"},{"name":"都市言情","url":"http://www.vv44.net/sort/doushiyanqing"},{"name":"歷史軍事","url":"http://www.vv44.net/sort/lishijunshi"},{"name":"偵探推理","url":"http://www.vv44.net/sort/zhentantuili"},{"name":"網遊動漫","url":"http://www.vv44.net/sort/wangyoudongman"},{"name":"科幻小說","url":"http://www.vv44.net/sort/kehuan"},{"name":"恐怖靈異","url":"http://www.vv44.net/sort/kongbulingyi"},{"name":"散文詩詞","url":"http://www.vv44.net/sort/sanwenshici"},{"name":"其他類型","url":"http://www.vv44.net/sort/qita"}]
