[{"name":"全本","url":"http://www.wangshuge.la/quanben/1"},{"name":"玄幻魔法","url":"http://www.wangshuge.la/books/list/1-1.html"},{"name":"武俠修真","url":"http://www.wangshuge.la/books/list/2-1.html"},{"name":"都市言情","url":"http://www.wangshuge.la/books/list/3-1.html"},{"name":"歷史軍事","url":"http://www.wangshuge.la/books/list/4-1.html"},{"name":"網遊動漫","url":"http://www.wangshuge.la/books/list/5-1.html"},{"name":"科幻小說","url":"http://www.wangshuge.la/books/list/6-1.html"},{"name":"偵探推理","url":"http://www.wangshuge.la/books/list/7-1.html"},{"name":"恐怖靈異","url":"http://www.wangshuge.la/books/list/8-1.html"},{"name":"散文詩詞","url":"http://www.wangshuge.la/books/list/9-1.html"},{"name":"其他","url":"http://www.wangshuge.la/books/list/10-1.html"}]
