[{"name":"完结全本","url":"https://www.wenku8.net/modules/article/articlelist.php?fullflag=1"},{"name":"最近更新","url":"https://www.wenku8.net/modules/article/toplist.php?sort=lastupdate"},{"name":"全部輕小說","url":"https://www.wenku8.net/modules/article/articlelist.php?class="},{"name":"電擊文庫","url":"https://www.wenku8.net/modules/article/articlelist.php?class=1"},{"name":"富士見文庫","url":"https://www.wenku8.net/modules/article/articlelist.php?class=2"},{"name":"角川文庫","url":"https://www.wenku8.net/modules/article/articlelist.php?class=3"},{"name":"MF文庫J","url":"https://www.wenku8.net/modules/article/articlelist.php?class=4"},{"name":"Fami通文庫","url":"https://www.wenku8.net/modules/article/articlelist.php?class=5"},{"name":"GA文庫","url":"https://www.wenku8.net/modules/article/articlelist.php?class=6"},{"name":"HJ文庫","url":"https://www.wenku8.net/modules/article/articlelist.php?class=7"},{"name":"一迅社","url":"https://www.wenku8.net/modules/article/articlelist.php?class=8"},{"name":"集英社","url":"https://www.wenku8.net/modules/article/articlelist.php?class=9"},{"name":"小學館","url":"https://www.wenku8.net/modules/article/articlelist.php?class=10"},{"name":"講談社","url":"https://www.wenku8.net/modules/article/articlelist.php?class=11"},{"name":"少女文庫","url":"https://www.wenku8.net/modules/article/articlelist.php?class=12"},{"name":"其他文庫","url":"https://www.wenku8.net/modules/article/articlelist.php?class=13"},{"name":"遊戲劇本","url":"https://www.wenku8.net/modules/article/articlelist.php?class=14"}]
