[{"name":"最新更新","url":"https://m.wfxs.org/top-lastupdate-1/"},{"name":"全本小說","url":"https://m.wfxs.org/full-1/"},{"name":"玄幻小說","url":"https://m.wfxs.org/sort-1-1/"},{"name":"仙俠小說","url":"https://m.wfxs.org/sort-2-1/"},{"name":"都市小說","url":"https://m.wfxs.org/sort-3-1/"},{"name":"歷史小說","url":"https://m.wfxs.org/sort-4-1/"},{"name":"遊戲小說","url":"https://m.wfxs.org/sort-5-1/"},{"name":"科幻小說","url":"https://m.wfxs.org/sort-6-1/"},{"name":"恐怖小說","url":"https://m.wfxs.org/sort-7-1/"},{"name":"女生小說","url":"https://m.wfxs.org/sort-8-1/"},{"name":"其他小說","url":"https://m.wfxs.org/sort-9-1/"}]
