[{"name":"排行榜","url":"https://www.x69shu.com/top/","more":true,"subs":[{"name":"總點擊榜","url":"allvisit_1/"},{"name":"月點擊榜","url":"monthvisit_1/"},{"name":"周點擊榜","url":"weekvisit_1/"},{"name":"日點擊榜","url":"dayvisit_1/"},{"name":"總收藏榜","url":"goodnum_1/"},{"name":"總推薦榜","url":"allvote_1/"},{"name":"月推薦榜","url":"monthvote_1/"},{"name":"周推薦榜","url":"weekvote_1/"},{"name":"數字排行","url":"size_1/"},{"name":"最新入庫","url":"postdate_1/"}]},{"name":"全本小說","url":"https://www.x69shu.com/quanben/"},{"name":"最近更新","url":"https://www.x69shu.com/top/lastupdate_1/"},{"name":"全部","url":"https://www.x69shu.com/top/0/1.html"},{"name":"玄幻魔法","url":"https://www.x69shu.com/top/1/1.html"},{"name":"修真武俠","url":"https://www.x69shu.com/top/2/1.html"},{"name":"都市小說","url":"https://www.x69shu.com/top/9/1.html"},{"name":"穿越時空","url":"https://www.x69shu.com/top/11/1.html"},{"name":"言情小說","url":"https://www.x69shu.com/top/3/1.html"},{"name":"歷史軍事","url":"https://www.x69shu.com/top/4/1.html"},{"name":"科幻小說","url":"https://www.x69shu.com/top/6/1.html"},{"name":"懸疑恐怖","url":"https://www.x69shu.com/top/7/1.html"},{"name":"同人動漫","url":"https://www.x69shu.com/top/8/1.html"},{"name":"網遊小說","url":"https://www.x69shu.com/top/5/1.html"},{"name":"青春校園","url":"https://www.x69shu.com/top/12/1.html"},{"name":"官場職場","url":"https://www.x69shu.com/top/10/1.html"}]
