[{"name":"完結","url":"http://m.xiaoshuocity123.com/mobile/commend_5.html"},{"name":"最新","url":"http://m.xiaoshuocity123.com/mobile/commend_3.html"},{"name":"仙俠","url":"http://m.xiaoshuocity123.com/mobile/category_1.html"},{"name":"玄幻","url":"http://m.xiaoshuocity123.com/mobile/category_2.html"},{"name":"奇幻","url":"http://m.xiaoshuocity123.com/mobile/category_5.html"},{"name":"科幻","url":"http://m.xiaoshuocity123.com/mobile/category_10.html"},{"name":"穿越","url":"http://m.xiaoshuocity123.com/mobile/category_12.html"},{"name":"同人","url":"http://m.xiaoshuocity123.com/mobile/category_14.html"},{"name":"經典","url":"http://m.xiaoshuocity123.com/mobile/category_15.html"},{"name":"歷史","url":"http://m.xiaoshuocity123.com/mobile/category_6.html"},{"name":"軍事","url":"http://m.xiaoshuocity123.com/mobile/category_8.html"},{"name":"武俠","url":"http://m.xiaoshuocity123.com/mobile/category_13.html"},{"name":"都市","url":"http://m.xiaoshuocity123.com/mobile/category_3.html"},{"name":"言情","url":"http://m.xiaoshuocity123.com/mobile/category_7.html"},{"name":"青春","url":"http://m.xiaoshuocity123.com/mobile/category_16.html"},{"name":"校園","url":"http://m.xiaoshuocity123.com/mobile/category_17.html"},{"name":"網遊","url":"http://m.xiaoshuocity123.com/mobile/category_4.html"},{"name":"懸疑","url":"http://m.xiaoshuocity123.com/mobile/category_9.html"}]
