[{"name":"全本小說","url":"http://www.xiaoshuokan.com/99.html"},{"name":"玄幻小說","url":"http://www.xiaoshuokan.com/1.html"},{"name":"武俠修真","url":"http://www.xiaoshuokan.com/2.html"},{"name":"都市言情","url":"http://www.xiaoshuokan.com/3.html"},{"name":"穿越重生","url":"http://www.xiaoshuokan.com/4.html"},{"name":"軍事歷史","url":"http://www.xiaoshuokan.com/5.html"},{"name":"同人小說","url":"http://www.xiaoshuokan.com/6.html"},{"name":"科幻小說","url":"http://www.xiaoshuokan.com/7.html"}]
