[{"name":"完本","url":"","more":true,"subs":[{"name":"男生分類","url":"https://www.xiashutxt.com/type/","more":true,"subs":[{"name":"全部","url":"nan_0_2_lastupdate_1.html"},{"name":"玄幻奇幻","url":"1_0_2_lastupdate_1.html"},{"name":"武俠仙俠","url":"2_0_2_lastupdate_1.html"},{"name":"都市生活","url":"3_0_2_lastupdate_1.html"},{"name":"職場商戰","url":"4_0_2_lastupdate_1.html"},{"name":"歷史傳奇","url":"5_0_2_lastupdate_1.html"},{"name":"軍事諜戰","url":"6_0_2_lastupdate_1.html"},{"name":"科幻未來","url":"7_0_2_lastupdate_1.html"},{"name":"遊戲競技","url":"8_0_2_lastupdate_1.html"},{"name":"靈異懸疑","url":"9_0_2_lastupdate_1.html"},{"name":"短篇小說","url":"10_2_0_lastupdate_1.html"}]},{"name":"女生分類","url":"https://www.xiashutxt.com/type/","more":true,"subs":[{"name":"全部","url":"nv_0_2_lastupdate_1.html"},{"name":"現代言情","url":"11_0_2_lastupdate_1.html"},{"name":"古代言情","url":"12_0_2_lastupdate_1.html"},{"name":"仙俠幻情","url":"13_0_2_lastupdate_1.html"},{"name":"穿越架空","url":"14_0_2_lastupdate_1.html"},{"name":"總裁豪門","url":"15_0_2_lastupdate_1.html"},{"name":"浪漫青春","url":"16_0_2_lastupdate_1.html"},{"name":"耽美同人","url":"17_0_2_lastupdate_1.html"}]}]},{"name":"男生分類","url":"https://www.xiashutxt.com/type/","more":true,"subs":[{"name":"全部","url":"nan_0_0_lastupdate_1.html"},{"name":"玄幻奇幻","url":"1_0_0_lastupdate_1.html"},{"name":"武俠仙俠","url":"2_0_0_lastupdate_1.html"},{"name":"都市生活","url":"3_0_0_lastupdate_1.html"},{"name":"職場商戰","url":"4_0_0_lastupdate_1.html"},{"name":"歷史傳奇","url":"5_0_0_lastupdate_1.html"},{"name":"軍事諜戰","url":"6_0_0_lastupdate_1.html"},{"name":"科幻未來","url":"7_0_0_lastupdate_1.html"},{"name":"遊戲競技","url":"8_0_0_lastupdate_1.html"},{"name":"靈異懸疑","url":"9_0_0_lastupdate_1.html"},{"name":"短篇小說","url":"10_0_0_lastupdate_1.html"}]},{"name":"女生分類","url":"https://www.xiashutxt.com/type/","more":true,"subs":[{"name":"全部","url":"nv_0_0_lastupdate_1.html"},{"name":"現代言情","url":"11_0_0_lastupdate_1.html"},{"name":"古代言情","url":"12_0_0_lastupdate_1.html"},{"name":"仙俠幻情","url":"13_0_0_lastupdate_1.html"},{"name":"穿越架空","url":"14_0_0_lastupdate_1.html"},{"name":"總裁豪門","url":"15_0_0_lastupdate_1.html"},{"name":"浪漫青春","url":"16_0_0_lastupdate_1.html"},{"name":"耽美同人","url":"17_0_0_lastupdate_1.html"}]}]
