[{"name":"排行榜","url":"http://www.xs5.la/","more":true,"subs":[{"name":"總排行榜","url":"topallvisit/1.html"},{"name":"月排行榜","url":"topmonthvisit/1.html"},{"name":"周排行榜","url":"topweekvisit/1.html"},{"name":"總推薦榜","url":"topallvote/1.html"},{"name":"月推薦榜","url":"topmonthvote/1.html"},{"name":"周推薦榜","url":"topweekvote/1.html"},{"name":"最新入庫","url":"toppostdate/1.html"},{"name":"總收藏榜","url":"topgoodnum/1.html"},{"name":"字數排行","url":"topsize/1.html"},{"name":"本站推薦","url":"toptoptime/1.html"}]},{"name":"完本小說","url":"http://www.xs5.la/wanben/"},{"name":"最近更新","url":"http://www.xs5.la/toplastupdate/1.html"},{"name":"玄幻小說","url":"http://www.xs5.la/fenlei1/1.html"},{"name":"修真小說","url":"http://www.xs5.la/fenlei2/1.html"},{"name":"都市小說","url":"http://www.xs5.la/fenlei3/1.html"},{"name":"歷史小說","url":"http://www.xs5.la/fenlei4/1.html"},{"name":"網遊小說","url":"http://www.xs5.la/fenlei5/1.html"},{"name":"科幻小說","url":"http://www.xs5.la/fenlei6/1.html"},{"name":"恐怖小說","url":"http://www.xs5.la/fenlei7/1.html"},{"name":"其他小說","url":"http://www.xs5.la/fenlei8/1.html"}]
