[{"name":"全本","url":"","more":true,"subs":[{"name":"女生","url":"https://www.xs8.cn/all?pageNum=1&pageSize=30&gender=2&isFinish=1&isVip=-1&size=-1&updT=-1&orderBy=3","more":true,"subs":[{"name":"全部","url":"&catId=-1"},{"name":"現代言情","url":"&catId=30020"},{"name":"古代言情","url":"&catId=30013"},{"name":"浪漫青春","url":"&catId=30031"},{"name":"玄幻言情","url":"&catId=30001"},{"name":"仙俠奇緣","url":"&catId=30008"},{"name":"懸疑靈異","url":"&catId=30036"},{"name":"科幻空間","url":"&catId=30042"},{"name":"遊戲競技","url":"&catId=30050"},{"name":"短篇小說","url":"&catId=30083"},{"name":"同人小說","url":"&catId=30055"}]},{"name":"男生","url":"https://www.xs8.cn/all?pageNum=1&pageSize=30&gender=1&isFinish=1&isVip=-1&size=-1&updT=-1&orderBy=3","more":true,"subs":[{"name":"全部","url":"&catId=-1"},{"name":"玄幻","url":"&catId=20001"},{"name":"奇幻","url":"&catId=20005"},{"name":"武俠","url":"&catId=20010"},{"name":"仙俠","url":"&catId=20014"},{"name":"都市","url":"&catId=20019"},{"name":"職場","url":"&catId=20065"},{"name":"軍事","url":"&catId=20032"},{"name":"歷史","url":"&catId=20028"},{"name":"遊戲","url":"&catId=20050"},{"name":"體育","url":"&catId=20054"},{"name":"科幻","url":"&catId=20042"},{"name":"靈異","url":"&catId=20037"},{"name":"二次元","url":"&catId=20059"},{"name":"短篇","url":"&catId=20076"}]}]},{"name":"全本 (免費)","url":"","more":true,"subs":[{"name":"女生","url":"https://www.xs8.cn/all?pageNum=1&pageSize=30&gender=2&isFinish=1&isVip=1&size=-1&updT=-1&orderBy=3","more":true,"subs":[{"name":"全部","url":"&catId=-1"},{"name":"現代言情","url":"&catId=30020"},{"name":"古代言情","url":"&catId=30013"},{"name":"浪漫青春","url":"&catId=30031"},{"name":"玄幻言情","url":"&catId=30001"},{"name":"仙俠奇緣","url":"&catId=30008"},{"name":"懸疑靈異","url":"&catId=30036"},{"name":"科幻空間","url":"&catId=30042"},{"name":"遊戲競技","url":"&catId=30050"},{"name":"短篇小說","url":"&catId=30083"},{"name":"同人小說","url":"&catId=30055"}]},{"name":"男生","url":"https://www.xs8.cn/all?pageNum=1&pageSize=30&gender=1&isFinish=1&isVip=1&size=-1&updT=-1&orderBy=3","more":true,"subs":[{"name":"全部","url":"&catId=-1"},{"name":"玄幻","url":"&catId=20001"},{"name":"奇幻","url":"&catId=20005"},{"name":"武俠","url":"&catId=20010"},{"name":"仙俠","url":"&catId=20014"},{"name":"都市","url":"&catId=20019"},{"name":"職場","url":"&catId=20065"},{"name":"軍事","url":"&catId=20032"},{"name":"歷史","url":"&catId=20028"},{"name":"遊戲","url":"&catId=20050"},{"name":"體育","url":"&catId=20054"},{"name":"科幻","url":"&catId=20042"},{"name":"靈異","url":"&catId=20037"},{"name":"二次元","url":"&catId=20059"},{"name":"短篇","url":"&catId=20076"}]}]},{"name":"免費","url":"","more":true,"subs":[{"name":"女生","url":"https://www.xs8.cn/all?pageNum=1&pageSize=30&gender=2&isFinish=-1&isVip=1&size=-1&updT=-1&orderBy=3","more":true,"subs":[{"name":"全部","url":"&catId=-1"},{"name":"現代言情","url":"&catId=30020"},{"name":"古代言情","url":"&catId=30013"},{"name":"浪漫青春","url":"&catId=30031"},{"name":"玄幻言情","url":"&catId=30001"},{"name":"仙俠奇緣","url":"&catId=30008"},{"name":"懸疑靈異","url":"&catId=30036"},{"name":"科幻空間","url":"&catId=30042"},{"name":"遊戲競技","url":"&catId=30050"},{"name":"短篇小說","url":"&catId=30083"},{"name":"同人小說","url":"&catId=30055"}]},{"name":"男生","url":"https://www.xs8.cn/all?pageNum=1&pageSize=30&gender=1&isFinish=-1&isVip=1&size=-1&updT=-1&orderBy=3","more":true,"subs":[{"name":"全部","url":"&catId=-1"},{"name":"玄幻","url":"&catId=20001"},{"name":"奇幻","url":"&catId=20005"},{"name":"武俠","url":"&catId=20010"},{"name":"仙俠","url":"&catId=20014"},{"name":"都市","url":"&catId=20019"},{"name":"職場","url":"&catId=20065"},{"name":"軍事","url":"&catId=20032"},{"name":"歷史","url":"&catId=20028"},{"name":"遊戲","url":"&catId=20050"},{"name":"體育","url":"&catId=20054"},{"name":"科幻","url":"&catId=20042"},{"name":"靈異","url":"&catId=20037"},{"name":"二次元","url":"&catId=20059"},{"name":"短篇","url":"&catId=20076"}]}]},{"name":"女生","url":"https://www.xs8.cn/all?pageNum=1&pageSize=30&gender=2&isFinish=-1&isVip=-1&size=-1&updT=-1&orderBy=3","more":true,"subs":[{"name":"全部","url":"&catId=-1"},{"name":"現代言情","url":"&catId=30020"},{"name":"古代言情","url":"&catId=30013"},{"name":"浪漫青春","url":"&catId=30031"},{"name":"玄幻言情","url":"&catId=30001"},{"name":"仙俠奇緣","url":"&catId=30008"},{"name":"懸疑靈異","url":"&catId=30036"},{"name":"科幻空間","url":"&catId=30042"},{"name":"遊戲競技","url":"&catId=30050"},{"name":"短篇小說","url":"&catId=30083"},{"name":"同人小說","url":"&catId=30055"}]},{"name":"男生","url":"https://www.xs8.cn/all?pageNum=1&pageSize=30&gender=1&isFinish=-1&isVip=-1&size=-1&updT=-1&orderBy=3","more":true,"subs":[{"name":"全部","url":"&catId=-1"},{"name":"玄幻","url":"&catId=20001"},{"name":"奇幻","url":"&catId=20005"},{"name":"武俠","url":"&catId=20010"},{"name":"仙俠","url":"&catId=20014"},{"name":"都市","url":"&catId=20019"},{"name":"職場","url":"&catId=20065"},{"name":"軍事","url":"&catId=20032"},{"name":"歷史","url":"&catId=20028"},{"name":"遊戲","url":"&catId=20050"},{"name":"體育","url":"&catId=20054"},{"name":"科幻","url":"&catId=20042"},{"name":"靈異","url":"&catId=20037"},{"name":"二次元","url":"&catId=20059"},{"name":"短篇","url":"&catId=20076"}]}]
