[{"name":"都市言情","url":"https://new.xvna.com/booklist.aspx?fid=115&orderby=","catId":"115","more":true,"subs":[{"name":"全部","url":""},{"name":"現代","url":"&typeid=68"},{"name":"古代","url":"&typeid=69"},{"name":"穿越","url":"&typeid=70"},{"name":"重生","url":"&typeid=403"},{"name":"玄幻","url":"&typeid=71"},{"name":"網遊","url":"&typeid=78"},{"name":"同人","url":"&typeid=77"},{"name":"架空","url":"&typeid=76"},{"name":"女尊","url":"&typeid=74"},{"name":"校園","url":"&typeid=75"},{"name":"合集","url":"&typeid=73","nonovels":true},{"name":"其他","url":"&typeid=72"}]},{"name":"武俠玄幻","url":"https://new.xvna.com/booklist.aspx?fid=116&orderby=","catId":"116","more":true,"subs":[{"name":"全部","url":""},{"name":"都市異能","url":"&typeid=88"},{"name":"古代異能","url":"&typeid=79"},{"name":"玄幻奇幻","url":"&typeid=81"},{"name":"傳統武俠","url":"&typeid=80"},{"name":"修真仙俠","url":"&typeid=89"},{"name":"穿越重生","url":"&typeid=90"},{"name":"網遊競技","url":"&typeid=86"},{"name":"魔法靈異","url":"&typeid=87"},{"name":"同人小說","url":"&typeid=85"},{"name":"架空歷史","url":"&typeid=84"},{"name":"經典合集","url":"&typeid=83"},{"name":"其他小說","url":"&typeid=82"}]},{"name":"科幻恐怖","url":"https://new.xvna.com/booklist.aspx?fid=118&orderby=","catId":"118","more":true,"subs":[{"name":"全部","url":""},{"name":"恐怖靈異","url":"&typeid=106"},{"name":"科幻魔幻","url":"&typeid=107"},{"name":"探案推理","url":"&typeid=109"},{"name":"盜墓探秘","url":"&typeid=108"},{"name":"經典合集","url":"&typeid=110"}]},{"name":"耽美同人","url":"https://new.xvna.com/booklist.aspx?fid=117&orderby=","catId":"117","more":true,"subs":[{"name":"全部","url":""},{"name":"現代","url":"&typeid=96"},{"name":"古代","url":"&typeid=97"},{"name":"穿越","url":"&typeid=98"},{"name":"重生","url":"&typeid=405"},{"name":"玄幻","url":"&typeid=99"},{"name":"同人","url":"&typeid=103"},{"name":"網遊","url":"&typeid=104"},{"name":"架空","url":"&typeid=102"},{"name":"合集","url":"&typeid=101"},{"name":"其他","url":"&typeid=100"}]},{"name":"文學官場","url":"https://new.xvna.com/booklist.aspx?fid=122&orderby=","catId":"122","more":true,"subs":[{"name":"全部","url":""},{"name":"現代","url":"&typeid=144"},{"name":"外國","url":"&typeid=143"},{"name":"古典","url":"&typeid=145"},{"name":"官場","url":"&typeid=147","nonovels":true},{"name":"職場","url":"&typeid=148"},{"name":"其他","url":"&typeid=146"}]},{"name":"歷史軍事","url":"https://new.xvna.com/booklist.aspx?fid=121&orderby=","catId":"121","more":true,"subs":[{"name":"全部","url":""},{"name":"軍事","url":"&typeid=138"},{"name":"歷史","url":"&typeid=139"},{"name":"人物","url":"&typeid=140"},{"name":"合集","url":"&typeid=142","nonovels":true},{"name":"其他","url":"&typeid=141"}]},{"name":"百合蕾絲","url":"https://new.xvna.com/booklist.aspx?fid=169&orderby=","catId":"169","more":true,"subs":[{"name":"全部","url":""},{"name":"現代","url":"&typeid=384"},{"name":"古代","url":"&typeid=385"},{"name":"穿越","url":"&typeid=386"},{"name":"重生","url":"&typeid=408"},{"name":"玄幻","url":"&typeid=387"},{"name":"同人","url":"&typeid=388"},{"name":"網遊","url":"&typeid=389"},{"name":"架空","url":"&typeid=391"},{"name":"合集","url":"&typeid=402"},{"name":"其他","url":"&typeid=393"}]},{"name":"學習管理","url":"https://new.xvna.com/booklist.aspx?fid=120&orderby=","catId":"120","more":true,"subs":[{"name":"全部","url":""},{"name":"外語學習","url":"&typeid=129"},{"name":"電腦應用","url":"&typeid=130"},{"name":"教育科普","url":"&typeid=131"},{"name":"人在職場","url":"&typeid=132"},{"name":"勵志人生","url":"&typeid=133"},{"name":"財經管理","url":"&typeid=134"},{"name":"經商謀略","url":"&typeid=135"},{"name":"宗教哲學","url":"&typeid=136"},{"name":"其他","url":"&typeid=137"}]},{"name":"生活休閒","url":"https://new.xvna.com/booklist.aspx?fid=119&orderby=","catId":"119","more":true,"subs":[{"name":"全部","url":""},{"name":"烹飪","url":"&typeid=122"},{"name":"美容","url":"&typeid=123"},{"name":"健康","url":"&typeid=124"},{"name":"笑話","url":"&typeid=125"},{"name":"減肥","url":"&typeid=126"},{"name":"常識","url":"&typeid=127"},{"name":"育兒","url":"&typeid=128"},{"name":"宗教","url":"&typeid=200"},{"name":"其他","url":"&typeid=121"}]}]
