[{"name":"已完結","url":"http://www.xxs8.com/shuku/index/main/","more":true,"subs":[{"name":"全部","url":"all/sub/all/size/0/flag/0/time/0/type/0/order/0/ini/0.html"},{"name":"新書","url":"20/sub/all/size/0/flag/0/time/0/type/0/order/0/ini/0.html"},{"name":"現代言情","url":"21/sub/all/size/0/flag/0/time/0/type/0/order/0/ini/0.html"},{"name":"古代言情","url":"22/sub/all/size/0/flag/0/time/0/type/0/order/0/ini/0.html"},{"name":"浪漫青春","url":"23/sub/all/size/0/flag/0/time/0/type/0/order/0/ini/0.html"},{"name":"玄幻異能","url":"24/sub/all/size/0/flag/0/time/0/type/0/order/0/ini/0.html"},{"name":"懸疑靈異","url":"25/sub/all/size/0/flag/0/time/0/type/0/order/0/ini/0.html"},{"name":"武俠仙俠","url":"26/sub/all/size/0/flag/0/time/0/type/0/order/0/ini/0.html"},{"name":"遊戲競技","url":"27/sub/all/size/0/flag/0/time/0/type/0/order/0/ini/0.html"},{"name":"科幻空間","url":"29/sub/all/size/0/flag/0/time/0/type/0/order/0/ini/0.html"},{"name":"二次元","url":"30/sub/all/size/0/flag/0/time/0/type/0/order/0/ini/0.html"},{"name":"短篇","url":"31/sub/all/size/0/flag/0/time/0/type/0/order/0/ini/0.html"}]},{"name":"全部","url":"http://www.xxs8.com/shuku/index/main/all/sub/all/size/0/flag/0/time/0/type/0/order/0/ini/0.html"},{"name":"新書","url":"http://www.xxs8.com/shuku/index/main/20/sub/all/size/0/flag/0/time/0/type/0/order/0/ini/0.html"},{"name":"現代言情","url":"http://www.xxs8.com/shuku/index/main/21/sub/all/size/0/flag/0/time/0/type/0/order/0/ini/0.html"},{"name":"古代言情","url":"http://www.xxs8.com/shuku/index/main/22/sub/all/size/0/flag/0/time/0/type/0/order/0/ini/0.html"},{"name":"浪漫青春","url":"http://www.xxs8.com/shuku/index/main/23/sub/all/size/0/flag/0/time/0/type/0/order/0/ini/0.html"},{"name":"玄幻異能","url":"http://www.xxs8.com/shuku/index/main/24/sub/all/size/0/flag/0/time/0/type/0/order/0/ini/0.html"},{"name":"懸疑靈異","url":"http://www.xxs8.com/shuku/index/main/25/sub/all/size/0/flag/0/time/0/type/0/order/0/ini/0.html"},{"name":"武俠仙俠","url":"http://www.xxs8.com/shuku/index/main/26/sub/all/size/0/flag/0/time/0/type/0/order/0/ini/0.html"},{"name":"遊戲競技","url":"http://www.xxs8.com/shuku/index/main/27/sub/all/size/0/flag/0/time/0/type/0/order/0/ini/0.html"},{"name":"科幻空間","url":"http://www.xxs8.com/shuku/index/main/29/sub/all/size/0/flag/0/time/0/type/0/order/0/ini/0.html"},{"name":"二次元","url":"http://www.xxs8.com/shuku/index/main/30/sub/all/size/0/flag/0/time/0/type/0/order/0/ini/0.html"},{"name":"短篇","url":"http://www.xxs8.com/shuku/index/main/31/sub/all/size/0/flag/0/time/0/type/0/order/0/ini/0.html"}]
