[{"name":"完結","url":"http://www.xxsy.net/search?s_wd=&fin=2&","more":true,"subs":[{"name":"全部","url":"sort=9&pn=1"},{"name":"穿越","url":"s_type=1&sort=9&pn=1"},{"name":"架空","url":"s_type=2&sort=9&pn=1"},{"name":"豪門","url":"s_type=2&sort=9&pn=1"},{"name":"都市","url":"s_type=2&sort=9&pn=1"},{"name":"玄幻","url":"s_type=2&sort=9&pn=1"},{"name":"異能","url":"s_type=2&sort=9&pn=1"},{"name":"懸疑","url":"s_type=2&sort=9&pn=1"},{"name":"靈異","url":"s_type=2&sort=9&pn=1"},{"name":"校園","url":"s_type=2&sort=9&pn=1"},{"name":"仙俠","url":"s_type=2&sort=9&pn=1"},{"name":"職場","url":"s_type=2&sort=9&pn=1"},{"name":"職場","url":"s_type=2&sort=9&pn=1"}]},{"name":"完結 (不包含 VIP 作品)","url":"http://www.xxsy.net/search?s_wd=&fin=2&vip=0&","more":true,"subs":[{"name":"全部","url":"sort=9&pn=1"},{"name":"穿越","url":"s_type=1&sort=9&pn=1"},{"name":"架空","url":"s_type=2&sort=9&pn=1"},{"name":"豪門","url":"s_type=2&sort=9&pn=1"},{"name":"都市","url":"s_type=2&sort=9&pn=1"},{"name":"玄幻","url":"s_type=2&sort=9&pn=1"},{"name":"異能","url":"s_type=2&sort=9&pn=1"},{"name":"懸疑","url":"s_type=2&sort=9&pn=1"},{"name":"靈異","url":"s_type=2&sort=9&pn=1"},{"name":"校園","url":"s_type=2&sort=9&pn=1"},{"name":"仙俠","url":"s_type=2&sort=9&pn=1"},{"name":"職場","url":"s_type=2&sort=9&pn=1"},{"name":"職場","url":"s_type=2&sort=9&pn=1"}]},{"name":"免費作品","url":"http://www.xxsy.net/search?s_wd=&vip=0&","more":true,"subs":[{"name":"全部","url":"sort=9&pn=1"},{"name":"穿越","url":"s_type=1&sort=9&pn=1"},{"name":"架空","url":"s_type=2&sort=9&pn=1"},{"name":"豪門","url":"s_type=2&sort=9&pn=1"},{"name":"都市","url":"s_type=2&sort=9&pn=1"},{"name":"玄幻","url":"s_type=2&sort=9&pn=1"},{"name":"異能","url":"s_type=2&sort=9&pn=1"},{"name":"懸疑","url":"s_type=2&sort=9&pn=1"},{"name":"靈異","url":"s_type=2&sort=9&pn=1"},{"name":"校園","url":"s_type=2&sort=9&pn=1"},{"name":"仙俠","url":"s_type=2&sort=9&pn=1"},{"name":"職場","url":"s_type=2&sort=9&pn=1"},{"name":"職場","url":"s_type=2&sort=9&pn=1"}]},{"name":"全部","url":"http://www.xxsy.net/search?s_wd=&sort=9&pn=1"},{"name":"穿越","url":"http://www.xxsy.net/search?s_wd=&s_type=1&sort=9&pn=1"},{"name":"架空","url":"http://www.xxsy.net/search?s_wd=&s_type=2&sort=9&pn=1"},{"name":"豪門","url":"http://www.xxsy.net/search?s_wd=&s_type=2&sort=9&pn=1"},{"name":"都市","url":"http://www.xxsy.net/search?s_wd=&s_type=2&sort=9&pn=1"},{"name":"玄幻","url":"http://www.xxsy.net/search?s_wd=&s_type=2&sort=9&pn=1"},{"name":"異能","url":"http://www.xxsy.net/search?s_wd=&s_type=2&sort=9&pn=1"},{"name":"懸疑","url":"http://www.xxsy.net/search?s_wd=&s_type=2&sort=9&pn=1"},{"name":"靈異","url":"http://www.xxsy.net/search?s_wd=&s_type=2&sort=9&pn=1"},{"name":"校園","url":"http://www.xxsy.net/search?s_wd=&s_type=2&sort=9&pn=1"},{"name":"仙俠","url":"http://www.xxsy.net/search?s_wd=&s_type=2&sort=9&pn=1"},{"name":"職場","url":"http://www.xxsy.net/search?s_wd=&s_type=2&sort=9&pn=1"},{"name":"職場","url":"http://www.xxsy.net/search?s_wd=&s_type=2&sort=9&pn=1"}]
