[{"name":"全部","url":"http://bbs.yamibo.com/forum.php?mod=forumdisplay&fid=49"},{"name":"原創","url":"http://bbs.yamibo.com/forum.php?mod=forumdisplay&fid=49&typeid=293"},{"name":"輕小說","url":"http://bbs.yamibo.com/forum.php?mod=forumdisplay&fid=49&typeid=296"},{"name":"其它","url":"http://bbs.yamibo.com/forum.php?mod=forumdisplay&fid=49&typeid=120"},{"name":"HiME","url":"http://bbs.yamibo.com/forum.php?mod=forumdisplay&fid=49&typeid=119"},{"name":"聖母在上","url":"http://bbs.yamibo.com/forum.php?mod=forumdisplay&fid=49&typeid=122"},{"name":"神無月","url":"http://bbs.yamibo.com/forum.php?mod=forumdisplay&fid=49&typeid=123"},{"name":"NGM","url":"http://bbs.yamibo.com/forum.php?mod=forumdisplay&fid=49&typeid=124"},{"name":"魔炮","url":"http://bbs.yamibo.com/forum.php?mod=forumdisplay&fid=49&typeid=125"},{"name":"東方","url":"http://bbs.yamibo.com/forum.php?mod=forumdisplay&fid=49&typeid=127"},{"name":"SAKI","url":"http://bbs.yamibo.com/forum.php?mod=forumdisplay&fid=49&typeid=128"},{"name":"K-ON！","url":"http://bbs.yamibo.com/forum.php?mod=forumdisplay&fid=49&typeid=171"},{"name":"SW","url":"http://bbs.yamibo.com/forum.php?mod=forumdisplay&fid=49&typeid=172"},{"name":"IM@S","url":"http://bbs.yamibo.com/forum.php?mod=forumdisplay&fid=49&typeid=321"},{"name":"搖曳百合","url":"http://bbs.yamibo.com/forum.php?mod=forumdisplay&fid=49&typeid=173"},{"name":"魔法少女小圓","url":"http://bbs.yamibo.com/forum.php?mod=forumdisplay&fid=49&typeid=214"},{"name":"LoveLive！","url":"http://bbs.yamibo.com/forum.php?mod=forumdisplay&fid=49&typeid=215"},{"name":"FROZEN","url":"http://bbs.yamibo.com/forum.php?mod=forumdisplay&fid=49&typeid=217"},{"name":"艦これ","url":"http://bbs.yamibo.com/forum.php?mod=forumdisplay&fid=49&typeid=218"},{"name":"惡魔之謎","url":"http://bbs.yamibo.com/forum.php?mod=forumdisplay&fid=49&typeid=221"},{"name":"戰姫絶唱","url":"http://bbs.yamibo.com/forum.php?mod=forumdisplay&fid=49&typeid=222"},{"name":"少女與戰車","url":"http://bbs.yamibo.com/forum.php?mod=forumdisplay&fid=49&typeid=322"},{"name":"Vocaloid","url":"http://bbs.yamibo.com/forum.php?mod=forumdisplay&fid=49&typeid=223"},{"name":"Psycho-Pass","url":"http://bbs.yamibo.com/forum.php?mod=forumdisplay&fid=49&typeid=242"},{"name":"進擊的巨人","url":"http://bbs.yamibo.com/forum.php?mod=forumdisplay&fid=49&typeid=243"},{"name":"電磁炮","url":"http://bbs.yamibo.com/forum.php?mod=forumdisplay&fid=49&typeid=244"},{"name":"中二病","url":"http://bbs.yamibo.com/forum.php?mod=forumdisplay&fid=49&typeid=245"},{"name":"貧乏神","url":"http://bbs.yamibo.com/forum.php?mod=forumdisplay&fid=49&typeid=246"},{"name":"境界線","url":"http://bbs.yamibo.com/forum.php?mod=forumdisplay&fid=49&typeid=323"},{"name":"RWBY","url":"http://bbs.yamibo.com/forum.php?mod=forumdisplay&fid=49&typeid=247"},{"name":"EVA","url":"http://bbs.yamibo.com/forum.php?mod=forumdisplay&fid=49&typeid=248"},{"name":"大劍","url":"http://bbs.yamibo.com/forum.php?mod=forumdisplay&fid=49&typeid=249"},{"name":"食靈","url":"http://bbs.yamibo.com/forum.php?mod=forumdisplay&fid=49&typeid=250"},{"name":"CANAAN","url":"http://bbs.yamibo.com/forum.php?mod=forumdisplay&fid=49&typeid=251"},{"name":"ARIA","url":"http://bbs.yamibo.com/forum.php?mod=forumdisplay&fid=49&typeid=252"},{"name":"響け！","url":"http://bbs.yamibo.com/forum.php?mod=forumdisplay&fid=49&typeid=266"},{"name":"驚爆草莓","url":"http://bbs.yamibo.com/forum.php?mod=forumdisplay&fid=49&typeid=288"},{"name":"光美","url":"http://bbs.yamibo.com/forum.php?mod=forumdisplay&fid=49&typeid=289"},{"name":"美戰","url":"http://bbs.yamibo.com/forum.php?mod=forumdisplay&fid=49&typeid=290"},{"name":"霹靂","url":"http://bbs.yamibo.com/forum.php?mod=forumdisplay&fid=49&typeid=291"},{"name":"柯南","url":"http://bbs.yamibo.com/forum.php?mod=forumdisplay&fid=49&typeid=324"},{"name":"死神","url":"http://bbs.yamibo.com/forum.php?mod=forumdisplay&fid=49&typeid=292"},{"name":"海賊王","url":"http://bbs.yamibo.com/forum.php?mod=forumdisplay&fid=49&typeid=253"},{"name":"遊戲","url":"http://bbs.yamibo.com/forum.php?mod=forumdisplay&fid=49&typeid=219"},{"name":"影視","url":"http://bbs.yamibo.com/forum.php?mod=forumdisplay&fid=49&typeid=216"},{"name":"中之人","url":"http://bbs.yamibo.com/forum.php?mod=forumdisplay&fid=49&typeid=320"},{"name":"文評","url":"http://bbs.yamibo.com/forum.php?mod=forumdisplay&fid=49&typeid=287"}]
