[{"name":"推薦","url":"https://www.quanben.com/book/allvote/0/1/"},{"name":"最近更新","url":"https://www.quanben.com/book/lastupdate/0/1/"},{"name":"玄幻","url":"https://www.quanben.com/book1/0/1/"},{"name":"武俠","url":"https://www.quanben.com/book2/0/1/"},{"name":"都市","url":"https://www.quanben.com/book3/0/1/"},{"name":"言情","url":"https://www.quanben.com/book4/0/1/"},{"name":"穿越","url":"https://www.quanben.com/book5/0/1/"},{"name":"網遊","url":"https://www.quanben.com/book6/0/1/"},{"name":"恐怖","url":"https://www.quanben.com/book7/0/1/"},{"name":"科幻","url":"https://www.quanben.com/book8/0/1/"},{"name":"其他","url":"https://www.quanben.com/book9/0/1/"}]
