[{"name":"排行榜","url":"https://www.ylxs.cc/top/","more":true,"subs":[{"name":"最新入庫","url":"postdate/1/"},{"name":"日點擊榜","url":"dayvisit/1/"},{"name":"周點擊榜","url":"weekvisit/1/"},{"name":"月點擊榜","url":"monthvisit/1/"},{"name":"總點擊榜","url":"allvisit/1/"},{"name":"日推薦榜","url":"dayvote/1/"},{"name":"周推薦榜","url":"weekvote/1/"},{"name":"月推薦榜","url":"monthvote/1/"},{"name":"總推薦榜","url":"allvote/1/"},{"name":"字數排行","url":"size/1/"},{"name":"總收藏榜","url":"goodnum/1/"}]},{"name":"全本小說","url":"https://www.ylxs.cc/modules/article/index.php?fullflag=1"},{"name":"最近更新","url":"https://www.ylxs.cc/top/lastupdate/1/"},{"name":"玄幻魔法","url":"https://www.ylxs.cc/list/1/1/"},{"name":"武俠修真","url":"https://www.ylxs.cc/list/2/1/"},{"name":"都市言情","url":"https://www.ylxs.cc/list/3/1/"},{"name":"歷史軍事","url":"https://www.ylxs.cc/list/4/1/"},{"name":"遊戲競技","url":"https://www.ylxs.cc/list/5/1/"},{"name":"網遊動漫","url":"https://www.ylxs.cc/list/6/1/"},{"name":"科幻小說","url":"https://www.ylxs.cc/list/7/1/"},{"name":"恐怖靈異","url":"https://www.ylxs.cc/list/8/1/"},{"name":"耽美美文","url":"https://www.ylxs.cc/list/9/1/"}]
