[{"name":"完結","url":"http://www.zhulang.com/shuku/index/main/","more":true,"subs":[{"name":"全部","url":"all/sub/all/size/0/flag/2/time/0/type/0/order/0/ini/0.html"},{"name":"武俠","url":"01/sub/all/size/0/flag/2/time/0/type/0/order/0/ini/0.html"},{"name":"玄幻","url":"02/sub/all/size/0/flag/2/time/0/type/0/order/0/ini/0.html"},{"name":"歷史","url":"04/sub/all/size/0/flag/2/time/0/type/0/order/0/ini/0.html"},{"name":"都市","url":"05/sub/all/size/0/flag/2/time/0/type/0/order/0/ini/0.html"},{"name":"科幻","url":"06/sub/all/size/0/flag/2/time/0/type/0/order/0/ini/0.html"},{"name":"遊戲","url":"07/sub/all/size/0/flag/2/time/0/type/0/order/0/ini/0.html"},{"name":"靈異","url":"08/sub/all/size/0/flag/2/time/0/type/0/order/0/ini/0.html"},{"name":"競技","url":"09/sub/all/size/0/flag/2/time/0/type/0/order/0/ini/0.html"},{"name":"奇幻","url":"10/sub/all/size/0/flag/2/time/0/type/0/order/0/ini/0.html"},{"name":"仙俠","url":"11/sub/all/size/0/flag/2/time/0/type/0/order/0/ini/0.html"},{"name":"現實","url":"12/sub/all/size/0/flag/2/time/0/type/0/order/0/ini/0.html"},{"name":"軍事","url":"13/sub/all/size/0/flag/2/time/0/type/0/order/0/ini/0.html"},{"name":"二次元","url":"14/sub/all/size/0/flag/2/time/0/type/0/order/0/ini/0.html"},{"name":"短篇","url":"15/sub/all/size/0/flag/2/time/0/type/0/order/0/ini/0.html"}]},{"name":"全部","url":"http://www.zhulang.com/shuku/index/main/all/sub/all/size/0/flag/0/time/0/type/0/order/0/ini/0.html"},{"name":"武俠","url":"http://www.zhulang.com/shuku/index/main/01/sub/all/size/0/flag/0/time/0/type/0/order/0/ini/0.html"},{"name":"玄幻","url":"http://www.zhulang.com/shuku/index/main/02/sub/all/size/0/flag/0/time/0/type/0/order/0/ini/0.html"},{"name":"歷史","url":"http://www.zhulang.com/shuku/index/main/04/sub/all/size/0/flag/0/time/0/type/0/order/0/ini/0.html"},{"name":"都市","url":"http://www.zhulang.com/shuku/index/main/05/sub/all/size/0/flag/0/time/0/type/0/order/0/ini/0.html"},{"name":"科幻","url":"http://www.zhulang.com/shuku/index/main/06/sub/all/size/0/flag/0/time/0/type/0/order/0/ini/0.html"},{"name":"遊戲","url":"http://www.zhulang.com/shuku/index/main/07/sub/all/size/0/flag/0/time/0/type/0/order/0/ini/0.html"},{"name":"靈異","url":"http://www.zhulang.com/shuku/index/main/08/sub/all/size/0/flag/0/time/0/type/0/order/0/ini/0.html"},{"name":"競技","url":"http://www.zhulang.com/shuku/index/main/09/sub/all/size/0/flag/0/time/0/type/0/order/0/ini/0.html"},{"name":"奇幻","url":"http://www.zhulang.com/shuku/index/main/10/sub/all/size/0/flag/0/time/0/type/0/order/0/ini/0.html"},{"name":"仙俠","url":"http://www.zhulang.com/shuku/index/main/11/sub/all/size/0/flag/0/time/0/type/0/order/0/ini/0.html"},{"name":"現實","url":"http://www.zhulang.com/shuku/index/main/12/sub/all/size/0/flag/0/time/0/type/0/order/0/ini/0.html"},{"name":"軍事","url":"http://www.zhulang.com/shuku/index/main/13/sub/all/size/0/flag/0/time/0/type/0/order/0/ini/0.html"},{"name":"二次元","url":"http://www.zhulang.com/shuku/index/main/14/sub/all/size/0/flag/0/time/0/type/0/order/0/ini/0.html"},{"name":"短篇","url":"http://www.zhulang.com/shuku/index/main/15/sub/all/size/0/flag/0/time/0/type/0/order/0/ini/0.html"}]
