[{"name":"玄幻","url":"http://www.zhulang.com/category/index/class/02.html"},{"name":"都市","url":"http://www.zhulang.com/category/index/class/05.html"},{"name":"武俠","url":"http://www.zhulang.com/category/index/class/01.html"},{"name":"歷史","url":"http://www.zhulang.com/category/index/class/04.html"},{"name":"遊戲","url":"http://www.zhulang.com/category/index/class/07.html"},{"name":"科幻","url":"http://www.zhulang.com/category/index/class/06.html"},{"name":"競技","url":"http://www.zhulang.com/category/index/class/09.html"},{"name":"靈異","url":"http://www.zhulang.com/category/index/class/08.html"},{"name":"奇幻","url":"http://www.zhulang.com/category/index/class/10.html"},{"name":"仙俠","url":"http://www.zhulang.com/category/index/class/11.html"},{"name":"軍事","url":"http://www.zhulang.com/category/index/class/13.html"},{"name":"二次元","url":"http://www.zhulang.com/category/index/class/14.html"}]
