[{"name":"玄幻","url":"https://www.kiwang.com/list1_1.html"},{"name":"奇幻","url":"https://www.kiwang.com/list2_1.html"},{"name":"武俠","url":"https://www.kiwang.com/list3_1.html"},{"name":"仙俠","url":"https://www.kiwang.com/list4_1.html"},{"name":"都市","url":"https://www.kiwang.com/list5_1.html"},{"name":"職場","url":"https://www.kiwang.com/list6_1.html"},{"name":"歷史","url":"https://www.kiwang.com/list7_1.html"},{"name":"軍事","url":"https://www.kiwang.com/list8_1.html"},{"name":"遊戲","url":"https://www.kiwang.com/list9_1.html"},{"name":"競技","url":"https://www.kiwang.com/list10_1.html"},{"name":"科幻","url":"https://www.kiwang.com/list11_1.html"},{"name":"靈異","url":"https://www.kiwang.com/list12_1.html"},{"name":"同人","url":"https://www.kiwang.com/list13_1.html"},{"name":"圖文","url":"https://www.kiwang.com/list14_1.html"},{"name":"文學","url":"https://www.kiwang.com/list15_1.html"},{"name":"女生","url":"https://www.kiwang.com/list16_1.html"}]
