[{"name":"全本小說","url":"http://www.ziyouge.com/full"},{"name":"最近更新","url":"http://www.ziyouge.com/list"},{"name":"玄幻奇幻","url":"http://www.ziyouge.com/list/1"},{"name":"武俠仙俠","url":"http://www.ziyouge.com/list/2"},{"name":"都市言情","url":"http://www.ziyouge.com/list/3"},{"name":"古代言情","url":"http://www.ziyouge.com/list/4"},{"name":"軍事歷史","url":"http://www.ziyouge.com/list/5"},{"name":"網遊競技","url":"http://www.ziyouge.com/list/6"},{"name":"恐怖靈異","url":"http://www.ziyouge.com/list/7"},{"name":"耽美同人","url":"http://www.ziyouge.com/list/8"},{"name":"穿越架空","url":"http://www.ziyouge.com/list/9"},{"name":"其他書籍","url":"http://www.ziyouge.com/list/10"}]
