[{"name":"排行榜","url":"http://www.zuiyq.com/","more":true,"subs":[{"name":"總排行榜","url":"topallvisit-1.html"},{"name":"月排行榜","url":"topmonthvisit-1.html"},{"name":"周排行榜","url":"topweekvisit-1.html"},{"name":"總推薦榜","url":"topallvote-1.html"},{"name":"月推薦榜","url":"topmonthvote-1.html"},{"name":"周推薦榜","url":"topweekvote-1.html"},{"name":"最新入庫","url":"toppostdate-1.html"},{"name":"原創更新","url":"topauthorupdate-1.html"},{"name":"轉載更新","url":"topmasterupdate-1.html"},{"name":"總收藏榜","url":"topgoodnum-1.html"},{"name":"字數排行","url":"topsize-1.html"}]},{"name":"最近更新","url":"http://www.zuiyq.com/toplastupdate-1.html"},{"name":"全本小說","url":"http://www.zuiyq.com/full-1.html"},{"name":"全部文章","url":"http://www.zuiyq.com/class0-1.html"},{"name":"都市言情","url":"http://www.zuiyq.com/class1-1.html"},{"name":"穿越小說","url":"http://www.zuiyq.com/class2-1.html"},{"name":"古代言情","url":"http://www.zuiyq.com/class3-1.html"},{"name":"校園言情","url":"http://www.zuiyq.com/class4-1.html"},{"name":"言情小說","url":"http://www.zuiyq.com/class5-1.html"},{"name":"豪門王爺","url":"http://www.zuiyq.com/class12-1.html"},{"name":"女尊小說","url":"http://www.zuiyq.com/class6-1.html"},{"name":"玄幻小說","url":"http://www.zuiyq.com/class7-1.html"},{"name":"懸疑探險","url":"http://www.zuiyq.com/class8-1.html"},{"name":"武俠小說","url":"http://www.zuiyq.com/class9-1.html"},{"name":"歷史軍事","url":"http://www.zuiyq.com/class10-1.html"},{"name":"散文詩詞","url":"http://www.zuiyq.com/class11-1.html","nonovels":true}]
