[{"name":"排行榜","url":"https://www.oldtimeswx.cc/","more":true,"subs":[{"name":"總排行榜","url":"allvisit.html"},{"name":"月排行榜","url":"monthvisit.html"},{"name":"周排行榜","url":"weekvisit.html"},{"name":"總推薦榜","url":"allvote.html"},{"name":"月推薦榜","url":"monthvote.html"},{"name":"收藏排行","url":"goodnum.html"},{"name":"新書上架","url":"postdate.html"},{"name":"字數排行","url":"size.html"}]},{"name":"全本","url":"https://www.oldtimeswx.cc/wanben/"},{"name":"最近更新","url":"https://www.oldtimeswx.cc/lastupdate.html"},{"name":"玄幻小說","url":"https://www.oldtimeswx.cc/xuanhuan.html"},{"name":"仙俠小說","url":"https://www.oldtimeswx.cc/xianxia.html"},{"name":"都市小說","url":"https://www.oldtimeswx.cc/dushi.html"},{"name":"軍史小說","url":"https://www.oldtimeswx.cc/junshi.html"},{"name":"網遊小說","url":"https://www.oldtimeswx.cc/wangyou.html"},{"name":"科幻小說","url":"https://www.oldtimeswx.cc/kehuan.html"},{"name":"靈異小說","url":"https://www.oldtimeswx.cc/lingyi.html"},{"name":"言情小說","url":"https://www.oldtimeswx.cc/yanqing.html"},{"name":"其他小說","url":"https://www.oldtimeswx.cc/qita.html"}]
