[{"version":79,"file":"novel101.json","host":"novel101.com","name":"101 小說典藏網","url":"https://novel101.com/"},{"version":26,"file":"2kxs.json","host":"www.2kxs.com","name":"2k 小說閱讀網","url":"https://www.fpzw.com/"},{"version":83,"file":"33yqw.json","host":"www.33yqw.com","name":"33 言情小說 [33YQW]","url":"http://m.33yqw.com/"},{"version":120,"file":"kkkkwx.json","host":"www.kkkkwx.com","name":"4K 文學","url":"http://www.kkkkwx.com/"},{"version":92,"file":"5858xs.json","host":"www.5858xs.com","name":"58 小說","url":"http://m.5858xs.com/"},{"version":3,"file":"69shu.json","host":"www.69shu.com","name":"69 書吧","url":"https://www.69shu.com/"},{"version":3,"file":"85novel.json","host":"www.85novel.com","name":"85 小說網","url":"https://www.85novel.com/"},{"version":7,"file":"91baby.json","host":"91baby.mama.cn","name":"91baby 媽媽網 - 天天讀好書","url":"http://91baby.mama.cn/forum.php?mod=forumdisplay&fid=171"},{"version":29,"file":"78xs.json","host":"www.78xs.com","name":"999 文學","url":"http://www.999wx.com/"},{"version":113,"file":"acggg.json","host":"novel.acg.gg","name":"ACG 狗狗 | 輕小說","url":"http://novel.acg.gg/"},{"version":1,"file":"bestory.json","host":"www.bestory.com","name":"Bestory 精品文學","url":"https://www.book100.com/"},{"version":4,"file":"phpwx.json","host":"www.phpwx.com","name":"PHP 文學","url":"https://www.phpwx.com/"},{"version":1,"file":"sfacg.json","host":"book.sfacg.com","name":"SF - 輕小說","url":"http://book.sfacg.com/"},{"version":91,"file":"ucxsw.json","host":"www.ucxsw.com","name":"UC 小說網","url":"http://m.ucxsw.com/"},{"version":109,"file":"uuxs.json","host":"www.uuxs.la","name":"UU 小說","url":"http://www.uuxs.la/"},{"version":10,"file":"uukanshu.json","host":"www.uukanshu.com","name":"UU 看書小說網","url":"https://www.uukanshu.com/"},{"version":113,"file":"yayabay.json","host":"www.yayabay.com","name":"Yayabay - 小說欣賞","url":"http://www.yayabay.com/forum/index.php?gid=143"},{"version":119,"file":"yishuge.json","host":"www.yishuge.cc","name":"一書閣","url":"http://www.yishug.net/"},{"version":2,"file":"9pwx.json","host":"www.9pwx.com","name":"九品文學網","url":"https://www.9pwx.com/"},{"version":4,"file":"80txt.json","host":"www.80txt.com","name":"八零電子書","url":"https://www.80txt.com/"},{"version":5,"file":"19loutw.json","host":"www.19lou.tw","name":"十九樓書包網","url":"http://www.aishula.com/"},{"version":4,"file":"dajiadu.json","host":"www.dajiadu.net","name":"大家讀書院","url":"https://www.8kzw.com/"},{"version":3,"file":"dhzw.json","host":"www.dhzw.com","name":"大海中文網","url":"https://www.dhzw.org/"},{"version":109,"file":"xs5.json","host":"www.xs5.la","name":"小說屋","url":"http://www.xs5.la/"},{"version":99,"file":"booksrc.json","host":"www.booksrc.net","name":"小說源","url":"http://www.booksrc.net/"},{"version":84,"file":"allcp.json","host":"allcp.net","name":"公子長佩","url":"http://allcp.net/forum.php"},{"version":54,"file":"8kana.json","host":"www.8kana.com","name":"不可能世界","url":"https://www.8kana.com/"},{"version":5,"file":"tianyabook.json","host":"www.tianyabook.org","name":"天涯書庫","url":"http://www.tianyabooks.com/"},{"version":4,"file":"wxguan.json","host":"www.wxguan.com","name":"文學館","url":"https://www.xwxguan.com/"},{"version":109,"file":"mzsw123.json","host":"www.mzsw123.com","name":"木子書屋","url":"https://www.mzsw123.com"},{"version":1,"file":"ck101.json","host":"www.ck101.com","name":"卡提諾 - 小說","url":"https://ck101.com/forum.php?gid=1180"},{"version":103,"file":"ck101org.json","host":"www.ck101.org","name":"卡提諾小說網","url":"https://w.ck101.org/"},{"version":1,"file":"eyny.json","host":"www.eyny.com","name":"伊莉 - 小說","url":"http://www.eyny.com/forum.php?gid=1747"},{"version":113,"file":"ylxs.json","host":"www.ylxs.cc","name":"伊莉小說網 [YLXS]","url":"https://www.ylxs.cc/"},{"version":4,"file":"qbxs5.json","host":"www.qbxs5.com","name":"全本小說屋","url":"http://www.qbxs5.com/"},{"version":103,"file":"quanben5.json","host":"www.quanben5.com","name":"全本小說網 [Quanben5]","url":"http://www.quanben5.com"},{"version":70,"file":"ymlt.json","host":"www.ymlt.net","name":"印摩羅天言情小說","url":"http://www.ymlt.net/"},{"version":107,"file":"xiaoshuokan.json","host":"www.xiaoshuokan.com","name":"好看小說網","url":"https://m.xiaoshuokan.com/"},{"version":65,"file":"heihei66.json","host":"www.heihei66.com","name":"有意思書院","url":"https://www.heihei66.com/"},{"version":1,"file":"yamibo.json","host":"www.yamibo.com","name":"百合會","url":"https://bbs.yamibo.com/"},{"version":4,"file":"baishulou.json","host":"www.baishulou.net","name":"百書樓","url":"http://www.sinosony.com/"},{"version":4,"file":"zizaidu.json","host":"www.zizaidu.com","name":"自在讀小說網","url":"http://www.zizaidu.com/"},{"version":94,"file":"kanunu8.json","host":"www.kanunu8.com","name":"努努書坊","url":"http://www.kanunu8.com/"},{"version":71,"file":"qiuxiaoshuo.json","host":"www.qiuxiaoshuo.com","name":"求小說","url":"http://www.qiuxiaoshuo.com/"},{"version":94,"file":"ddshu.json","host":"www.ddshu.net","name":"豆豆小說閱讀網","url":"http://m.ddshu.net/"},{"version":2,"file":"dshk.json","host":"ds-hk.net","name":"夜玥 - 小說區","url":"http://ds-hk.net/"},{"version":5,"file":"zhsxs.json","host":"www.zhsxs.com","name":"宙斯小說網","url":"http://www.zhsxs.com/"},{"version":5,"file":"mingzw.json","host":"www.mingzw.com","name":"明智屋小說網","url":"http://www.mingzw.net/"},{"version":3,"file":"bsxsw.json","host":"www.bsxsw.com","name":"波斯小說網","url":"https://www.bsxsw.com/"},{"version":9,"file":"mgyqw.json","host":"www.mgyqw.com","name":"玫瑰言情網","url":"http://www.mgyqw.com/"},{"version":100,"file":"gongzicp.json","host":"www.gongzicp.com","name":"長佩文學","url":"https://www.gongzicp.com/"},{"version":9,"file":"qnyqw.json","host":"www.qnyqw.com","name":"青檸言情網","url":"http://www.qnyqw.com/"},{"version":2,"file":"sto.json","host":"book.sto.cc","name":"思兔閱讀","url":"https://www.sto.cx/mindex.aspx"},{"version":5,"file":"kanshuge.json","host":"www.kanshuge.com","name":"看書閣","url":"http://www.kanshuge.co/"},{"version":57,"file":"cherry123.json","host":"www.cherry123.com","name":"紅櫻桃愛情小說書庫","url":"http://www.cherry123.com/"},{"version":6,"file":"baoliny.json","host":"www.baoliny.com","name":"風云小說網","url":"https://www.fengyunok.com/"},{"version":109,"file":"feizw.json","host":"www.feizw.com","name":"飛速中文網","url":"http://www.feizw.com/"},{"version":6,"file":"fxnzw.json","host":"www.fxnzw.com","name":"飛翔鳥中文網","url":"http://www.fxnzw.com/"},{"version":59,"file":"shubao22.json","host":"www.shubao22.com","name":"書包網","url":"https://www.shubao52.com/"},{"version":6,"file":"shumilou.json","host":"www.shumilou.com","name":"書迷樓","url":"http://www.shumil.com/"},{"version":89,"file":"gogodown.json","host":"www.ggdown.com","name":"格格黨","url":"http://m.ggdown.com/"},{"version":99,"file":"sangwu.json","host":"www.sangwu.org","name":"桑舞小說網","url":"https://m.sangwu.org/"},{"version":6,"file":"htxsw.json","host":"www.htxsw.com","name":"海豚小說網","url":"http://www.htxsw.com/"},{"version":5,"file":"blnovel.json","host":"www.blnovel.com","name":"耽美中文網","url":"http://www.blnovel.com/"},{"version":69,"file":"guidaye.json","host":"book.guidaye.com","name":"鬼大爺名著閱讀","url":"https://www.guishuji.com/"},{"version":48,"file":"jkforum.json","host":"www.jkforum.net","name":"捷克論壇 - 小說版","url":"http://www.jkforum.net/forum.php?mod=forumdisplay&fid=370"},{"version":29,"file":"d8qu.json","host":"www.d8qu.com","name":"第八區小說網","url":"http://www.laoqu123.com/"},{"version":70,"file":"sugobbs.json","host":"www.sugobbs.com","name":"P2P101 - 小說區 [速貢論壇]","url":"http://www.p2p101.com/forum.php?gid=1007"},{"version":8,"file":"dk101.json","host":"www.dk101.com","name":"頂客論壇 - 小說","url":"http://www.dk101.com/Discuz/index.php?gid=13"},{"version":8,"file":"zuiyq.json","host":"www.zuiyq.com","name":"最言情小說吧","url":"http://www.zuiyq.com/"},{"version":117,"file":"9itan.json","host":"www.9itan.com","name":"就愛談小說網","url":"https://m.9itan.com/"},{"version":3,"file":"8novel.json","host":"www.8novel.com","name":"無限小說","url":"https://8book.com/"},{"version":57,"file":"wutuxs.json","host":"www.wutuxs.com","name":"無圖小說網","url":"http://www.wutuxs.com/"},{"version":9,"file":"daomengren.json","host":"www.daomengren.com","name":"盜夢人小說網","url":"http://www.daomengren.com/"},{"version":8,"file":"ziyouge.json","host":"www.ziyouge.com","name":"紫幽閣","url":"http://www.ziyouge.com/"},{"version":86,"file":"b111.json","host":"www.b111.net","name":"雲台書屋","url":"http://www.b111.net/"},{"version":6,"file":"hjwzw.json","host":"www.hjwzw.com","name":"黃金屋中文","url":"https://www.hjwzw.com/"},{"version":3,"file":"2dollars.json","host":"www.2dollars.com.tw","name":"嗡嗡嗡論壇","url":"http://www.2dollars.com.tw/forum/forum.php?mod=forumdisplay&fid=27"},{"version":68,"file":"wfxs.json","host":"m.wfxs.org","name":"微風小說網","url":"http://m.wfxs.org/"},{"version":77,"file":"asxstxt.json","host":"www.asxstxt.com","name":"愛小說書城","url":"http://www.69txt.me/"},{"version":86,"file":"2shu8.json","host":"www.2shu8.com","name":"愛書吧","url":"https://www.2shu8.cc/"},{"version":117,"file":"qqxs123.json","host":"www.qqxs123.com","name":"新千千小說","url":"http://m.qqxs123.com/"},{"version":7,"file":"xbiquge.json","host":"www.xbiquge.com","name":"新筆趣閣","url":"https://www.xbiquge6.com/"},{"version":55,"file":"fnxsw.json","host":"www.fnxsw.com","name":"蜂鳥小說網","url":"http://www.fnxsw.com/"},{"version":77,"file":"23gb.json","host":"www.23qb.com","name":"鉛筆小說網","url":"https://www.23qb.net/"},{"version":32,"file":"lingdiankanshu.json","host":"soudu.org","name":"零點看書","url":"https://www.lingdiankanshu.co/"},{"version":19,"file":"awubook.json","host":"www.fubooks.com","name":"鯉魚鄉 [腐書網]","url":"http://m.awubook.com/"},{"version":84,"file":"lightnovel.json","host":"www.lightnovel.cn","name":"輕之國度 [論壇]","url":"https://www.lightnovel.cn/forum.php?gid=3"},{"version":84,"file":"kuuhuu.json","host":"www.kuuhuu.cc","name":"酷虎文學","url":"http://www.kuuhuu.com/"},{"version":55,"file":"wenku8.json","host":"www.wenku8.com","name":"輕小說文庫 [Wenku8]","url":"https://www.wenku8.net/index.php"},{"version":55,"file":"lread.json","host":"www.lread.net","name":"樂閱讀","url":"http://www.lread.net/"},{"version":100,"file":"clewx.json","host":"www.clewx.com","name":"醋溜兒文學網","url":"http://m.clewx.com/"},{"version":6,"file":"ranwen.json","host":"www.ranwen.net","name":"燃文小說網","url":"https://www.ranwena.com/"},{"version":50,"file":"suixw.json","host":"book.suixw.com","name":"隨想輕小說","url":"http://book.suixw.com/"},{"version":68,"file":"ftxs.json","host":"m.ftxs.org","name":"繁體小說網","url":"https://m.ftxs.org/"},{"version":103,"file":"blue800.json","host":"blue800.com","name":"藍莓書屋","url":"http://blue800.com/"},{"version":93,"file":"zineworm.json","host":"www.zineworm.com","name":"雜誌蟲","url":"https://m.ab74.com/"},{"version":121,"file":"piaotianzw.json","host":"www.piaotianzw.com","name":"飄天中文網","url":"https://www.piaotianzw.com/"},{"version":3,"file":"piaotian.json","host":"www.piaotian.net","name":"飄天文學","url":"https://www.ptwxz.com/"},{"version":95,"file":"123du.json","host":"www.123du.cc","name":"123讀","url":"https://www.123du.cc/"},{"version":54,"file":"magicindexlib.json","host":"magicindexlib.com","name":"とある魔術の禁書目録","url":"http://magicindexlib.890m.com/","offline":true},{"version":6,"file":"17k.json","host":"www.17k.com","name":"17K 小說網","url":"http://www.17k.com/","offline":true},{"version":10,"file":"nch.json","host":"www.nch.com.tw","name":"小說頻道","url":"http://www.nch.com.tw/index.php","offline":true},{"version":41,"file":"Xs8.json","host":"www.xs8.cn","name":"言情小說吧","url":"https://www.xs8.cn/","offline":true},{"version":6,"file":"hongxiu.json","host":"www.hongxiu.com","name":"紅袖添香","url":"http://www.hongxiu.com/","offline":true},{"version":8,"file":"faloo_mm.json","host":"mm.faloo.com","name":"飛盧女生網","url":"https://mm.faloo.com/","offline":true},{"version":8,"file":"faloo.json","host":"b.faloo.com","name":"飛盧小說網","url":"https://b.faloo.com/","offline":true},{"version":6,"file":"jjwxc.json","host":"www.jjwxc.net","name":"晉江文學城","url":"http://www.jjwxc.net/","offline":true},{"version":21,"file":"shikoto.json","host":"www.shikoto.com","name":"紙言","url":"https://www.shikoto.com/","offline":true},{"version":7,"file":"qdmm.json","host":"www.qdmm.com","name":"起點女生網","url":"http://www.qdmm.com/","offline":true},{"version":7,"file":"qidian.json","host":"www.qidian.com","name":"起點中文網","url":"http://www.qidian.com/","offline":true},{"version":36,"file":"zhulang.json","host":"www.zhulang.com","name":"逐浪小說網","url":"http://www.zhulang.com/","offline":true},{"version":89,"file":"ireader.json","host":"ireader.com.cn","name":"掌閱小說網","url":"http://wap.yc.ireader.com.cn","offline":true},{"version":21,"file":"huayu.json","host":"huayu.baidu.com","name":"縱橫小說網 - 女生站","url":"http://huayu.baidu.com/","offline":true},{"version":21,"file":"zongheng.json","host":"www.zongheng.com","name":"縱橫小說網 - 男生站","url":"http://www.zongheng.com/","offline":true},{"version":7,"file":"xxsy.json","host":"www.xxsy.net","name":"瀟湘書院","url":"https://www.xxsy.net/","offline":true},{"version":57,"file":"hbooker.json","host":"www.hbooker.com","name":"歡樂書客 [刺蝟貓]","url":"https://www.ciweimao.com/","offline":true},{"version":65,"file":"18x.json","host":"18x","name":"異色文學","url":"","offline":true}]
