[{"name":"書庫","url":"http://www.zz0516.com/xiaoshuodaquan"},{"name":"玄幻小說","url":"http://www.zz0516.com/xuanhuan/"},{"name":"修真小說","url":"http://www.zz0516.com/xiuzhen/"},{"name":"都市小說","url":"http://www.zz0516.com/dushi/"},{"name":"歷史小說","url":"http://www.zz0516.com/lishi/"},{"name":"網遊小說","url":"http://www.zz0516.com/wangyou/"},{"name":"科幻小說","url":"http://www.zz0516.com/kehuan/"},{"name":"女頻小說","url":"http://www.zz0516.com/nvpin/"}]
