[{"name":"男生","url":"https://www.xxsy.net/search?s_wd=&channel=1&sort=9&pn=1","catId":"1","more":true,"subs":[{"name":"完結","url":"https://www.xxsy.net/search?s_wd=&s_lianzai=2&channel=1&sort=9&pn=1","catId":"1","more":true,"subs":[{"name":"全部","url":""},{"name":"玄幻","url":"s_type=82"},{"name":"奇幻","url":"s_type=83"},{"name":"武俠","url":"s_type=84"},{"name":"仙俠","url":"s_type=86"},{"name":"都市","url":"s_type=88"},{"name":"歷史","url":"s_type=90"},{"name":"軍事","url":"s_type=91"},{"name":"懸疑","url":"s_type=92"},{"name":"科幻","url":"s_type=93"},{"name":"遊戲","url":"s_type=94"},{"name":"體育","url":"s_type=96"},{"name":"輕小說","url":"s_type=97"},{"name":"現實","url":"s_type=98"},{"name":"短篇","url":"s_type=99"}]},{"name":"完結 (不包含 VIP 作品)","url":"https://www.xxsy.net/search?s_wd=&s_lianzai=2&vip=0&channel=1&sort=9&pn=1","catId":"1","more":true,"subs":[{"name":"全部","url":""},{"name":"玄幻","url":"s_type=82"},{"name":"奇幻","url":"s_type=83"},{"name":"武俠","url":"s_type=84"},{"name":"仙俠","url":"s_type=86"},{"name":"都市","url":"s_type=88"},{"name":"歷史","url":"s_type=90"},{"name":"軍事","url":"s_type=91"},{"name":"懸疑","url":"s_type=92"},{"name":"科幻","url":"s_type=93"},{"name":"遊戲","url":"s_type=94"},{"name":"體育","url":"s_type=96"},{"name":"輕小說","url":"s_type=97"},{"name":"現實","url":"s_type=98"},{"name":"短篇","url":"s_type=99"}]},{"name":"免費","url":"https://www.xxsy.net/search?s_wd=&vip=0&channel=1&sort=9&pn=1","catId":"1","more":true,"subs":[{"name":"全部","url":""},{"name":"玄幻","url":"s_type=82"},{"name":"奇幻","url":"s_type=83"},{"name":"武俠","url":"s_type=84"},{"name":"仙俠","url":"s_type=86"},{"name":"都市","url":"s_type=88"},{"name":"歷史","url":"s_type=90"},{"name":"軍事","url":"s_type=91"},{"name":"懸疑","url":"s_type=92"},{"name":"科幻","url":"s_type=93"},{"name":"遊戲","url":"s_type=94"},{"name":"體育","url":"s_type=96"},{"name":"輕小說","url":"s_type=97"},{"name":"現實","url":"s_type=98"},{"name":"短篇","url":"s_type=99"}]},{"name":"全部","url":""},{"name":"玄幻","url":"s_type=82"},{"name":"奇幻","url":"s_type=83"},{"name":"武俠","url":"s_type=84"},{"name":"仙俠","url":"s_type=86"},{"name":"都市","url":"s_type=88"},{"name":"歷史","url":"s_type=90"},{"name":"軍事","url":"s_type=91"},{"name":"懸疑","url":"s_type=92"},{"name":"科幻","url":"s_type=93"},{"name":"遊戲","url":"s_type=94"},{"name":"體育","url":"s_type=96"},{"name":"輕小說","url":"s_type=97"},{"name":"現實","url":"s_type=98"},{"name":"短篇","url":"s_type=99"}]},{"name":"女生","url":"https://www.xxsy.net/search?s_wd=&channel=2&sort=9&pn=1","catId":"2","more":true,"subs":[{"name":"完結","url":"https://www.xxsy.net/search?s_wd=&s_lianzai=2&channel=2&sort=9&pn=1","catId":"2","more":true,"subs":[{"name":"全部","url":""},{"name":"玄幻言情","url":"&s_type=3"},{"name":"仙俠奇緣","url":"&s_type=4"},{"name":"古代言情","url":"s_type=1"},{"name":"現代言情","url":"s_type=2"},{"name":"浪漫青春","url":"s_type=6"},{"name":"懸疑","url":"s_type=5"},{"name":"科幻空間","url":"s_type=7"},{"name":"遊戲競技","url":"s_type=8"},{"name":"輕小說","url":"s_type=9"},{"name":"純愛","url":"s_type=10"},{"name":"短篇","url":"s_type=11"}]},{"name":"完結 (不包含 VIP 作品)","url":"https://www.xxsy.net/search?s_wd=&s_lianzai=2&vip=0&channel=2&sort=9&pn=1","catId":"2","more":true,"subs":[{"name":"全部","url":""},{"name":"玄幻言情","url":"&s_type=3"},{"name":"仙俠奇緣","url":"&s_type=4"},{"name":"古代言情","url":"s_type=1"},{"name":"現代言情","url":"s_type=2"},{"name":"浪漫青春","url":"s_type=6"},{"name":"懸疑","url":"s_type=5"},{"name":"科幻空間","url":"s_type=7"},{"name":"遊戲競技","url":"s_type=8"},{"name":"輕小說","url":"s_type=9"},{"name":"純愛","url":"s_type=10"},{"name":"短篇","url":"s_type=11"}]},{"name":"免費","url":"https://www.xxsy.net/search?s_wd=&vip=0&channel=2&sort=9&pn=1","catId":"2","more":true,"subs":[{"name":"全部","url":""},{"name":"玄幻言情","url":"&s_type=3"},{"name":"仙俠奇緣","url":"&s_type=4"},{"name":"古代言情","url":"s_type=1"},{"name":"現代言情","url":"s_type=2"},{"name":"浪漫青春","url":"s_type=6"},{"name":"懸疑","url":"s_type=5"},{"name":"科幻空間","url":"s_type=7"},{"name":"遊戲競技","url":"s_type=8"},{"name":"輕小說","url":"s_type=9"},{"name":"純愛","url":"s_type=10"},{"name":"短篇","url":"s_type=11"}]},{"name":"全部","url":""},{"name":"玄幻言情","url":"&s_type=3"},{"name":"仙俠奇緣","url":"&s_type=4"},{"name":"古代言情","url":"s_type=1"},{"name":"現代言情","url":"s_type=2"},{"name":"浪漫青春","url":"s_type=6"},{"name":"懸疑","url":"s_type=5"},{"name":"科幻空間","url":"s_type=7"},{"name":"遊戲競技","url":"s_type=8"},{"name":"輕小說","url":"s_type=9"},{"name":"純愛","url":"s_type=10"},{"name":"短篇","url":"s_type=11"}]}]
