[{"name":"伊莉 - 小說","host":"www.eyny.com","url":"http://www.eyny.com/forum.php?mod=forumdisplay","adult":true,"more":true,"subs":[{"name":"改編系列","url":"&fid=344&forumdefstyle=no&page=1"},{"name":"亂倫系列","url":"&fid=341&forumdefstyle=no&page=1"},{"name":"誘騙系列","url":"&fid=342&forumdefstyle=no&page=1"},{"name":"強暴系列","url":"&fid=343&forumdefstyle=no&page=1"},{"name":"變身系列","url":"&fid=475&forumdefstyle=no&page=1"}]},{"name":"成人文學小說網","host":"blog.xbookcn.com","url":"https://www.xbookcn.com/","adult":true},{"name":"冷冷文學","host":"www.lenglengbb.com","url":"https://www.lenglengbb.com/","adult":true,"more":true,"subs":[{"name":"完本","host":"www.lenglengbb.com","url":"https://www.lenglengbb.com/category/finish/","adult":true,"more":true,"subs":[{"name":"全部","url":"0/"},{"name":"原創小說","url":"168326864887877/"},{"name":"同人衍生","url":"168326864900166/"},{"name":"PO18","url":"168325583147077/"},{"name":"都市","url":"4497418743879/"},{"name":"玄幻","url":"4497418813510/"},{"name":"現代言情","url":"123687453134919/"},{"name":"古代言情","url":"123687453102149/"},{"name":"科幻","url":"4497418604613/"},{"name":"古言","url":"4497419206726/"},{"name":"現言","url":"4497418784838/"},{"name":"幻想言情","url":"123687453163590/"},{"name":"歷史","url":"4497418846278/"},{"name":"懸疑","url":"4497418977350/"},{"name":"遊戲","url":"4497418752070/"},{"name":"奇幻","url":"4497418838087/"},{"name":"同人","url":"123687453151304/"},{"name":"青春","url":"4497419108424/"},{"name":"武俠","url":"4497418797126/"},{"name":"仙俠","url":"4497418756166/"},{"name":"輕小說","url":"4497418735686/"},{"name":"幻情","url":"4497418879046/"},{"name":"競技","url":"123695583178826/"},{"name":"軍事","url":"4497419591752/"},{"name":"現實","url":"4497419587654/"},{"name":"體育","url":"4497418895432/"},{"name":"純愛","url":"10322166141000/"},{"name":"短篇","url":"4497419214918/"},{"name":"其他","url":"123687454683208/"},{"name":"其它分類","url":"4497426522184/"}]},{"name":"全部","url":"category/0/"},{"name":"原創小說","url":"category/168326864887877/"},{"name":"同人衍生","url":"category/168326864900166/"},{"name":"PO18","url":"category/168325583147077/"},{"name":"都市","url":"category/4497418743879/"},{"name":"玄幻","url":"category/4497418813510/"},{"name":"現代言情","url":"category/123687453134919/"},{"name":"古代言情","url":"category/123687453102149/"},{"name":"科幻","url":"category/4497418604613/"},{"name":"古言","url":"category/4497419206726/"},{"name":"現言","url":"category/4497418784838/"},{"name":"幻想言情","url":"category/123687453163590/"},{"name":"歷史","url":"category/4497418846278/"},{"name":"懸疑","url":"category/4497418977350/"},{"name":"遊戲","url":"category/4497418752070/"},{"name":"奇幻","url":"category/4497418838087/"},{"name":"同人","url":"category/123687453151304/"},{"name":"青春","url":"category/4497419108424/"},{"name":"武俠","url":"category/4497418797126/"},{"name":"仙俠","url":"category/4497418756166/"},{"name":"輕小說","url":"category/4497418735686/"},{"name":"幻情","url":"category/4497418879046/"},{"name":"競技","url":"category/123695583178826/"},{"name":"軍事","url":"category/4497419591752/"},{"name":"現實","url":"category/4497419587654/"},{"name":"體育","url":"category/4497418895432/"},{"name":"純愛","url":"category/10322166141000/"},{"name":"短篇","url":"category/4497419214918/"},{"name":"其他","url":"category/123687454683208/"},{"name":"其它分類","url":"category/4497426522184/"}]},{"name":"河圖文化","host":"www.hotupub.net","url":"https://m.hotupub.net/","adult":true},{"name":"風月文學網","host":"www.h528.com","url":"http://www.h528.com/","adult":true,"more":true,"subs":[{"name":"全本","url":""},{"name":"人妻熟女","url":"post/category/%e4%ba%ba%e5%a6%bb%e7%86%9f%e5%a5%b3"},{"name":"家庭亂倫","url":"post/category/%e5%ae%b6%e5%ba%ad%e4%ba%82%e5%80%ab"},{"name":"強暴虐待","url":"post/category/%e5%bc%b7%e6%9a%b4%e8%99%90%e5%be%85"},{"name":"學生校園","url":"post/category/%e6%a0%a1%e5%9c%92%e5%b8%ab%e7%94%9f"},{"name":"武俠科幻","url":"post/category/%e6%ad%a6%e4%bf%a0%e7%a7%91%e5%b9%bb"},{"name":"動漫改編","url":"post/category/%e5%8b%95%e6%bc%ab%e6%94%b9%e7%b7%a8"},{"name":"名人明星","url":"post/category/%e5%90%8d%e4%ba%ba%e6%98%8e%e6%98%9f"},{"name":"都市生活","url":"post/category/%e9%83%bd%e5%b8%82%e7%94%9f%e6%b4%bb"},{"name":"變身繫列","url":"post/category/%e8%ae%8a%e8%ba%ab%e7%b3%bb%e5%88%97"},{"name":"經驗故事","url":"post/category/%e7%b6%93%e9%a9%97%e6%95%85%e4%ba%8b"},{"name":"另類其它","url":"post/category/%e5%8f%a6%e9%a1%9e%e5%85%b6%e5%ae%83"},{"name":"性知識","url":"post/category/%e6%80%a7%e7%9f%a5%e8%ad%98"}]},{"name":"捷克論壇 – 小說版","host":"www.jkforum.net","url":"http://jkforum.net/forum.php?mod=forumdisplay&fid=544","catId":"544","adult":true,"more":true,"subs":[{"name":"全部","url":""},{"name":"學生校園","url":"&filter=typeid&typeid=1641"},{"name":"生活都市","url":"&filter=typeid&typeid=1620"},{"name":"人妻熟女","url":"&filter=typeid&typeid=1621"},{"name":"玄幻仙俠","url":"&filter=typeid&typeid=1642"},{"name":"科學幻想","url":"&filter=typeid&typeid=1622"},{"name":"明星偶像","url":"&filter=typeid&typeid=1628"},{"name":"不倫戀情","url":"&filter=typeid&typeid=1627"},{"name":"暴力虐待","url":"&filter=typeid&typeid=1624"},{"name":"經驗故事","url":"&filter=typeid&typeid=1623"},{"name":"動漫修改","url":"&filter=typeid&typeid=1644"},{"name":"長篇連載","url":"&filter=typeid&typeid=1625"},{"name":"原創","url":"&filter=typeid&typeid=1626"},{"name":"附圖","url":"&filter=typeid&typeid=2110"},{"name":"其他","url":"&filter=typeid&typeid=694"}]}]
