[{"name":"排行榜","url":"https://www.xwbbook.com/rank/"},{"name":"玄幻","url":"https://www.xwbbook.com/fenlei/1/1/"},{"name":"奇幻","url":"https://www.xwbbook.com/fenlei/2/1/"},{"name":"武俠","url":"https://www.xwbbook.com/fenlei/3/1/"},{"name":"仙俠","url":"https://www.xwbbook.com/fenlei/4/1/"},{"name":"都市","url":"https://www.xwbbook.com/fenlei/5/1/"},{"name":"軍事","url":"https://www.xwbbook.com/fenlei/6/1/"},{"name":"歷史","url":"https://www.xwbbook.com/fenlei/7/1/"},{"name":"遊戲","url":"https://www.xwbbook.com/fenlei/8/1/"},{"name":"科幻","url":"https://www.xwbbook.com/fenlei/10/1/"},{"name":"二次元","url":"https://www.xwbbook.com/fenlei/24/1/"}]
