[{"name":"全本小說","url":"https://www.youshu8.cc/finish/"},{"name":"玄幻小說","url":"https://www.youshu8.cc/leibie1/"},{"name":"修真小說","url":"https://www.youshu8.cc/leibie2/"},{"name":"都市小說","url":"https://www.youshu8.cc/leibie3/"},{"name":"歷史小說","url":"https://www.youshu8.cc/leibie4/"},{"name":"網遊小說","url":"https://www.youshu8.cc/leibie5/"},{"name":"科幻小說","url":"https://www.youshu8.cc/leibie6/"},{"name":"言情小說","url":"https://www.youshu8.cc/leibie7/"},{"name":"二次元","url":"https://www.youshu8.cc/leibie8/"},{"name":"其他小說","url":"https://www.youshu8.cc/leibie9/"}]
