[{"name":"全部小說","url":"https://www.daomengren.com/lastupdate_1/"},{"name":"玄幻小說","url":"https://m.daomengren.com/sort-1-1/"},{"name":"修真小說","url":"https://m.daomengren.com/sort-2-1/"},{"name":"都市小說","url":"https://m.daomengren.com/sort-3-1/"},{"name":"穿越小說","url":"https://m.daomengren.com/sort-4-1/"},{"name":"恐怖小說","url":"https://m.daomengren.com/sort-5-1/"},{"name":"網遊小說","url":"https://m.daomengren.com/sort-6-1/"},{"name":"科幻小說","url":"https://m.daomengren.com/sort-7-1/"},{"name":"言情小說","url":"https://m.daomengren.com/sort-8-1/"}]
