[{"name":"全本小說","url":"https://www.zhaoshuyuan.com/list/quanben-1.html"},{"name":"玄幻奇幻","url":"https://www.zhaoshuyuan.com/list/xuanhuan-1.html"},{"name":"都市言情","url":"https://www.zhaoshuyuan.com/list/yanqing-1.html"},{"name":"武俠仙俠","url":"https://www.zhaoshuyuan.com/list/xianxia-1.html"},{"name":"軍事歷史","url":"https://www.zhaoshuyuan.com/list/lishi-1.html"},{"name":"網遊競技","url":"https://www.zhaoshuyuan.com/list/wangyou-1.html"},{"name":"科幻靈異","url":"https://www.zhaoshuyuan.com/list/lingyi-1.html"},{"name":"女生同人","url":"https://www.zhaoshuyuan.com/list/tongren-1.html"},{"name":"二次元","url":"https://www.zhaoshuyuan.com/list/erciyuan-1.html"}]
