[{"name":"全部小說","url":"https://www.twbook.cc/bookstack/?page=1"},{"name":"言情","url":"https://www.twbook.cc/bookstack/?cid=1&page=1"},{"name":"歷史","url":"https://www.twbook.cc/bookstack/?cid=2&page=1"},{"name":"其他","url":"https://www.twbook.cc/bookstack/?cid=3&page=1"},{"name":"都市","url":"https://www.twbook.cc/bookstack/?cid=4&page=1"},{"name":"玄幻","url":"https://www.twbook.cc/bookstack/?cid=5&page=1"},{"name":"體育","url":"https://www.twbook.cc/bookstack/?cid=6&page=1"},{"name":"穿越","url":"https://www.twbook.cc/bookstack/?cid=8&page=1"},{"name":"科幻","url":"https://www.twbook.cc/bookstack/?cid=10&page=1"},{"name":"校園","url":"https://www.twbook.cc/bookstack/?cid=13&page=1"},{"name":"軍事","url":"https://www.twbook.cc/bookstack/?cid=18&page=1"},{"name":"懸疑","url":"https://www.twbook.cc/bookstack/?cid=19&page=1"},{"name":"遊戲","url":"https://www.twbook.cc/bookstack/?cid=25&page=1"},{"name":"女頻","url":"https://www.twbook.cc/bookstack/?cid=42&page=1"},{"name":"同人","url":"https://www.twbook.cc/bookstack/?cid=43&page=1"}]
