[{"name":"最新小說","url":"http://www.yqxst.com/list.html"},{"name":"推薦小說","url":"http://www.yqxst.com/good.html"},{"name":"作家列表","url":"http://www.yqxst.com/writer/","more":true,"subs":[{"name":"A","url":"writer1.html"},{"name":"B","url":"writer2.html"},{"name":"C","url":"writer3.html"},{"name":"D","url":"writer4.html"},{"name":"E","url":"writer5.html"},{"name":"F","url":"writer6.html"},{"name":"G","url":"writer7.html"},{"name":"H","url":"writer8.html"},{"name":"I","url":"writer9.html"},{"name":"J","url":"writer10.html"},{"name":"K","url":"writer11.html"},{"name":"L","url":"writer12.html"},{"name":"M","url":"writer13.html"},{"name":"N","url":"writer14.html"},{"name":"O","url":"writer15.html"},{"name":"P","url":"writer16.html"},{"name":"Q","url":"writer17.html"},{"name":"R","url":"writer18.html"},{"name":"S","url":"writer19.html"},{"name":"T","url":"writer20.html"},{"name":"U","url":"writer21.html","nonovels":true},{"name":"V","url":"writer22.html","nonovels":true},{"name":"W","url":"writer23.html"},{"name":"X","url":"writer24.html"},{"name":"Y","url":"writer25.html"},{"name":"Z","url":"writer26.html"}]}]
