[{"name":"作家列表","url":"http://b.guidaye.com/writer/"},{"name":"恐怖小說","url":"http://b.guidaye.com/kongbu/"},{"name":"道士小說","url":"http://b.guidaye.com/daoshi/"},{"name":"盜墓小說","url":"http://b.guidaye.com/daomu/"},{"name":"言情小說","url":"http://b.guidaye.com/yanqing/"},{"name":"都市小說","url":"http://b.guidaye.com/dushi/"},{"name":"武俠小說","url":"http://b.guidaye.com/wuxia/"},{"name":"科幻小說","url":"http://b.guidaye.com/kehuan/"},{"name":"官場小說","url":"http://b.guidaye.com/guanchang/"},{"name":"古典文學","url":"http://b.guidaye.com/gudian/"},{"name":"網絡小說","url":"http://b.guidaye.com/wangluo/"},{"name":"外國小說","url":"http://b.guidaye.com/waiguo/"},{"name":"現代小說","url":"http://b.guidaye.com/xiandai/"},{"name":"兒童小說","url":"http://b.guidaye.com/ertong/"}]
