[{"name":"玄幻小說","url":"http://www.bokbao.com/category/1_1.html"},{"name":"修真仙俠","url":"http://www.bokbao.com/category/2_1.html"},{"name":"都市言情","url":"http://www.bokbao.com/category/3_1.html"},{"name":"穿越歷史","url":"http://www.bokbao.com/category/4_1.html"},{"name":"網遊小說","url":"http://www.bokbao.com/category/6_1.html"},{"name":"科幻小說","url":"http://www.bokbao.com/category/7_1.html"},{"name":"言情耽美","url":"http://www.bokbao.com/category/5_1.html"},{"name":"綜合其他","url":"http://www.bokbao.com/category/10_1.html"}]
