[{"name":"男生","url":"https://www.5gxsw.com/books/","more":true,"subs":[{"name":"玄幻修真","url":"xuanhuan_xiuzhen"},{"name":"都市異能","url":"dushi_yineng"},{"name":"武俠仙俠","url":"wuxia_xianxia"},{"name":"歷史軍事","url":"lishi_junshi"},{"name":"遊戲競技","url":"youxi_jingji"},{"name":"科幻空間","url":"kehuan_kongjian"},{"name":"其他","url":"qita"},{"name":"驚悚懸疑","url":"jingsong_xuanyi"}]},{"name":"女生","url":"https://www.5gxsw.com/books/","more":true,"subs":[{"name":"現代言情","url":"xiandaiyanqing"},{"name":"古代言情","url":"gudaiyanqing"},{"name":"總裁豪門","url":"zongcai_haomen"},{"name":"穿越架空","url":"chuanyue_jiakong"},{"name":"同人作品","url":"tongren"},{"name":"青春校園","url":"qingchunxiaoyuan"}]},{"name":"出版","url":"https://www.5gxsw.com/books/","more":true,"subs":[{"name":"小說","url":"xiaoshuo"},{"name":"社科","url":"sheke"},{"name":"經管","url":"jingguan"},{"name":"生活","url":"shenghuo"},{"name":"教育","url":"jiaoyu"},{"name":"童書","url":"tongshu"}]}]
